Id,ProductId,Score,Time,Summary,Text,HelpfulnessNumerator,HelpfulnessDenominator,ReviewDate,HelpfulnessRatio
183578,B000TMMWDC,1,1322956800,Pure Crap,"Monin did a good job of bait and switch.  No ingredients listed on Amazon.  No artificial ingredients listed on their website.  Lo and behold, the bottle arrived and on the label were both artificial flavor and colors.  Never again will I buy from this company. (They have since updated the list of ingredients on Amazon and their website.)",4,13,2011-12-04,0.3076923076923077
543366,B000V9VLOO,2,1334102400,Niether a ChickenStrip  nor a Chicken Jerky ( or Duck Jerky),"This product is more of a crumbly cookie.  My beagle ate it for a few days and then refused them.  I thought that his digestive system was a bit disrupted by this product, as well.  Of course, I cannot say for sure that these treats were the cause of his upset...perhaps my beagle can.  Anyhow, I will not be repeating this order.",0,0,2012-04-11,0.0
511651,B001EQ5DO2,5,1299801600,Good pistachios from USA,"Not too salty, not too many ""klinkers"" (bad ones), nice and fresh.  Clean pistachio taste.  What more can you ask for in a nut?",0,0,2011-03-11,0.0
128553,B007L3NVKU,4,1278892800,Good tasting and a great price,"This is a bold tasting coffee ( I drink it black) so if you like a French roast you will like this one, and the price is right.",2,3,2010-07-12,0.6666666666666666
176419,B000FDDESC,5,1319328000,We love this mix!,"This is our favorite of all the Hodgson's mixes.  I like to add poppyseeds to the mix, or dried onion, and extra herbs.  It's a delicious bread with our without additions.  It has a delicate flavor, which is great, because you don't always want an overpowering bread, but if you do you can easily add more ingredients to it.  I've never had a mix fail to rise.  I usually make this in my breadmaker, but I've also made it in to rolls in the oven.  This also makes a great focaccia base.  One of our favorite ways to augment this mix is to add tomato powder and garlic powder- and it smells like an Italian meal is cooking in our breadmaker.",0,0,2011-10-23,0.0
311241,B000HD3YDU,1,1207872000,Damaged Goods,"Most of the cans were received badly dented; one had to be thrown away unopened immediately.  Almost all of the can tops were covered in brown gunk and when I washed them saw that the metal is corroded or darkly rusted.  I bought this item several times in the past without any problems, but will not do it again after this experience.  Update:  Amazon.com sent a replacement order at no charge; most of the cans were dented, as in the original order, but no brown stuff on them.",0,1,2008-04-11,0.0
310054,B001EQ57TI,5,1282694400,Delicious!,"These porcini mushrooms are very good.  They add a great flavor and texture to omelets, soups, stews, and pasta sauces. They are particularly good with lentils.",5,5,2010-08-25,1.0
378539,B008FHUGNQ,5,1280966400,Awesome BOLD coffee,One of my top 2 favorites!!!!  Timothy's Midnight Magic is my Top Fav but this brew is a great BOLD smooth coffee!!!,1,1,2010-08-05,1.0
25073,B0081XIA1E,5,1338336000,Love it!,"My bull terrier loves this toy! He can igure this ""puzzle"" out very quick, but it occupys him long enough that I can get ready for work! I fill it with his dog food and a few treats!",0,0,2012-05-30,0.0
34475,B008FHUDW0,1,1295222400,Truly Disappointing. Product Changed. Not for the better!,"We have been buying Caribou Blend K-cups for a couple of years. It is a fine medium blend that we, and everyone that we have served it to, loves. We usually order it in larger quantities to try and save some money since we go through it fairly quickly. The last order we placed for 2 x 80 boxes was fulfilled with the K-cups with green color labels (the older labels were orange around the edges). The taste of this new k-cup can only be described as vile and has nothing to do with the former product. It is not drinkable. We have written to Caribou and have been waiting for a response, but nothing yet (I will update if I hear anything). DO NOT BUY this product if you have used the older product with he orange color on the label and liked it. You will not get the same thing and this coffee is truly terrible!<br /><br />Deserves 0 Stars...<br /><br />Update - a note from Caribou Corporate:<br /><br />Thank you for taking the time to contact us.<br /><br />We certainly apologize for any confusion. Recently the packaging for Caribou Blend K Cups did change. Previously the regular blend had an orange band and the decaf had a green band. The new labels the regular is a green band and the decaf is an orange band.<br /><br />The coffee itself has not changed, simply the label. There are two factors that might be involved in the change you taste. The change in taste is affected by the time that has lapsed between roasting the coffee beans and brewing them...freshness. Also, coffee is an agricultural crop that varies with weather and other environmental factors. Our Roastmasters put in a lot of time and attention to provide a consistency when roasting the coffee beans.<br /><br />We do apologize for any confusion and please let us know if there is anything else we can do for you.<br /><br />Sincerely,<br /><br />Linda<br /><br />Caribou Coffee Customer Relations<br /><br />The coffee is Dramatically different, but they will not admit to the change. Oh, well. Goodbye Caribou Coffee.",2,2,2011-01-17,1.0
501670,B0002HOG9M,5,1291593600,Smooth Coffee,"Barnies Blend is by far our favorite coffee. It is often requested by returning guests, It also makes a great gift!",0,0,2010-12-06,0.0
117651,B0002QEFIK,5,1277683200,Looking for Dessaux wine vinegar?,"For many years, I used Dessaux wine vinegar exclusively.  I am glad to say that Roland French Aged Red Wine Vinegar is a fine substitute and once again, I enjoy making my own salad dressing.  I was a bit anxious to order vinegar on line but the packaging was more than adequate - I was impressed.",1,1,2010-06-28,1.0
125981,B001VNO71S,4,1303948800,"Perfect for baking, but likely a long time supply","The good news is that this is a very high quality Korintje cinnamon which is great for baking (especially when you are too lazy for grate your own- which I often am).  The other good news, the price and quality are much better than the stuff at your supermarket.<br /><br />The bad news- the pack of three is quite a bit of cinnamon.  While not a lifetime supply, in normal use this should last a very long time.  Still, this spice has been perfect in my muffins and scones and I won't need more cinnamon anytime soon.  Recommended.",2,2,2011-04-28,1.0
380100,B000HY5A3Q,1,1321315200,big disappointment,"We were looking forward to our Jammie Dodgers, but from the first bite it was a big disappointment. I couldn't believe that these were the same cookies I remembered so fondly from our trips to visit our daughter in England. When I looked at the box, I found that they were 2 years past their sell by date! Don't waste your money on these bisquits! I thought Amazon would have more quality control.",1,3,2011-11-15,0.3333333333333333
285783,B00124VPX4,5,1326844800,Great Gum - Finally!,"This gum is clean and refreshing, not sugary and not filled with artificial chemical sweeteners.  It's almost impossible to find a gum like this anywhere.  Stores all carry gum with aspartame and BHT.  Very thankful for this product.",3,3,2012-01-18,1.0
232351,B001BCPDNK,4,1214352000,South African Secret.,"South Africans are as avid tea drinkers as the inhabitants of any other country (formerly) belonging to the British Commmonwealth - today, consumption averages about 10 billion cups per year - and tea was first grown in Durban Botanical Gardens in 1850 from plants imported from London's Kew Gardens (commercial production began in 1877, with seeds from Assam). Yet, production around the major tea center of Tzaneen in the Northern Province (formerly known as North-East Transvaal) as well as in the country's other tea growing locations has had an unstable history; staggering badly in the mid-twentieth century and although revived thereafter, available only domestically during apartheid. Only after apartheid ended, South African tea farmers were able to export their products. Hence, black tea from South Africa is still a fairly well-kept secret; although roughly 40% of the country's tea is now sold on the world market and it is already among the world's top 20 tea-producing nations.<br /><br />Harvested before the beginning of the winter cool, between October and April, a tea fairly well-known outside South Africa is that produced by the Ntingwe Estate located in a remote corner of the Kwazulu-Natal heartland. Established in 1987 and with over 200 permanent employees, 430 seasonal pickers as well as a program involving the cooperation of local farmers with the estate's on-site processing plant, Ntingwe is *the* single biggest employer and source of financial stability in a region otherwise plagued by record unemployment numbers (up to 60%), illiteracy and poverty. Lighter than other African (e.g. Kenyan) teas, Ntingwe tea has gained an excellent reputation in the short time since its introduction to the international market and makes for as great a breakfast tea as an afternoon refreshment or a pick-me-up throughout the day.",4,5,2008-06-25,0.8
327792,B001KEF8PM,5,1298419200,Organic Hempseed,"This is actually truly organic hempseed unlike other listings & brands where it just says pesticide free. There IS a difference between them. This is a really great product. Now if they can just consistently keep this option in stock, I can always order them.",1,1,2011-02-23,1.0
163139,B002C1URM6,3,1299542400,Not the best flavor of BFF,"My cat completely ignores this flavor. Instead of the normal slab of meat, like BFF's other flavors, this one is soupy, and apparently not very good. My cat looks at me like I'm crazy when I give it to her. I don't know if I got a bad batch. If someone has gotten this, and it wasn't soupy, please leave a comment.",0,1,2011-03-08,0.0
225800,B00193WZQE,5,1336348800,Great tasting snack,"this product is a great snack....It is not only good for you it is great tasting!!!  My grandson Jack is 2 and a half, he dose not like anything that is good for him... He eats them like crazy!!!!  The price is great for what you get....",0,0,2012-05-07,0.0
505251,B005LURG7O,1,1344816000,Rip off,This is way to much for this item.  I can buy 10 boxes at wal-mart for 10$.  Do not buy this online!  Much easier to buy in store.,1,1,2012-08-13,1.0
245871,B001E5E3EO,5,1240099200,Excellent Product,"I have been eating these cornflakes for years.  I find the taste just right - light but clearly corn.  I eat them with fruit, or fruit juice judiciously poured.  The flakes will get soggy in too much moisture, but I find the taste and lack of additives well worth it if I misjudge the amount of juice.  Any juicy fruit is perfect, or one could just eat these flakes by the handful!  Frankly, I won't eat any other cereal.",0,0,2009-04-19,0.0
498338,B0030VBPN2,4,1337644800,Love Happy Tot,I just love the happy tot baby food line. It stores so easily and I know I'm feeding my baby the food that is good for her. So far she really is enjoying the taste.,0,0,2012-05-22,0.0
324327,B000FA0VSG,5,1315267200,peidatric soy drink,Great product for my 18 month old preemie. She is Lactose intolerant at times will not eat enough of her meal. This drink gives her the calories needed plus all vitamins DHA plus Omega 3. This product does not cause constipation nor bloating nor gas issues.,0,0,2011-09-06,0.0
248656,B000E682NW,5,1248566400,Blueberry,"Blueberries.  I could eat blueberries all day.  I guess I need to move to Maine just so I'd be near all those blueberries.<br /><br />This blueberry-flavored tea is mouth-watering and quenching.  I put the bags in my water bottle, and the bottle goes in the freezer until ice shards begin to form.  Then I can drink it.  I even tried this blueberry tea with sparkling seltzer water, and it is really good.<br /><br />The rich blue packaging is also appetizing.",3,3,2009-07-26,1.0
376769,B00330KJF0,5,1269302400,Too expensive but very tasty,"I bought these at my local supermarket--and this is not a cheapy market--for $2.50 for a box of 5 pouches (10 crisps). The price I'm seeing here on this date (3-23-10, $22.80 for 20 pouches) is more than twice that price. The crisps are great, though, so if you don't care about price, by all means, buy them here.",5,5,2010-03-23,1.0
475891,B0000GG25G,5,1264204800,Awesomeness in a Jar,"I LOVE this salsa so much I came on Amazon to add it to my wishlist. I usually buy this salsa at Publix, but when i went there last week they were sold out and I was not happy. I guess next time I will buy two of them. I love Mexican food and lived in the southwest before so I know GREAT salsa. And for a jar salsa, this is very good, for a verde jar salsa, its the best I have had. It reminds me of the verde salsa I've had near the southwestern border except not as fresh, but it still doesn't have that nasty jar taste. I live far from Mexico now and it is very hard to find great salsa.",3,6,2010-01-23,0.5
456267,B003BJZMSM,4,1303516800,"Sweet and spicy, tangy BBQ taste","These came in the variety pack <a href=""http://www.amazon.com/gp/product/B003AZ2ECY"">Gourmet Basics Smart Fries 6-Flavor Variety Pak, 1-Ounce Bags (Pack of 24)</a>, and were among my favorite.  I must say that all the varieties are enjoyable.  However, the BBQ, honey mustard, and plain potato chips or fries stood out in front of the assortment.  This brand's packages are much fuller than others.  The chips or fries have a sweet and spicy, tangy BBQ flavor.  I say they have more of a Memphis than Carolina style BBQ taste.  I would say they will pair with almost any kind of hearty sandwich or make a filling snack.  Yummy!",1,1,2011-04-23,1.0
141852,B003GTR8IO,4,1291507200,"Good Coffee, Can't Taste the Vanilla","While there is no doubt that Starbucks Vanilla Fusions Brews a good cup of coffee, I wouldn't claim it's infused with Vanilla flavors. In fact, without additional vanilla creamer, I can't tell the difference between this bag and the ordinary cup of Joe. So if you're looking for the Vanilla flavor right out of the pot, this is not your bag.  But this coffee also claims to be natural and ethically grown, so it does give you something to feel a little better about, just have a little flavored creamer standing by.",0,0,2010-12-05,0.0
215629,B0001UK0C2,5,1348444800,Perfect for espresso machines,"The best light roast bean. It tastes better as a whole bean, ground just right and brewed with that perfect kick to start the morning right.",0,0,2012-09-24,0.0
385665,B000EPR1KI,5,1291852800,Love these!,These are my favorite ginger snaps & I was so pleased to be able to order these in bulk from Amazon.  I even got my first order from Amazon Warehouse so they were deeply discounted.  These are great with peanut butter.  Yum.  I also like to crush them up a little in my mortar & pestle & mix them into my granola.  They also make good cookie crumb pie crusts.  There are so many great uses for these including of course just eating them out of the bag.,1,1,2010-12-09,1.0
519950,B000YSTIL0,5,1221523200,A tasty snack for the health conscious,"I am a label reader - I count fat grams, carbs, proteins and grams of fiber vs. grams of sugar.  Most foods that advertise themselves as a ""healthy"" snack are not really all that good for you.  Often they are too high in calories or they use products that you just shouldn't eat.  This snack food, FoodShouldTasteGood Multigrain chips really is a good tasting, good for you snack.<br /><br />The ingredients are listed on this page and you can see that there are no hydrogenated oils, no high fructose corn syrup and no MSG.  They contain grains that are visible in the chip and a one ounce serving gives you 3 grams of fiber.  (The packaging doesn't specify if it is soluble or insoluble.)<br /><br />The chips are delicious.  They are thicker than what you would expect in a normal corn tortilla chip; more like a cracker in thickness but with the crunch of a chip.  The flavor is similar to a popular name brand corn chip (Fritos) only without the added fat.  I can see where some people say they have a stale taste - there is a grain that has a mild nutty flavor in the chip that you don't expect to taste in a corn chip.  I recommend the multigrain chip if you are hungry for a salty snack that won't blow your diet and that leaves all the unhealthy junk out.  I tried the Buffalo flavor this weekend and they have a very mild kick; much milder than I expected.  I still like them, but not as much as the plain.",7,7,2008-09-16,1.0
293723,B000052Y74,4,1199318400,all right by me !!!,"I have to start a course of chemotherapy; and my dentist recommended this gum to me to chew during the months I am on chemo. I am impressed with this gum because of its way of using natural enzyme protection to relieve dry mouth and protect your teeth from decay during cancer treatment.<br /><br />Oh yes, it's true--the gum loses it mild mint flavor pretty quickly--after just about a minute! However, if you want to protect your mouth during chemo, it certainly couldn't hurt to at least chew this gum some of the time. It beats getting cavities. At 44 I still have no cavities and I'm not about to start now!<br /><br />You do need to chew two pieces of this gum at the same time. One piece will be too small and you could accidentally swallow it, I suppose.<br /><br />The two pieces of gum have a total of five calories, so don't be concerned about that. It is sweetened with xylitol.<br /><br />Overall, this gum can save you from dry mouth and tooth decay during a course of cancer therapy such as chemo. It may work well if you need radiation therapy, too. It's not a fun type of bubble gum, (how I wish that it were) but it does what it sets out to do--protect your mouth from decay during a course of chemo treatment.<br /><br />Ask your dentist if you have any questions.",3,3,2008-01-03,1.0
454551,B002GWMB5C,4,1304985600,Nice Indian tea,"This (Nilgiri) is pretty good stuff. It brews up a nice rich brown and does not tend to get bitter during steeping. It seems to have a medium caffeine content for a black tea. It is similar to an Assam tea but maybe a little ""smoother"".<br />I will buy this tea again.",0,0,2011-05-10,0.0
158419,B0049YK1V6,5,1316995200,Good and Good For You!,"I received my first shipment of a monthly subscription order of the Whole Grain Hot Cereal.  These are absolutely wonderful!  When cooked, they have the consistency of grits, and well, they are! Whole grain grits (cereal)!  The cooking instructions call for salt to taste, but I also suggest a bit of butter or margarine.  Maybe some fresh fruit slices and you got a yummy breakfast!<br /><br />HIGHLY Recommended!  I'm keeping my monthly subscription for sure!",0,0,2011-09-26,0.0
527357,B001KWVJCU,2,1298764800,Ok,"This simmer sauce wasn't what I expected. I made Chicken Tikka Masala with this sauce for my roommates. It didn't thicken like I had expected and had more of a curry flavor than a tomato flavor. I used to order this dish from my local Indian eatery, and this just didn't compare. It wasn't awful but it wasn't what I was looking for and I won't order it again.",0,0,2011-02-27,0.0
339500,B00375LB9E,5,1297814400,AESTHETICALLY PLEASING~~~~SPRINKLES!,"Seriously, sprinkles are not just for eye pleasing aesthetics but for mouth pleasing texture.  This bag is great value compared to buying the smaller size shakers with different colors. I can use two of containers of  those colors on one batch of 24 cupcakes.  I just have to find a proper container to put the bag ones in so they are easy to shake out onto cupcakes, as that is what I use them for mostly. I'll check on amazon to see if I can find an appropriate shaker.  I may just buy a smaller one (about 10 oz) shaker and use and re-use that one.  My son and I like them also on ice cream, topped with ready whip canned cream. Gives pleasing texture to  ice cream. Yum!",0,1,2011-02-16,0.0
192534,B006GA666U,3,1233878400,Too strong for me!,"Interestingly, I do not disagree with the positive reviews -- this is a super strong coffee! Army coffee, as one reviewer said! Or, a slap in the face, as another one said! This is just too strong for me. I thought I liked strong coffee until I tasted this one. It made me realize I'm really a medium type of girl. I drink my coffee black and I had to water this one down to be able to drink it at all. I would have given only one star, b/c I don't like it personally, but gave it three b/c I recognize that what I hate about it is exactly what some will love about it! So, army coffee lovers, slap-in-the-face coffee lovers, this is for you! Medium guys and gals, not so much.",2,4,2009-02-06,0.5
374500,B00473R59K,2,1345420800,"Poor Packaging, Moldy Applesauce","When the package arrived, I opened it to find it was wet - one cup of applesauce had been punctured and leaked all over.  After a few weeks, I opened another cup and it was full of mold.",1,1,2012-08-20,1.0
61581,B001EO5R0Y,4,1168992000,About right...,"My experience so far with black organic teas is that they tend to be lighter in flavor that their non-organic counterparts although I can think of no good reason for this. Stash's Organic Ceylon is no exception - it has a good, but subtle flavor.<br /><br />The quality is good: the leaves are small tips and there is very little tea ""dust"" or stems in the bag.<br /><br />I have blended this 1:1 with Stash's Organic Assam for an easy drinking English-style tea.",6,7,2007-01-17,0.8571428571428571
473558,B004M8PNQM,5,1323907200,Sharon,"After trying the 32 oz bottle, I just knew I had to get the 12 oz for convenience of  Just the right amount to hit the gym for my way to start the day.  Love the juice, great flavor and to find that it is all natural is a real bonus !!",0,0,2011-12-15,0.0
131433,B000YDRP2Y,1,1319673600,The worst!,"Do not buy this soup!  I bought their lentil and vegetable at a county fair.  Bad decision!  The ""vegetable"" contains nothing but desiccated potatoes - no other vegetables!  The lentil taste is horrible. The soup is expensive so  money wasted.  I complained to this company and they could care less.",2,2,2011-10-27,1.0
419168,B002HFQXRU,3,1282953600,Prince of Peace Ginseng Tea,"I recently purchased this item and was not satisifed.  The picture depicts a box with 10 smaller boxes in it which is what I have received in the past for about the same price.  When I received my order, I had only received 2 boxes with 10 foil packs in it.  I rated the purchase and thought nothing else of it.  The company contacted me by phone and asked how they could make my experience better and after I explained that I was disappointed with the amt that I had received, they attempted to correct their error.  I still feel that the picture is misleading and should actually be changed to show the smaller box you actually receive with only the 10 envelopes showing.  I am more satisfied with the company's customer service than with the actual product and will probably order from them again in the future but not with that product.",1,2,2010-08-28,0.5
468614,B001EQ4MQW,5,1175212800,Sip and Savor,"This tea is absolutely splendid, either iced or hot.  It's the only<br /><br />drink that gets better as it sits.  Its ""zip"" actually increases.",3,3,2007-03-30,1.0
7021,B004K30HO2,3,1316476800,Good Start but Could Be Better.,These cups work for the most part except for the fact that all most all of them leak out the top of the cap. All seem to wick some leakage through the paper filter at the cap and cup joint and approximately 10-15% overflow and leak around the cup and down the sides providing some grounds with the coffee.,0,0,2011-09-20,0.0
307625,B007OXJJQ2,5,1300579200,"Love, love this coffee!","Partial to blueberry anyways, but this coffee fills the house with a wonderful smell and makes you want to drink more! I highly recommend this flavored coffee :-)Top it off with french vanilla creamer for a special treat!",0,0,2011-03-20,0.0
106836,B003185UA8,1,1340841600,OATMEAL and Lamb,"Lamb and rice formula was awesome, used it for years without any doggy digestive problems.  The photo and description on Amazon are wrong now though.  Amazon is currently shipping out the new OATMEAL and Lamb formula which my dog cannot eat because of digestive issues with oatmeal.",0,0,2012-06-28,0.0
405269,B005K4Q4LK,5,1324080000,Very Happy With This Item!,I was very happy with the taste of this cappuccino!  Unlike the coffee's which i find to be a little strong for my liking this item was perfect! With the coffee i always use the large cup option and add a ton of cream & sugar to make it where it isnt sooo strong.  But the cappuccino is good even in the small cup option! It taste very much like what you buy at a good convenient store from one of their cappuccino machines!  Looking forward to when this becomes available again so I can order more.  You will really want to order this 3 pack instead of a single pack!,1,1,2011-12-17,1.0
440823,B001VNEBAK,4,1338249600,Ground Pepper,"The delivery was pretty quick.  The 35,000 Hu ground pepper, of course, is pretty lively.  I am taking it to reduce colesteral -- it is supposed to be taken long-term before effects are shown.  Product and delivery are as advertised.",0,0,2012-05-29,0.0
299011,B000HPZM74,5,1319587200,Best Bones,My dog loves these bones and I couldn't find them anywhere!! Imagine my surprise when I googled them and found the I could get them thru Amazon!,1,1,2011-10-26,1.0
21143,B002QWP89S,4,1339459200,Good value and dogs like them!,"These do help to keep my dogs teeth clean and they are just the right size for my 7 lb chihuahua. Much, much better value on Amazon then your local pet supply warehouse.",0,0,2012-06-12,0.0
345395,B001GVIT6E,5,1259539200,wonderful coffee,"A friend once sent me a package of Jacobs coffee from Belgium and I fell in love with it.  It is a wonderful mild but rich coffee, not bitter like so many popular coffees.  I was thrilled to find it available on Amazon.  I have another friend who can purchase it at the army commisary and said I paid close to what she pays.  Good deal for the best coffee I have had.",0,0,2009-11-30,0.0
121420,B0051WA1H4,5,1339200000,Mushroom Popcorn,"I am a popcorn lover and this popcorn was amazing.  It pops up great, really tasty, and quite a conversation piece.",1,1,2012-06-09,1.0
27976,B00029LEEK,5,1129161600,d best!,"I've known this drink since a child, especially around Xmas time when this was d most sought after drink, u know it's Xmas when you were served this drink!  Yeah!!!  It's still the best -all year round.",6,7,2005-10-13,0.8571428571428571
177582,B004U49QU2,3,1312761600,Poor Cookies,"These should be amazing.  Really, just look at that picture!  A chocolate chip cookie that is chewy on the outside and full of creamy fudge.  Good glory, I could go into a happy coma just thinking about it.<br /><br />Unfortunately, they are not so good.  The fudgey middle is actually just a bigger chocolate chip, and the cookie is more crumbly and dry than chewy.  The taste is heavily dominated by all of that chocolate, and the chocolate, while not bad, is not good enough to stand on its own.<br /><br />Don't break your heart by buying these.  Just look at the picture and dream.  If you must, but the Chocofudge variety instead.  I have eaten both (nom nom *cry* nom nom) and the Megafudge surprisingly has less flavor.",0,0,2011-08-08,0.0
23305,B00514DPDY,5,1334880000,A great alternative for those with food sensitivities,"Rice Thins are crunchy and delicious wafers that go perfect with the filling of your choice for a great 'sandwich' alternative to bread. They are also very low in calories, too. Give them a try and you will find they become a staple in your kitchen.",0,0,2012-04-20,0.0
21503,B002QWP89S,5,1241654400,Good things!,My dog loves Greenies Treats and because they are good fo rher that makes them even better!,0,0,2009-05-07,0.0
368668,B005K4Q1W2,1,1321920000,Not a good K cup,"Worse K cup I have ever gotten..tasted horrible..had to stir it and it has a very strange taste. Comes out a very strange color, almost watery and light brown.  You can put this k cup over ice or have hot and I tried both ways. Both were terrible.",1,1,2011-11-22,1.0
318445,B000LKX4JI,5,1189641600,yummmmmy....that's me picking it out of my teeth...mmmmm,"This candy is the best ginger chew I have ever eaten. They are insanely addictive. In fact, I have loved everything I've gotten from the ginger people. If you know someone who loves ginger, buy this and spread the wealth! You'll eat them till your teeth stick together and you sit there with a silly grin on your face picking it out of your teeth!",1,1,2007-09-13,1.0
534757,B001BCOZ9S,5,1328313600,My Puppy loves it,""" Hadley "" My 12 week Australian Shepherd pup loves this!  She finnishes the bowl and acts like she wants more. Her stools are nicely firm and not too smelly. Plus she seems to have lots of energy to keep up with her big brother dog. This food contains fruit and veggies I can really see! It has a wonderful aroma too. I think it is important that corn is not the major ingredient like in many grocery store foods. I'm really glad this puppy food is on the subscribe and save plan because that will help. Thanks Amazon!",1,1,2012-02-04,1.0
380288,B0007NCNYG,5,1139443200,Better than Douwe Egberts,"This order came practically before I finished paying for it!  The coffee flavor is delicious, and the fact that it makes an 8 oz. cup rather than a 4 oz. is even better!  The pods are individually sealed in foil, which keeps them fresher.  Just a helpful hint, though...I wasted a couple of pods by putting it in the 'double pod' Senseo holder...it came out watery...thought there was something wrong with the coffee maker.  Then I put it in the 'single pod' holder, and it was perfect!",5,5,2006-02-09,1.0
444354,B0029NIO1S,5,1350086400,"Excellent product, exactly as advertised.","I have a basenji dog that is a bit ""picky"" and will not eat some dog foods (I have tried several of the ""premium"" and ""super-premium"" dog foods.<br /><br />He loves several of the Cesar Canine Cuisine foods and this is one of his favorites.  There is never any hesitation when I put his food down, he digs right in and consumes it almost instantly.<br /><br />There have been no GI upsets with this food - his stools are completely normal.  Traveling with him is easy with this food because it doesn't require refrigeration and no mixing - although I do give him dry food to ""snack on"" at will, he usually eats only a small amount of this and only when he has been very active.<br /><br />He gets two packages a day, one in the morning, one in the evening so a pack of 24 lasts 12 days.",0,0,2012-10-13,0.0
447109,B000JWIC72,5,1246060800,low carb mocha mix,"The product makes a delicious blended mocha.<br />Received product a few days after order.<br />Somewhat expensive, but worth it.",1,1,2009-06-27,1.0
290184,B00316USL6,4,1327968000,gamble paid off,"My daughter bought a green one of these from a candy store this summer.  She never got past the ears.  She wished there had been a red one because she was SURE she would like it better.  So, I decided to get her one for Christmas.  After reading the reviews, I was a little reluctant to spend $10 on something I thought would end up in the trash.  However, it was a big hit!  Does it taste like the small, high quality gummy bears? No, but, it did have a good texture and a decent taste.",1,1,2012-01-31,1.0
159873,B005VOONLW,5,1335744000,Light and tasty,"If you appreciate coffee with a social conscience and you want a delicious light blend, this is for you. The little pods are fine for making a 4 oz coffee but anything larger will be too pale for most people's taste. So, while the coffee is very good, you will likely need to use two of the bags to get your morning buzz. The packaging is an entertaining read that gives you snippets about the Marley family and the origin of the coffee. Plan on waking up to a lovely day while your supply lasts.",0,0,2012-04-30,0.0
268768,B004SRFYMK,5,1314835200,Love it!,"I was skeptical, hadn't found a flavored coconut water I liked. Well, I've become addicted to this one. I dig through the fridge looking for one when I'm out. Hate having to wait for the next delivery. No Prime shipping on subscribe & save. I feel deprived when it's just plain coconut water now. Try it!",0,0,2011-09-01,0.0
454745,B001XWRLRE,2,1320192000,Organically incorrect,"Considering the extra that one pays for organic products, this product did not deliver.  For one thing it did not pass my smell or taste tests.  Thyme is a fantastic herb, and I expected the organic to be even more robust than non-organic.  I understand that it is dried for packaging, but even so, I did not expect to have to ""struggle"" so much to extract it's aroma or develop its flavor profile in my dishes.  Non-chef that I am , I have been around the kitchen long enough to know what I am working with when it comes to my favorite herbs and spices.  This brand does not measure up.",3,4,2011-11-02,0.75
500066,B001CU0N4A,4,1304899200,Great Tasting and Satisfying!,"I've been looking into finding more high protein snacks with low carbs and calories and this snack fits the bill.  The only reason I gave it 4 stars instead of 5 is because of the high sodium content.  I'd really like to see a lower sodium version of these sticks, even if it's just removing 100mg of sodium would be great.<br /><br />But it tastes great, everyone in the family likes them.  I've tried the spicy pepper from a local store and loved it, but it would have been too spicy for the kids so I purchased the 2 boxes of terriyaki from Amazon.  I'll probably buy the spicy again and just horde it for myself while getting bbq as well so the kids can have those.",0,1,2011-05-09,0.0
221105,B0041CD2PS,5,1332892800,"Fast, satisfying, tasty.","My Southeast Asian colleague tells me this is the most authentic laksa she's ever had outside the region. The mix is flavorful without being chemical and artificial like many soup powders. Oh, and I had the opportunity to attend a Prima Taste cooking class in Singapore!! They are the real thing.",0,0,2012-03-28,0.0
420694,B000NP30V8,5,1330387200,Delicious!!!,"Delicious!!! I received a few of these in a sampler package from Keurig.com. Good strong coffee, No Bitter/Bad aftertaste, just smooth strong coffee! I will definitely be ordering some more of these k cups!",0,0,2012-02-28,0.0
212875,B0030VJ818,5,1297728000,Great packaging!,"This is the easiest and fastest way to get my son to eat his fruits and veggies.  He is 1 and can feed this to himself...great for on the go, in the car, etc.  He sucks it right down, no mess and eco friendly :)",1,1,2011-02-15,1.0
414011,B0026KPDG8,4,1285632000,pretty good snack,"I liked the popchips, specially the taste and low calorie fact.<br />Also the individial serve bags keeps them fresh and pack just what<br />you need need for a snack.",0,1,2010-09-28,0.0
330027,B002QWHJOU,5,1326153600,My dogs go crazy for these,"Heaven forbid that I should run out of these, so I usually order more than one box at the time. My dogs are small, so I always buy the LITE Teenie Greenies. My dogs love these so much they will do anything I ask them to do just to get one. They will come to me when I call them, no matter where they are, if they think they'll get a greenie reward. I give each one of my two little dogs a greenie everynight before their bedtime, and they know the routine so well till one of them runs to her bed and actually opens up her kennel door with her paws, then climbs in and waits for her greenie. I have never seen a dog yet who did not love greenies.  Even my almost toothless fourteen year old schnauzer loves her some greenies.",1,1,2012-01-10,1.0
545007,B001E5DRMI,5,1308268800,Single source tea-so great!,"This tea takes loose tea to a whole new level.  This is single source tea, like a varietal wine.  The tea is great, and even the packaging is very good.  It is a nice metal can with an inner metal sealing piece. Very good product for the money.",0,0,2011-06-17,0.0
81361,B00061KYD6,1,1345939200,"Nothing to scream about, Blan Tasting !!","Okay,<br /><br />I bought a case (4) Jars of this ""Kauffman Pennsylvania"" brand Pumpkin Butter.<br /><br />At first I thought I got a batch of rotten butter due to the 100 degree heat. Bitter Blan taste.<br /><br />Turns out that my 32 year daughter likes this product because It's low in Sugar compaired to the other brands.<br /><br />I find It very Bland, Almost like the canned Pumpkin that you buy to use to make Pumpkin Pies. I had to add Cinnimon to my Peanut Butter & Pumpkin Butter sandwich.<br /><br />No Cinnimon and clove flavor at all. (Bland) !!<br /><br />I myself love Trader Joe's brand. It Bursts in my mouth with Flavor !!<br /><br />I love Trader Joe's Pumpkin butter so much, I just bought a case of 24 Jars at $2.50 a jar. Normal price, Not Bulk price.<br /><br />I see others here on Amazon.com selling the Trader Joe's Pumpkin Butter for $14.50 a jar !!<br /><br />I'm no way affiliated with or nor am I an employee with Trader Joe's<br /><br />I just love Trader Joe's Pumpkin Butter, Love it !!",0,0,2012-08-26,0.0
408939,B000XSGMHO,3,1219622400,Better option than the name brand,"While these are a better alternative than the name brand, they are still quite high in sugar and calories.  A pack of 2 is 400 cals.",0,0,2008-08-25,0.0
393950,B000WVY4PE,5,1302652800,Natural Calm,This is an amazing product. I had bought it years ago and really liked the way it made me feel. I lost contact with this brand and found it again and am back on it and feel great.,2,2,2011-04-13,1.0
132421,B00394QWH4,1,1344988800,OMG YUCK!,"I do not even know where to start, horrible texture, grainy, sweet, no flavor...<br />Is there really chocolate in it? If i did not live so far from the store I would have<br />taken it back, did I say overpriced? I would not even try the other flavors, yuck!",1,2,2012-08-15,0.5
479406,B000AQJRWG,4,1169078400,Really Good Stuff,"The product arrived packaged well.  The noodles were cold, and after reading the cooking directions, we had great fun.",1,2,2007-01-18,0.5
415484,B0018CLGKW,5,1245715200,Great food for cats or kittens with sensitive stomachs or food allergies,"My 9 month old kitten has had trouble with diarrhea since we got him and it doesn't seem to have a medical cause, he either has a food allergy or just a sensitive stomach. We gradually switched him to this food about 3 weeks ago and have had good success with it. The diarrhea has stopped and he really seems to like this food. I did a slow switch, adding small amounts to the dry food he had been eating and eventually feeding him 100% Natural Balance. We're very happy with how well this food has worked for our cat and plan to keep him on it. The nutrition content is excellent and for a premium food, the price is quite reasonable. I'd rather pay for a quality food like this and have a healthy cat than buy a poor quality cheap food and end up spending more in vet bills. My kitten's coat is very shiny and soft, his weight is perfect and even my other cat, a very picky eater, likes this food. I like the limited ingredients in this formula which is great for cats that might have allergies or be sensitive to the ingredients in other foods. Overall, I'm thrilled I found this food and my kitty is too!",6,6,2009-06-23,1.0
171054,B0001W9QIY,5,1300665600,"WOW, is all I can say.","Opened this up today, and had it with rosemary and olive oil triscuits topped with brie cheese and this salsa ... It was beyond delicious.  Sweet and hot, what a combonation.",5,5,2011-03-21,1.0
511646,B001EQ5DO2,5,1322784000,Great!,"The pistachios are delicious, no difference between these and the more expensive brands - especially the small packages available at grocery store. These are the least expensive pistachios out there. Very few duds you can't open, perhaps 1%, if that.",0,0,2011-12-02,0.0
344121,B008J1HO4C,5,1307318400,"Delicious, nutritious and sooo good.","Homemakers on a tight budget, take note.<br />My little secrets for super, tasty and very economical breakfasts.<br />Take one egg, beat it well in a simple stainless bowl, thoroughly coat a portion (1 cup) of oatmeal. Using a large fry pan, with a little dab of earl, on medium to high heat, CONTINUOUSLY stir fry kernels until they are separate. Three to ten minutes, depending on the heat output of your stove.<br />To make it toothy, I add only a  tad over 3 cups of water. Ten minutes on the lowest heat (covered) and let it sit a few hours left to cool down. No point enriching the utility company and/or spoiling good food by making your fridge work past its capacity.<br />Important. Do not stir at all, period, basta, etc.<br />Having done so, creates a bit of a nice toothy textured meal.<br />Overnight in the icebox. Formula can be safely doubled for larger broods.<br />Garnish with maple syrup, honey, fruit etc. Use your imagination.<br />I generally stopped using white sugar almost 40 years ago. Although I am not an academic, and ain't gotten any degrees, empirically, it appears to me that white sugar avoidance does NOT kill you, it may even possibly be good for you. Use your good judgement and lead by example.<br />An exotic and excellent treat for children of all ages.<br />Heads and tails better than anything ""Quaker"".<br />BTW: This is the same way I prepare another of my favorite breakfast treats which should appeal to any good cook, namely , buckwheat (kasha).<br />A final comment, using Amazon auto reorder, this has to be one of the best and cheapest ways to provide a proper breakfast.<br />Enjoy and prosper.",6,7,2011-06-06,0.8571428571428571
52073,B0078DQ358,5,1350432000,VERY GOOD!,"These crackers remind me of regular ""gluten"" crackers. They are so good. A nice find since being gluten-free. The toasted onion flavor is really great.",0,0,2012-10-17,0.0
430789,B006Q7YG2O,3,1341619200,Some Do; Some Don't,"I have about 20 cats so gave this product a true test. Results: some like it very much; some didn't...so it probably depends upon when you give your cats this product...<br /><br />Striper was my first taste tester...she went after it right away...but left it shortly thereafter...In fact, most of the cats and kittens did... it was too big for them! When I broke it down for Striper, she ate it all...so did the kittens who even fought over it. But, again, grown cats sniffed and left it alone...<br /><br />Now I feed my cats both dry and canned food and they might be spoiled but given the size and mess of breaking them down into pieces, I wouldn't buy them again...that's my opinion...<br /><br />The cats, like I said could take it or leave it... Probably depends upon their regular diets, but this wasn't a treat in my opinion...",1,1,2012-07-07,1.0
371149,B0017ZC8XY,5,1255910400,Hot and Roll,As Joe riffs this sauce rocks. It's Hotter than I expected. Really good taste. Enhances meets and chiken!,2,2,2009-10-19,1.0
182527,B008RWUKXK,5,1320883200,"Tastes good! Perhaps a little high in fat, though it's mostly from seeds & nuts.","Overall, I found this granola quite appealing. Seemed like more granola than clusters, or maybe the clusters all just settled to the bottom of the pouch? ;)<br /><br />Flavor's good. Quite crunchy. I like the fact it's got largely healthy-ish stuff in it. Oats, seeds, etc. Seem to recall it has a little of your typical vegetable oil. Not entirely sure why that's necessary, plenty of fats in the seeds & such. I'd kind of rather just have dextrose-based sugar for binding w/o the added fat in the oil or whatnot. I assume there's a way. But regardless, overall I thought it was quite nice. I'd give it a good thumbs up. Good for snacking on the go, or probably as topping for yogurt or ice cream. I suppose you could eat it like cereal, though you'd only get a couple bowls out of it. Maybe 2-3?",0,1,2011-11-10,0.0
378987,B005ZBZLPI,5,1347494400,French Roast Coffee,It took me 20 years to find out French Roast was my coffee.Most coffees have no taste. If you add to much coffee it gets bitter like Starbucks. San Francisco coffee taste great in the Keurig 1 cup and it is priced right. I will buy more. I also use The French Roast regular from Costco.,0,0,2012-09-13,0.0
409230,B000H299AS,5,1293494400,My friends love these things-- and there are a lot of them!!,"These are great tea biscuits. I was shocked at how many 24 really looked like once they arrived! They've lasted a long time, my friends love them and they are lower in fat. Great deal for the amount!",0,0,2010-12-28,0.0
365108,B000KFSJ08,5,1309392000,My Favorite,I really enjoy eating this natural stone ground mustard.  It is my favorite and have trouble finding it in our area.  I mainly use it on my sandwiches be they beef or ham.  Really good!,1,1,2011-06-30,1.0
137972,B000K8PO26,5,1222819200,Great Start to the Day!,"This is the best way to start your day! I eat it right out of the bag.  It has great flavor and all the ingredients are natural and good for you.  I usually keep open bags refigerated and store unopened bags in the freezer. Compared to other granolas, it is not too sweet! It fills me up and satisfies me!  After losing quite a bit of weight, it seems to be helping me keep my weight where I want it to be, and still be able to enjoy some great peanut butter taste.  You can't beat the price, and free shipping, compared to what I have found elsewhere.",1,1,2008-10-01,1.0
445340,B000T8TEZU,1,1332374400,Yech!,"Walden Farms seems to be a really hit-or-miss company. Some of their products are downright DELICIOUS (see: their pancake syrup) but some are absolutely disgusting (see: this product). I wouldn't recommend this to anyone looking to simulate caramel taste, texture, or flavor--in fact I wouldn't recommend it to ANYONE, at all, unless you like the taste of chemicals. This stuff made me sick to my stomach after ingesting only a tiny amount. Go with the syrup instead!",2,2,2012-03-22,1.0
66113,B0007A0AQW,5,1337817600,Love this product!,My dog simply loves this mini naturals! I use them mainly to train with and it is super easy because my dog wants them so bad he'll do whatever I tell him!,1,1,2012-05-24,1.0
138013,B000H226N0,5,1322438400,"Pappy's Sassafras tea from Amazon, tastes wonderful.","Got the Pappy's Sassafras tea in short amount of time, it tastes wonderful, I'm very happy with the tea and the handling.",0,0,2011-11-28,0.0
396998,B001EO6D4S,5,1298505600,Kansas City Steak Seasoning,I bought some really nice steaks to cook on the grill for a dinner party. I realized I was short a steak and ran to the grocery store and got a cheaper cut. The Kansas City Steak Seasoning was really delicous. You couldn't even tell the difference in the cuts of steak. Great flavor!,0,0,2011-02-24,0.0
434275,B003Z6ZGZU,3,1320105600,so-so coffee,"It's a nice fall change but it's not exactly what I was looking for!  It smells better than it tastes that's for sure!  It is not ""bad"" like some of those flavored blends that have a chemical taste this one is natural tasting it's just not the ""best"" pumpkin spice I've ever tasted!",0,1,2011-11-01,0.0
251668,B000T3KTJA,5,1245024000,Tazo Chai Latte for less than Starbucks,"<a href=""http://www.amazon.com/gp/product/B000T3KTJA"">Tazo Chai Latte Concentrate</a><br />Although this isn't the same product they use at Starbucks (same manufacturer but the actual product they use at Starbucks isn't available to the public), it is a decent replacement. To get the full flavor of a Starbucks Chai Tea Latte, I have to use this at 50% mix/50% milk. Since there is no Starbucks within 30 miles of my location, this is a good replacement.",2,2,2009-06-15,1.0
178364,B00073IVAQ,2,1285718400,Nasty tea debris everywhere!,"When I opened this alot of the tea sacks were broken and the tea emptied out and spilled everywhere. I steeped some inside my cup and noticed that all sorts of the tea leaves had come out (I even took a picture and posted it under customer pics) and when I sipped my drink, tea leave crumbs got inside my mouth! I havent noticed any effect from the tea though but I have only used it for a few days so maybe it takes awhile. However, if they'd be able to keep the sacks closed that would help alot!",1,1,2010-09-29,1.0
318524,B000NGP8UI,5,1348876800,Great Afternoon Pick-Me-Up,"I love Rockstar energy drink.  Even though it has hardly any calories, it does not taste like it is artificially sweetened.  It gives me a nice afternoon pick-me-up and I love the fruity taste.  The drink is augmented with ginseng, guarana, B vitamins, and other good stuff.  While it's probably not the healthiest drink on the market, I love the taste.  I'm one of those people who can't drink water and need to find other sources for hydration especially since I live in Florida where it's very hot.  Rockstar and Blackberry Ice are my drinks of choice.",1,1,2012-09-29,1.0
533496,B000CQBZV0,5,1242432000,Stashi Tea,"All the Stashi products I have purchased are exceptionally good.  We<br />drink a lot of green and black teas, and have never had a bad Stashi<br />product.  I would recommend any of their teas for purchase.  You<br />won't go wrong.",0,0,2009-05-16,0.0
150732,B000O7Z71G,5,1198540800,I love this chai latte if I use 2 tea T-Discs for every 1 latte T-Disc,"I think the Twinings Chai Latte is excellent -- the mixture of teas and spices is very tasty and full-bodied, with just the right hint of sweetness, if I use 2 of the tea T-Discs mixed with just 1 latte T-Disc.  For me, just 1 tea T-Disc combined with 1 latte T-Disc is just not flavorful enough, while 2 makes for the perfect Chai Latte.",0,0,2007-12-25,0.0
419922,B000F4J74G,5,1162166400,Tea anytime,Twinings Decaf tea is a refreshing cup of tea at anytime of the day.,1,3,2006-10-30,0.3333333333333333
394001,B000WVY4PE,5,1351036800,Natural Vitality Natural Calm,"This product delivers all it claims, helps to relax your mind and muscles for a good nights sleep. I would have been purchasing this before now if I had known about it. With all the medications for sleep on the market it was nice to find a natural non-pharmaceutical, non-addictive calming sleep aid.",0,0,2012-10-24,0.0
27298,B0047DU15A,5,1330560000,Tic Tac Variety Pack,"Perfect bunch of Tic Tacs. They were as advertised and promised. Sent them to my Dad of whom suffers from dry mouth. This was the perfect remedy. I love the number offered as my Dad is wheel chair bound and can't just get up and go shopping to purchase his own. We live clear across the country from one another so, because of this seller I was able to stock my Dad up for a spell. I was very pleased.",1,1,2012-03-01,1.0
299052,B000JZYM8C,5,1178496000,These are AWESOME.,"Insanely delicious.  Texture and taste are phenomenal, they are incredibly satisfying (and don't leave you feeling mildly nauseous like actual junk food) and the ingredients are just marvelous.  Mmmm mmm.",7,7,2007-05-07,1.0
387599,B00271NNLI,2,1348012800,Weak coffee :(,"I bought these when Amazon ran out of the Senseo pods; the coffee comes out rather weak. They work a little better if you use 2 at a time, but that defeats the cost effectiveness of buying these, and you can't really triple-up for a taller cup. Also, they are individually wrapped, which I guess is better for ""fresher"" tasting coffee, but we drink so much coffee it just seems like a waste of packaging.",0,0,2012-09-19,0.0
538849,B000281PIG,1,1238803200,oh my god,"People must be fool to buy this when you can get the same thing at the asian market, chinese food stores or indian stores for only one dollar, are they seller the jar or the tamarin. be careful.",4,8,2009-04-04,0.5
393722,B005QRPH3M,4,1324425600,Great treat,"*I let my sister try them with her dog, 'cause she always complains about his breath. ;)<br /><br />(she says):<br />My dog found them really palatable and though I don't think I used them long enough to notice a difference in his breath or with his teeth - a dental chew is no good if the dog wont eat it.",0,0,2011-12-21,0.0
535889,B003VXHGDM,5,1318550400,Delicious,"Delicious coffee, good medium blend.  Its hard to find something that isnt too weak or too bold with K-cups, but this flavor was perfect.  Will buy again.",0,0,2011-10-14,0.0
133486,B00474HL8E,5,1333238400,Great Broth,"I was so happy to find this product.  The broth is not a heavy, tomato based broth like most vegetable broths, so it does not overpower the other flavors in your recipe.  This broth has become a staple in my pantry for all of my recipes.",0,0,2012-04-01,0.0
538302,B0061IUIDY,4,1336953600,"Smooth & Subtle Taste, But Caffeine Content is High","Higgins & Burke's Earl Gray tea is mild but soothing. I've noticed that this company produces very subtle, mild tasting teas and I've sampled their Green Tea, which also has a light, clean taste. This Earl Gray is a little bland - certainly not as strong as the Mighty Leaf or Tazo, and it's easy to assume that the tea must not be very strong. Was I wrong! I drank two cups just before bedtime, and stayed awake almost all night! I usually have a cup of Lipton black tea before bed, and the caffeine content in it must be very low compared to Higgins & Burke. Needless to say, I won't have any more of this Earl Gray so close to bedtime.",0,0,2012-05-14,0.0
549320,B004728MI4,1,1294272000,Kettle Chips Make Great Mouse Food,"After waiting a ridiculous amount of time for my case of 15 5oz bags to arrive, upon opening the box noticed that every bag had been chewed open by a mouse.  Don't know if it is still in the box, but it is outside on the porch.  When my son gets home, I'm going to have pictures taken and email to Amazon.  The outside Amazon box was intact, so it had to be either from the Kettle Chips people or the Amazon warehouse, don't know which.  I will never buy these again from Amazon.  I cannot tell you how disgusted I am with this purchase.  It makes me sick to think about it!<br /><br />I included pictures at the top of the page.  Poor little mousie must have high cholesterol now.<br /><br />Update:  I forgot to mention that I offered to email the above pictures of the mouse damage to Amazon but was told they didn't want them.",7,9,2011-01-06,0.7777777777777778
565345,B001EO5U3I,4,1175731200,Good deal!,Great price for a great product.  Now we have enough oatmeal for several months.,1,3,2007-04-05,0.3333333333333333
322335,B0042RIOPK,4,1330473600,A good little nugget,"Fact: your dog loves cheese.<br />Fact: your dog probably shouldn't eat as much cheese as he would like to.<br />Fact: you would like your dog to do absurdly adorable things on command, but there's gotta be something in it for him.<br />Result: buy a cheese treat that won't result in your dog weighing more than you do!<br /><br />These are high-quality on the ingredients/flavor side, and they don't crumble easily while still being chewy.  They're bigger than some other training treats, so I break them in half for medium/small breeds.  I do this with my thumbnail, which is not too hard to do (though it does result in my thumb being licked to death on occasion).<br /><br />With dogs who are fans of cheese (of which there are many), this often proves an acceptable substitute.  The strong smokey cheddar aroma really gets them going.  You can tell there's real cheese in here.  A few dogs prefer real meat, and don't get as excited about these.  It's all about knowing your dog and his tastes.  If you find pieces of cheddar or colby cheese go over really big with your canine, then these will be a big hit during training sessions.  If chicken and jerky is more how he rolls, these may not excite him as much.<br /><br />Buying 2 bags at once, while a bargain, is a big gamble.  My advice is to take a piece of real human cheese to your dog (a smallish one) and see what he does.  These treats truly are analogous to cheese.",0,0,2012-02-29,0.0
125518,B0016JKXGU,4,1343952000,not too bad,"I am a coffee drinker and have been one for many many years.  For the past couple of years I've been trying to shift to drinking tea.  Mainly because it's supposed to boot metabolism and has antioxidants.  That been said, this tea is pretty good.  It's a very mild tea compared to the Pu-erh teas which I think are stronger.  So if your looking for a very mild tea this one is worth checking out.  Keep in mind that you will be buying 500 tea bags at this price.",0,0,2012-08-03,0.0
21221,B002QWP89S,4,1328918400,Small dog loves these.  They don't last long.,"I have a 12 pound, 18 month old couton.  He would rate these as 5 stars.<br /><br />The problem is, he finishes these off in 5 minutes.<br /><br />This makes it an expensive dog biscuit, rather than a dental chew toy.",0,0,2012-02-11,0.0
361546,B005A1LFAI,5,1329782400,"Yummy! Light, sweet, delicious","Both my husband and I love this stuff!  It doesn't last the 3 months I thought it would, so now getting an order about once a month. 1 oz of this is 3 Weight Watcher's points, so when I feel like I need a sweet, it's more than one mouthful, it's a whole handful. I am sure I would LOVE the other varieties, but probably more points, so will stick with this for now...if my husband doesn't eat it all.",0,0,2012-02-21,0.0
51585,B004HOLD92,5,1334016000,A Lime flavored spicey Nut,"Lime and Chili seemed a strange combination but the Lime Flavor is natural, not sweet, just tart enough to bring out the chili spice to create a great tasting nut treat to snack on.  Almonds are a great, fun snack and having one that has a Lime Tart Flavor is absolutely Fabulous.  Even better is that Amazon delivers three full one pound packages for less than the price this item normally retails for in Stores, IF you can even get it in your favorite store.",1,1,2012-04-10,1.0
41504,B00141QYSQ,5,1246147200,yummy & healthy,"my dogs love the sweet potato chew! agreed that it isnt very chewy, but it occupies them for a little which is nice. i have two little shih tzu's and they usually eat them in 5ish minutes. my dogs love the taste and i love that its healthy.",2,3,2009-06-28,0.6666666666666666
542316,B000KENKZ8,5,1293580800,Great alternative for those on grain free diet,"I am pleased with this product as a substitute for all grains.  I am on the Specific Carbohydrate Diet to treat my celiac's disease, so I'm happy to find any substitute I can use for grain flours that will give me something to satisfy my need for something bready.  I like to experiment in the kitchen and I have made a flour using navy beans that I cook, dehydrate, and grind into a flour which I mix with coconut flour and almond flour to make a banana bread that I can cut into squares and put in the freezer for a snack when I need to satisfy my cravings.  This is a lot of work, but worth it for my health issues.<br /><br />I use egg white powder from Waltonfeed.com in place of regular eggs so that the end product of what I am baking doesn't taste too egg-y, which is a common complaint of using coconut flour.<br /><br />Because of coconut flour's high fat content, I try to lower the fat of my recipes using the bean flour and egg whites.  This also increases the protein and fiber.  BTW, the coconut flour is very high in fiber.<br /><br />Coconut flour has turned out to be a great ingredient for this celiac who is prone to blood sugar issues too.  Whatever you are baking with coconut flour will become higher in fiber and lower in glycemic index.  So far, I am very happy with it.<br /><br />You can't expect it to be a cup for cup substitute for any grain flour.  Have faith in yourself to experiment with it and make up some of your own recipes.<br /><br />Another tip:  I don't use oil in my recipes but add applesauce, mashed bananas, and blended dates to add moisture.  I also don't need to add sweeteners when I use the mashed fruits in my breads, except for a couple tablespoons of honey.<br /><br />I haven't tried this as a substitute ingredient to making yeast bread, just quick breads and crackers, but I'm just looking for something to satisfy the bready craving, so I'm very happy with the results.<br /><br />This is great for those with blood sugar issues and celiac's!",17,17,2010-12-29,1.0
12856,B001EQ5LT4,5,1312848000,Virginia's Very Best Jumbo Water-Blanched Salted Peanut,"Royal Oak is the very best at this moment.  There are a dozen other brands that I have tried and, speaking as a former Virginian, this one is at the summit.  They are so large, so crunchy, and so tasty that you will insist on EATING THEM ONE AT A TIME.  The Royal Oak container is still a 40-ounce can, which was once the industry standard.  Many competitors have slipped to 36 ounces or even 32.  Be careful when you select others.  You may not be buying the number of peanuts you expected.  Don't accept any peanuts that were canned over six months ago, as they could be stale.  I am not connected with this company in any way, other than as a customer.",8,8,2011-08-09,1.0
139074,B0041CIR62,4,1329868800,"Good vermicelli, but cooking instructions are incorrect","My wife made a traditional dish using these brown rice vermicelli, and it turned out quite good. Noodle strands were separate (not mushy) and taste wasn't any different from regular rice vermicelli.<br /><br />My wife mentioned that if the vermicelli was cooked exactly as instructed on the package, noodles would come out too dry and hard. She said sha had to add some (about half a cup) more water during the preparation of the dish. That made the noodles soft enough, but still not mushy.<br /><br />I recommend this product considering the health benefit of brown rice and the taste.",0,1,2012-02-22,0.0
224338,B004IJFZ54,5,1188950400,Yum!!,"This was another great find on Amazon Grocery!! They are very tasty, crunchy little cookies.  My family has really enjoyed these, they have a great mild chocolate taste and quite the crunch.  Most of the animal crackers/cookies that I've purchased for my family have become dismembered sometime before my children get them out of the package, these are mostly whole and you can really tell what the critter is before you pop it in your mouth ... Extra fun snack time for the little ones.  All in all, the box of cookies is well worth the price and I feel good about packing healthier snacks in my children's backpacks for school.",9,11,2007-09-05,0.8181818181818182
413241,B006U1XCAI,5,1328745600,Gumballs,"The product was fresh, colorful, AND sugarless. The sender evidently shipped the package immediately...it arrived a quick three days later :-)",1,1,2012-02-09,1.0
140434,B0000DJ7U0,3,1163030400,average portions,I could not see much difference in these and the grocery store filets.  Good flavor though.  I expected larger pieces from Omaha.,4,5,2006-11-09,0.8
46176,B004M8FXNA,3,1338940800,"big crema, mild flavor","I was expecting a coffee like this to have a some flavor, but it is incredibly weak and tastes like gas station coffee with crema. As a coffee drinker, I don't tend to be someone that drinks really bold coffee (e.g. starbucks bold), but this is just TOO weak for me even.<br /><br />Won't buy again.",0,0,2012-06-06,0.0
419770,B0029ZAOW8,5,1326931200,Gooood Stuff!,"My brother (who's in the Air Force) loves this stuff, and eventually I got into it as well. I just sent him a 12 pack  as a gift to keep him going during his daily 12 hour shifts.<br /><br />If you have never tried regular 5 hour, I would try that first (especially half a bottle to see how it effects you). Then, if you feel like it's just so-so, try one of these extra strength ones and you might see a significant improvement. Energy products affect us all in different ways, and 5-Hour Extra is packed full with high amounts of B-complex and energy concentrated mixture (Gaurana, Taurine, Caffeine, Ginseng, etc.). I've read doctor's reviews of energy supplements like these, and as long as you aren't chugging down more than the recommended amount (2 bottles a day max), they are perfectly fine. Make sure you talk to a MD if you have high blood pressure, or have medications that might interact with a highly caffeinated shot such as these.<br /><br />I recommend putting these in the refrigerator and drinking them in the morning, or an hour before working out.",4,5,2012-01-19,0.8
239189,B005EV2EJA,5,1331424000,Big Fan of Himalayan Salt,"I read about Himalayan salt at Mercola.com and thought it sounded interesting. I love it. It has a unique flavor, goes well with everything and is good for you.",4,4,2012-03-11,1.0
521553,B000LKUTN2,5,1331078400,"Delicious, and easy to digest","This quinoa pasta is a good approximation of whole-wheat pasta in terms of flavor and texture.  It holds sauces very well, and it's extremely easy to digest.",0,0,2012-03-07,0.0
264532,B000GQT3F6,5,1252713600,Elderly Care Feeding,"This item, The Feeding Assistant, although a bit pricey does an excellent job for feeding an elderly resident of ours that has trouble opening her mouth and eating. Naturally, the food is pureed. This is an asset for our care home that has more than paid for itself in time for caregivers to feed a resident. I recommend the Feeding Assistant for care homes with residents having eating issues. Dennis Craft, Manager, Trinity Homes of Scottsdale",0,0,2009-09-12,0.0
536658,B0002LDAHC,5,1301184000,An unexpectedly good coffee!,"I have never been to New Orleans and had no idea if this coffee would be any good; past experience has proved that 'coffee in a can' was almost always bad (but usually cheap). I like chicory though, and once read that Henry Miller enjoyed coffee and chicory together.<br /><br />This was an impulse buy. I saw this in the Asian food isle of the Food4Less store here in Portland, Or. for only 5 or 6 dollars. So if you have that store or an Asian market in your area, check there first. It'll be way cheaper, and plus, no shipping cost!<br /><br />It's delicious just black, not bitter at all, but great as well as with milk or cream.",0,0,2011-03-27,0.0
545891,B00511MJO8,3,1328486400,The bitter and the sweet,"PROS:<br />Added sweetness without the added carbs<br />No effects on insulin levels<br />Safe for diabetics<br />Handy 1 g packages<br />0 calories<br />Organic<br /><br />CONS:<br />Sweet, but with a different overall taste than sugar<br />Bitter aftertaste is not completely eliminated<br />The bitter aftertaste is accentuated by the amount of product used--the more you add, the more you get the aftertaste<br />Fine grained, non-sugar like powder<br />Expensive<br /><br />OTHER NOTES:<br />Packaged for sweetening beverages, not for baking (not bulked up enough to be used on its own)<br />A single package is supposed to be equal to '2 tsp of sugar,' but this really depends on your own individual taste<br /><br />Trying to decrease the amount of empty carbs in my diet, I purchased Wholesome Organic Stevia from another vendor.  I have never really been a fan of stevia before, but I have used Wholesome Sweeteners' products before and after reading the written-on-the-box statement that they had developed the 'Best Tasting Stevia in the World,'  I decided to give stevia one more try.  I can't say that this product blew me away or has made me love stevia, but as stevia products go this one ain't bad.  It compares fairly with other stevia brands that I have used in the past. I found that it made a reasonable sweetener for coffee and tea, so long as I was careful not to use too much.  (Use too much and that well-known, bitter aftertaste really shoots through.)<br /><br />Stevia is an all natural sweetener that is promoted as a substitute for table sugar (sucrose).  There are any number of brands and different forms in which stevia is sold.  Popular formulations of stevia include highly concentrated liquid extracts and powdered forms, such as the stevia sold here.  Stevia is often mixed with other substances to bulk it up and to help hide stevia's well known bitter aftertaste.  In the case of the Wholesome Sweeteners product, the stevia is mixed with organic agave inulin and silica.<br /><br />In its natural form stevia leaves are something like 30 to 45 times the sweetness of table sugar, but the purified forms of stevia can be up to 250 to 300 times sweeter than sugar.  Commercial stevia is usually an extract from the Stevia rebaudiana plant, and, in this light, the Wholesome Sweeteners product is no exception.  The difference in commercial compounds is usually not the source of the stevia but rather the final purity/composition of the extract and how the stevia is extracted.  According to what I have read, the sweetness of the stevia is mostly derived from something called rebaudioside A, the major component 'steviol glycoside' that lends the sweetest taste to stevia with the least amount of bitter aftertaste.<br /><br />Companies may argue about the proper way to derive and purify their stevia extracts, but the major deciders,of course, are your own taste buds.  Let me just warn you:  do NOT attempt to taste test this (or any) stevia directly out of the package.  If you apply stevia directly to your tongue, you will be overwhelmed by the initial sweetness of the stevia and then majorly turned off by the awful, bitter aftertaste.  Stevia needs to be mixed into a larger volume (such as an 8 or 12 ounce cup of coffee) before it is sampled.<br /><br />When mixed into a cup of coffee, the Wholesome Sweeteners brand compared favorably to other brands of stevia that I have used.  The sweetness was certainly there, but is not exactly the same as table sugar.  For me, stevia has a more cotton-candy like sweetness that you may or my not prefer and for some odd reason it seemed more pronounced in the back rather than the front of my mouth (I don't have a good explanation for this, but for some reason it seems so).  I am okay with this kind of sweetness, but I prefer xylitol and erythritol(<a href=""http://www.amazon.com/gp/product/B004X71550"">Swerve Sweetener, 16oz [1lb</a>]), which have a taste that is more similar to table sugar.  I didn't notice much of a bitter taste at first (1/2 packet in 8 ounces), but at higher concentrations (a whole packet in 8 ounces) the bitterness was definitely there.  Although it wasn't pronounced, it was disturbing enough to make drinking the coffee a less pleasant experience.  Xylitol and erythritol do exhibit a 'cooling effect' at higher concentrations that may disturb some people, but on the whole have a cleaner, more sucrose-like flavor--they taste more like sugar than the stevia does.<br /><br />On the whole, the taste was palatable at lower concentrations.  Since I'm not the kind of guy that likes to suck coffee directly through the sugar cube, this was okay for me.  But I will warn you that if you are someone who likes their coffee very sweet and you try this with stevia, you will definitely be disappointed by that bitter aftertaste.<br /><br />If you are into artificial sweeteners (we're talking taste here, not other issues), this stevia is definitely better than saccharine.  I've never really liked the taste of saccharine very much and saccharine has a much more pronounced bitter aftertaste.  In comparison to Splenda (sucralose), the stevia is probably a dead heat.  On taste alone, I'd describe Splenda's sweet taste as more similar to sugar, but I've always found the aftertaste of Splenda to be a big turn off.  At low concentrations, I'd prefer Wholesome Sweeteners' stevia, but at higher levels of sweetness, I'd prefer splenda.  Once again, on taste alone, I'd have to give a real edge to Equal (aspartame).  Equal's sweetness isn't completely sucrose-like, but it is closer to a more pure sweetness than stevia.  Equal also has a less pronounced aftertaste.<br /><br />That being said, the artificial sweeteners have their own baggage and plenty of folks avoid them.  In the natural realm of things, I prefer erythritol.  It is less sweet than sugar, but tastes more like sugar.  Erythritol also has fewer GI side effects and is lower in calories than xylitol (xylitol has 40% fewer calories than table sugar).<br /><br />Please note, that this stevia is not meant to replace sugar in baking.  Unless it is packaged with filler, it isn't bulky enough nor does it have enough sugar-like physical qualities to be a baking substitute. However, you can buy formulations of stevia that are bulked up with fillers or other sweeteners (inulin, erythritol, etc.) so that it can be used for baking.  As noted above, however, stevia has a distinct taste that may or may not work with your baked goods.<br /><br />On the whole, this isn't a bad way to go if you like the taste of stevia.  It is a reasonable choice if you like its unique, sweet taste.  For me, it tasted far better than the artificial sweeteners, saccharine and Splenda.  At lower concentrations, I found it to be a pleasant sweetener for coffee and tea and it's always nice to have another, natural sweetener to choose from.  However, I'm not ready to jump on the stevia bandwagon yet: I'll certainly finish off my box of stevia, but after that I'll be going back to my erythritol...",13,14,2012-02-06,0.9285714285714286
275404,B005VOONI0,1,1349568000,I really wanted to like this but..,"Given the name and the talent behind it, I was convinced this would be awesome. Even the description had me sold however it just didn't live up to the hype.<br /><br />Since I didn't have a pod brewer, I originally tried brewing this coffee in a standard coffee maker which came out super weak even though I used 3 pods. Then I tried squeezing each of the pods into my coffee cup which made it a tad better but still weak. I drank this coffee black which I rarely do but any creamer would have just ruined it.<br /><br />I also tried brewing it like a tea which just didn't work at all. Eventually I found a pod machine and it was weak just using one pod. After using about 7 pods to try out this coffee and get a desired result, I just gave up. I couldn't get the desired quality and as for taste, it's equivalent to something you'll find in McDonalds. I didn't get a hint of anything else.",0,0,2012-10-07,0.0
485709,B001RVFERK,1,1289692800,My Pop Chips were rancid,I have ordered my Pop Chips from Amazon for months. The last boxful was nasty. My whole family agreed and we threw them out. They tasted old and rancid. I wrote this to Amazon and never heard a word back about it. I just cancelled my regular delivery.,4,7,2010-11-14,0.5714285714285714
99718,B000HJRGQU,5,1185667200,greeeaattt!!!,This rice selection is delicious!  We have enjoyed all four varieties and the containers are easy to store and use.,2,2,2007-07-29,1.0
527973,B001E5E416,5,1262908800,give 5 star for great aroma,"Although I bought this one several months ago, I haven't used it. But it smells really good..",0,3,2010-01-08,0.0
513355,B004HOLD60,5,1305417600,Fresh & Tasty,Too good to last. Next thing I know it's all gone.  Everyone in the family loved it. You can't go wrong with Blue Diamond.,0,0,2011-05-15,0.0
546072,B001M0746K,5,1316995200,Don't believe the 1 star reviews!,"This has been one of my favorite flavors of Kool-Aid for as long as it has been around. Not available in any store locally, I gladly pay the slightly higher price to buy it from Amazon.com . We mix two packets of this Kool-Aid with 30 packets of Splenda in a 1 gallon pitcher. The folks who gave it one star and had such negative things to say about it? I guess taste is a subjective thing...",0,0,2011-09-26,0.0
493976,B004BWNCU8,5,1314835200,great coffee!!,This coffee tastes really great!  It is my favorite / along with the Italian roast.  The only downside is that it generally is more expensive than other Tullys coffees,0,0,2011-09-01,0.0
435676,B000HDI5O8,5,1298332800,Great deal!,I was so happy to see this deal. I recently have been using alot of pumpkin. I was so excited to see an organic product that I could actually afford! I look forward to using it in many recipies.,1,1,2011-02-22,1.0
37351,B003CK2BQG,5,1306627200,too good to be heathy,This Green Chai Tea is very good--how can it be healthy and seem like a treat at the same time?,1,1,2011-05-29,1.0
187779,B004UBZBMW,5,1326153600,Very good value for money.,"I bought this item when it was out of stock.  It was only a few days before it was in stock again, and Amazon shipped it immediately.  When I received it, I noticed that it was pretty heavy duty and well constructed.  Comes straight out of the box with drawers ready to go.  A definite value for your money!  Fits great on the counter top with room for up to 5 regular mugs on top.",0,0,2012-01-10,0.0
311180,B003CK0WLM,5,1337472000,I love this tea!,"I have been using Stash teas for years but this is the first organic tea I have tried. The only thing that I can say that is different, other than the fantastic pure taste, is that it takes a little longer to brew it. Which tells me that it is about as natural as you can get! A 5 star rating is not good enough for this tea, but it is the highest I could give it here. *smile*",0,0,2012-05-20,0.0
45503,B0041NYV8E,2,1338163200,Just OK!,"I was expecting a lot more from this product. However, there was very little flavor and the little flavor it had tasted fake. I have had many ginger team's and ginger based drinks and just about every single one has been better than this one. Pass on this one unless you like drinks with very little flavor.",0,0,2012-05-28,0.0
544324,B000AAIAH0,2,1319241600,not so everlasting,"my german shepherd went thru this in less than 20 mins. I was very disappointed. Everlasting must be a good tasting treat, or perhaps a smaller dog could make it last longer? who knows for sure.  So, although I personally didn't taste this, my german shepherd plowed thru in record time.",0,0,2011-10-22,0.0
123052,B000EGZ2R6,2,1339891200,All but 2 cans in the case were severely damaged,"I purchase most of my dog food from Amazon and, until this shipment, have been very satisfied. When I opened this shipment, all but two cans were severely dented -several cans were dented in multiple places. Even the inside cans were damaged. So this does not appear to be an issue with the case being damaged during shipment.  Had to inspect each can for bulges or small openings, as I was concerned about contamination of the food. A lesser, but still frustrating, issue than risk of contamination is the difficulty I have trying to scrape all of the food out of each can (due to the depth and large number of dents in the cans). It is simply unacceptable that this case was shipped to me in such horrible condition. Looks like its time to start picking up this dog food myself at the local pet supply store. At least then I can be sure that the cans are not damaged.",1,1,2012-06-17,1.0
513485,B004HOLD60,5,1342742400,Bangin' Almonds,First tried these at my work vending started buying them everyday $1.25 per 2ozs. (WOW)  Went o Amazon and saw I could get them cheaper so I order 6 bags took them on vacation with me my family loved them all of them wanted to know where to buy them they are just diffrent and that little warm bang surprise is good.  Will contiue to but these.  Good flavor and good price for the larger bag!,0,0,2012-07-20,0.0
45076,B0029NTQ1K,5,1329350400,ADDICTION,I can't even touch bag without my cats coming running out of hiding for this treat!!  Even my shy one cannot resist!!,0,0,2012-02-16,0.0
215228,B000F9XB8O,5,1312329600,Ridiculously delicious,"Ah, yes, Chicken in a Biskit.<br /><br />That's right, folks. Chicken. IN. A. BISKIT. Need I even say more?<br /><br />Look, I grew up on these babies. Every single bite filled me with enough joy to fill the world's oceans three times over.<br /><br />In short, scrumptious, appetizing, tantalizing, succulent, mouthwatering, delectable, delightful, palatable, divine, pleasurable, gratifying, enjoyable, and quite frankly, ridiculously delicious.<br /><br />Fact.",1,1,2011-08-03,1.0
312054,B000EVG8HY,4,1295913600,Great Pretzel and Gluten Free,"My son is Gluten free and Casein Dairy free and he loves these pretzels. I tried them and they taste good. Light and crisp, salty. I liked tham better than regular old fashion style pretzels.",2,2,2011-01-25,1.0
447386,B0026LQW4Y,5,1323734400,Very good snack,They are so good. I love pickles and they really do taste like them.<br />I will buy more for sure,1,1,2011-12-13,1.0
19527,B000084ETV,4,1344556800,good product,"I like this dog's food for my dog, it's high quality and not too expensive.  I have to say though that the bag came all ragged and opened.",0,0,2012-08-10,0.0
106841,B003185UA8,5,1325376000,Perfect for Dogs with Food Allergies,I have two yellow labs - one of which has severe food allergies (ear infections).  I have been using Wellness products since both were puppies and specifically the Wellness Simple brand since I discovered the allergies.  My female lab used to have persistant ear infections but since I started using the Simple line of dog food - the problems have disappeared.  I rotate between the duck and lamb flavors and she seems quite happy.  Never tried the salmon flavor.  I also treat both dogs with the Wellness biscuits (peanut/honey is their favorite).  Quality dog food well worth the cost!  My female lab is almost 7 now and the male is 5.  Both love the food and are very healthy.  Thanks Wellness!,0,0,2012-01-01,0.0
436360,B000XE90FY,5,1314144000,My dog loves these!,"We usually buy the small ones for our corgi, but he ends up finishing it all within 5-10 minutes. With the medium one, it actually lasts him days and he'll usually only eat a 1/4-1/2 of it in a day. Well worth it! I was skeptical with the 4 pack compared to the 20pack of the small ones, but these actually last longer.",0,0,2011-08-24,0.0
188832,B001E0TBA0,3,1287446400,Not Sure It Calms,It's hard to say if this product has had any kind of calming affect.<br /><br />It's not hard to say if this product affects your bathroom experience.  It does!  Be careful how much you take.,4,5,2010-10-19,0.8
232128,B001EO6CRG,5,1299110400,10% Kona is another favorite of mine,"I Love my Keurig, and have tried many flavors of K Cups...10% Kona is by far is another one of my favorites, and getting them through Amazon is quick and priced great!!",0,0,2011-03-03,0.0
407390,B005XB4UP2,5,1320969600,Starbucks rocks!,"I have waited for the Starbuck's K-cups.  Finally, they're here!  I've only tried the Breakfast Blend and it rocks!  If you want a stronger brew then use the middle brew button but I find that the larger cup (3rd button on the B-60 and B-70) to work for me.  I'll try the others in the near future.  I've been drinking Gloria Jean's Capuccino (middle brew button) and Coffee Barista's Columbian.  They are excellent!  I like a strong cup of Joe but not bitter and these 3 are great!  You pay a little more for the Starbuck-s K-cups however, I feel it's worth it.  I'll pay just about any price for a ""GOOD"" cup of Joe.  People, stop your whining and enjoy your coffee -",6,6,2011-11-11,1.0
338922,B0000BYSQ0,5,1335225600,track spikes,"Legal for all sanctioned events, these 1/4 inch pyramid spikes are of good, uniform quality. Best for track, they not optimal for some field events such as high jump. Great price. More than enough to get through 4 years of track duty.",0,0,2012-04-24,0.0
390917,B000P54HVS,4,1276732800,Delish,organic..tasty and true chocolate taste. I would never go back to buying the store name brand- fake toaster thingies. These are the real deal and taste good too. Great value based on organic ingredients and flavor- as well as how many you get per order. Twelve per shipment.,0,0,2010-06-17,0.0
104434,B000YSRK7E,4,1219968000,Tastes the way it looks.,"The actual product is exactly what it is described as - a hybrid of a chip and a cracker.  Some pieces tasted more like a cracker and others more like a tortilla chip - either way it was pretty good but I think the saltier pieces were better tasting.  It took a few pieces to get used to the taste and texture since it's really not quite like any other snack I've had.  The pieces are very thin and light like a tortilla chip, but they're also textured and grainy like a cracker.<br /><br />After the first 4 or 5 chips I decided I did like the taste and texture and easily munched down the rest of the bag.  The bag is a small 1 oz of 140 calories and seems to have as many chips as one of those 100-Calorie packs.  This would be a refined alternative to Baked Lays.",2,2,2008-08-29,1.0
467082,B002PSQ9PA,5,1311206400,tiny tin but loads of healthy green tea and flavor!,"There is no argument as to the numerous health benefits of drinking green tea.  In fact, it's actually used in cancer centers as it's been proven to actually fight some types of cancer and prevent free radicals in addition to also being shown as a metabolism booster in study after study. That alone makes it a find!<br /><br />The best type of green tea with the most benefits is, of course, matcha...regardless of what brand you buy.<br /><br />Although I found the size to be small as there is also a bag inside the tiny tin, a little goes a long way and I've used it to make everything from green tea biscotti to green tea smoothies.",9,9,2011-07-21,1.0
547049,B0031R5WPC,3,1306800000,Smells great--tastes awful,"A chalk like taste to it, not very strong either. The aroma is fantastic though, i put the coffee pot in my room in the morning and used it as my alarm clock--waking up to the smell of french toast every morning for two weeks was amazing.",0,0,2011-05-31,0.0
500428,B003QNLUTI,5,1345420800,Best way to buy 5 Hour Energy!,"I start my day with a 5 Hour Energy, so having it arrive each month on a subscription is the best way to save money!  I order 3 boxes in my subscription and save consistently over store prices.",0,0,2012-08-20,0.0
514545,B000CQ6KTM,5,1209254400,my fave!,"best mac and cheese ever!  seriously delicious.  perfect in every way, and good for you!!!",1,3,2008-04-27,0.3333333333333333
371925,B0009YYKQM,5,1307491200,Perfect for my dogs!,"I have purchased this item twice, once for myself and once for a family member.  Both times I received the product exactly as described.  It has a belt clip, a keychain clip, an external zipper pocket, and a large treat pouch with a drawstring.  The keychain clip is a big tight and snapped after a few uses, but the belt clip is very sturdy and the whole item is remarkably chew-proof.  I have labradors who love nothing more than to gnaw on anything that smells like food!<br /><br />I have attached a ""Bags on Board Bone Dispenser"" and a clip to hold used poop bags.  Now when I walk my dogs, I only have to grab one thing as we leave the house.  I clip it to my waist band and it holds my keys, treats, poop bags, and a way to carry them and still hold two leashes.<br /><br />I highly recommend this item.",0,0,2011-06-08,0.0
115731,B000216TSE,5,1226188800,Gluten Free Tortillas,"Gluten-Free Flour Tortillas<br />MAKES 6-8 TORTILLAS<br /><br />1 cup white rice flour<br />1/3 cup potato starch<br />1/3 cup tapioca flour<br />1/3 cup fava bean flour<br />2 tsps xanthan gum<br />1 tsp baking powder<br />1/2 tsp sugar<br />1 1/4 tsp salt<br />2 TBs vegetable or other shortening<br />3/4 to 1 cup warm water<br /><br />Combine all of the dry ingredients, then cut in or work in the shortening using a pastry blender or two knives or your hand.<br />Add the warm water, starting with 3/4 cup and mix well.<br />Continue to add water until a soft, cohesive dough is formed.<br />Heat a comal, tapa or griddle to medium heat. Then, form a ball of dough into a flattened disk, cupping the outside edges a bit to form a round.<br />Using a bollilo or rolling pin, roll into a round disk about 1/8 inch thick and about 8 inches in diameter or to your preference.<br />Bake one at a time on a hot griddle until the surface bubbles. Turn only once, the first side should have brown flecks.<br />Bake until the second side has slightly browned - should brown in a very short time.<br />Keep warm in a tortilla keeper or wrapped in a cloth until served.<br />Note: Will freeze in a sealed plastic bag for up to three months.<br /><br />Reprinted courtesy of The Jane Boutel Cooking School, Alberquerque, New Mexico.",11,11,2008-11-09,1.0
178892,B002MO765O,5,1348272000,Comparable to Nevella Sucralose to Go,"I've been using Nevella Sucralose to Go ($3 at Wal-Mart vs $6.66 + shipping here), but with Sucralose to Go one ""squeeze"" equals 1 teaspoon, where with EZ-Sweetz, one DROP equals 1 Tablespoon.<br /><br />Having now tried EZ-Sweetz, the conversion chart definitely seems to hold true. While it takes 4-5 long squeezes of Sucralose to Go to sweeten a 12-ounce glass of iced tea or a mug of coffee, about 4 drops of EZ-Sweetz provide the same sweetness.  So the 2oz bottle of EZ-Sweetz should provide about 4 times as many servings as the 1.68 oz bottle of Sucralose to Go.<br /><br />Doing the math, even if this lasts about 4 times as long as Sucralose to Go, as long as I only buy Sucralose to Go at Wal-Mart, EZ-Sweetz through Amazon costs SLIGHTLY more.<br /><br />Also there's no aftertaste, it just sweetens your drinks without the Maltodextrin you get with Splenda.",0,0,2012-09-22,0.0
529172,B0015GOCQG,5,1326844800,I LOVE IT!!,"Big Red used to be my all time favorite gum.  But, when I found out the aspartame was causing some negative side effects, I had to leave it, and any other product containing aspartame, alone.  I have searched several of the different gums in the store only to find they all contain aspartame.  So, I haven't had a good chewing gum in years...until now.  I received my order today and my oh my is it good!  Of all the things to get excited about, I'm excited about being able to chew gum with no side effects.  I gave up sugar about 10 days ago, so the Splenda Sweetener is more than welcome.  I taste no difference in the gum, maybe because I haven't had any in a long time.  And, there's a nice long lasting flavor!  It's just good!",4,4,2012-01-18,1.0
263210,B001BOXBHI,5,1316908800,Wellness is great,"I give my three Shih Tzu's Wellness treats and they love them.  I love them as they are a fully nutritious treat.  Each piece is small and easily broken in half  when I want to simply ""reward"" the dogs for something they have done. Larger dogs would certainly want a larger ""cookie"" but for training treats, these would work well for any size dog.  I keep a variety of flavors around and when I ask if anyone wants a cookie, they all come running!",0,0,2011-09-25,0.0
394465,B003Q4TPAI,1,1309046400,Difficult to drink,"I know this is totally a personal taste thing, but I simply cannot stand this stuff. The flavour of the spices and tea is extremely weak, I can barely make anything out past a very vague bit of tea taste. And to boot, it's disgustingly sweet (and I have a sweet tooth: I like pops, fruit juices, etc.). The drink leaves a terrible thick sensation in my mouth and an aftertaste that doesn't soon go away, and becomes difficult to even swallow after a few sips. The feeling in my mouth and throat after consuming a glass of it was not a good one in any way.<br /><br />I prepared it to instructions and included exactly the suggested amount of milk, and I tried again with the same result. It's not user error.",2,7,2011-06-26,0.2857142857142857
186415,B002LN1ME2,5,1347408000,"Love it! - helps my stress and anxiety, sleep, and blood pressure","I'm so glad my doctor told me about this stuff.  I was having high blood pressure, anxiety attacks, just stressed out.  Also losing my hair but I haven't been taking it long enough to tell if that will help with this problem.  But, I'm not on blood pressure meds anymore, and I just feel calm, just as it is called.  Work has, and still is, very stressful, but this stuff helps me get through the day without the need to go home and have a glass of wine, or something stronger, every day.  It does not make me sleepy (I was afraid of that happening at work), but it does help me sleep better through the night.  I'm now hoping that this, in addition to some other things I'm taking, will help with my hair loss.",2,2,2012-09-12,1.0
408054,B002BCFHTY,5,1334275200,Good Cocoa!,"My wife absolutely adores this cocoa. Very easy to make, just hot water which for her is a plus.<br />She prefers this over Ghiradelli.",0,0,2012-04-13,0.0
480992,B000CQ4D1Y,2,1246147200,Too expensive,"This product is too expensive on amazon. At our local Hannifords market we can get 6 boxes separately cheaper than Amazon.<br /><br />Hannifords sells this product for 2.37 each, times 6 and that's $14.22 almost $2.00 cheaper. Why spend the extra $2.00, plus shipping with amazon?",1,5,2009-06-28,0.2
487542,B001EQ51CQ,5,1253923200,coffee,"I have tried several times to get a good coconut flavored coffee with little success. But this Boyer's did the trick,great coffee with a good amount of coconut flavor. Highly recommend.",3,3,2009-09-26,1.0
461435,B00292BMN6,4,1276646400,"A ""Must Have"" for our dogs","Our dogs need to chew.  We feel comfortable with this product because there are no little pieces breaking off as possible chocking or digestive hazards. The dogs love it and could work on it for hours, but we set a time limit and save the treat for another day.  That way it lasts for quite awhile.  We prefer the ones that are wheat free. Most dog treats contain wheat which our dogs can't have so that's another plus. The biggest problem is fitting the treat into the ball, but if that were easy it would also be easy for the dogs to get it out! This product is safe and fun.",0,1,2010-06-16,0.0
114456,B000OCTI2K,5,1339372800,Mustard Extrodinaire,"Cherith Valley Red Rasberry Wasabi Mustard is our favorite  condiment on any<br />culinary snack, sandwich, meats, etc..  Three of us (and Friends)<br />have consumed 18 jars in the last two years.<br /><br />Should keep it on hand year round.",0,0,2012-06-11,0.0
383891,B0030VJ8PE,5,1303862400,My baby loves it!,"This flavor is great, I love the fact it has veggies and fruit together. I gave this flavor to my 6 month old baby and he loved it. If you have problem with this blend being to runny I solved it by using Boon spoon or Plum organics boon spoons for pouches which made it breeze to feed the baby.<br />My son loves all the other flavors he tried as well ( pear; pear & peas & broccoli; apples & cherry; banana & blueberries & beats ), he did not like sweet potato & apricot flavor, it was too tart and sour for him, but I contacted Happy Baby customer service and the next batch should have more sweet potato to help with the sour taste, but if you can buy just one pack and try it you might have a baby that likes it either way.<br />Most of all I love the packaging, it is perfect since we travel a lot and it is so much lighter then glass jars and easier to pack as well.",0,0,2011-04-27,0.0
473214,B008FHUKE6,2,1253577600,If you like grounds in your coffee,"then buy Gloria Jean's Hazelnut K-Cups.  Of the pack of 50 that came in the case, about 20 of them ""leaked"" grounds into the coffee.  Was only able to identify it before drinking if I put the cream in my mug first.  Otherwise, in black coffee we got our ""bonus"" unexpectedly.  Never again.",2,3,2009-09-22,0.6666666666666666
474435,B007OXJKCK,5,1308787200,the best k-cup,"Caribou's Mahogany is my favorite k-cup coffee.  It's got a great, rich taste.  It's dark, but not bitter.",3,3,2011-06-23,1.0
96848,B003WK0D8O,5,1346976000,Best Catfood,"My cat is picky.  He also gets an upset stomach over other varieties of cat food.  However, Science diet adult optimal works best.  It was used at the shelter we bought him and he loves it and this big bag, as long as it is put in a Gallon sized tupperware type container is about half price of any pet food store.",1,1,2012-09-07,1.0
161422,B002BB2E5U,5,1300579200,Smaller version of the Plum purees.,I know this says it's for toddlers but our toddler was eating these well before his 12mo birthday. The MishMash is essentially just a slightly more textured puree for slightly older kids. The smaller size of these (3.17oz vs the 4+oz ones) make them a great on-the-go snack or squeeze half of this into a plain yogurt or oatmeal for a little extra taste. Our kid loves these...can't recommend Plum products highly enough. He also gets to feed himself which is perfect since he think he's Mr. Independent.,0,0,2011-03-20,0.0
71306,B007RTR9E2,3,1348704000,Lotion or Conditioner?,"I used this conditioner along with the matching shampoo<a href=""http://www.amazon.com/gp/product/B007RTR9FQ"">CLEAR SCALP & HAIR BEAUTY Ultra Shea Cleanse & Nourish Shampoo, 12.9 Fluid Ounce</a>for a 2-week period in order to give it time to ""work"". It is a light conditioner (feels more like lotion), and leaves my hair feeling heavy and drab. I am giving it 3 stars because I think it has potential of working on a different kind of hair (I have very fine, straight hair), and it has a non-offensive scent.",1,1,2012-09-27,1.0
369659,B001CDVCD8,2,1289865600,Check your market first,Simple: bought based on description and illustration. I thought I was buying something unique or hard to locate. Received a box of Domino Superfine Sugar at an unusually high price.  The product I received is much cheaper at the supermarket if you really need it.,1,1,2010-11-16,1.0
231484,B0000BXJIU,5,1145577600,Cats run right to you when you shake this bag,"I picked up a bag of these treats at our neighborhood market.  My cats think this is the best stuff on earth.  My little darlings have not enjoyed anything as much as they appear to love these.  The only problem with these treats is that the cats love them so much they sometimes get in little squabbles as each one tries to reach my hand before anyone else can get to the treat.<br /><br />If you want to feed you felines an organic diet, and you want them to eat what you give them this is a great product.  My husband continues to threaten to try one since they are all organic, and a nice mix of food that people would eat.<br /><br />I highly recommend this for anyone with pampered felines.  Mine give these three paws up.",5,5,2006-04-21,1.0
158821,B002MAWZX6,5,1332892800,Yum!,"These brownies are more like a muffin in texture, but the flavor is great! Hard to believe something so low fat and high in vitamins can taste this good!",0,0,2012-03-28,0.0
319712,B000FNEX8C,5,1242950400,Great product and fast shipping,Great cookies if you are a celiac.  best cookies I have found in a long time.  You must try them!,0,0,2009-05-22,0.0
137711,B000CQE3HS,1,1178928000,All Fat,"<a href=""http://www.amazon.com/gp/product/B000CQID1K"">Slim Jim Giant, Mild Spicy Smoked Snacks, 0.97-Ounce Box (Pack of 24)</a><br /><br />They were very disappointing. Thought we were purchasing pepperoni, but they taste more like lard on a stick. Disgusting!",2,7,2007-05-12,0.2857142857142857
103634,B000IMLJ46,4,1174262400,"Mmmmm . . . . tiny pops, big flavor",At first I was a little disappointed in the overall size of the popped corn--small compared to the typical yellow variety I'm used to--but the flavor was excellent.  Almost every kernel popped(save for one or two per 1 qt. (popped) serving)!  I love this variety of popcorn and am SO glad to find it at a good price and availability.,5,5,2007-03-19,1.0
566514,B0001XIZKI,5,1301875200,Wonderful stuff,Great rice.  It's too bad I can't find it in stores any more.  So glad that Amazon carries it.  Almost time to stock up again!,1,1,2011-04-04,1.0
462705,B0075JTH7Q,5,1340150400,The best I have used.,"I was first introduced to Cytomax during a half-marathon in Nashville, Tennessee. I was impressed then by its performance and I continue to be 18 months later. Great product.",0,0,2012-06-20,0.0
482015,B000ED7MR2,5,1153872000,Best in baking,"They are good in cereal (Bob's Red Mill Muesli for instance) but are best in baking. I put half a cup or a cup in Hodgson Mill Whole Wheat Gingerbread Mix and the result is outstanding. Try the dates, fig pieces and dried apple pieces (all from Bob's) in the gingerbread too. Absolutely wonderful and it keeps for days.<br /><br />For snacking, whole pitted dates are much tastier.",6,6,2006-07-26,1.0
258777,B006N08SPA,5,1291593600,I really like this tea!,"I have been using the Keurig machine for five years now and have drank hot tea for decades (would not consider myself an expert). I bought some twinings tea in Epcot and really enjoyed it. When I found twinings tea K-cups on Amazon, I bought it. I really like the k-cup convenience and I believe twining is superior to most other available k-cup teas.",0,0,2010-12-06,0.0
480179,B0013KYXAO,1,1335830400,You might like it if you like Mountain Dew or Red Bull,"I just bought the mix off the shelf without reading what it was a ""substitute"" for. It tastes sort of like Mountain Dew crossed with the tartness of Red Bull. Two of my least favorite soft drinks. If you like those two, you might like this.",0,3,2012-05-01,0.0
18927,B000F4H5FE,5,1235779200,Best green tea for the price!,I have purchased some of the most expensive green tea's while in Japan.  This rival's all of them at a MUCH more affordable price.,4,5,2009-02-28,0.8
388012,B007RTR8UM,4,1348704000,It Is A Good Conditioner - Recommended,"This CLEAR ""SCALP & HAIR BEAUTY Volumizing Root Boost Nourishing Conditioner"" works well and has pleasant, but not overpowering, scent. The we use the conditioner in conjunction with CLEAR shampoo and it does add volume to our hair.<br /><br />The conditioner is a hit with three out of four of my family members, with my son saying it leaves his very long hair feeling too slick but everyone else liking it enough to keep using it.<br /><br />Mostly Recommended (you might have to try it to see if it is right for you).<br /><br />CFH",0,0,2012-09-27,0.0
567522,B000FAIR46,5,1342137600,Excellent Bulk Olives,"I was left speechless when I tasted these olives.  They are beyond delicious!  The Byzantine Country Olive Mix, 5 pounds, is one of the most fabulous food finds on amazon!  The olives were whole, firm, not too oily, not too salty, and so fresh.  They are airpacked in a thick plastic bag, and there are about 6 or 7 different kinds of olives from small dark purple to green and everything in between.  The liquid was clear with no added pieces of peppers or stems or extra bits of herbs.  I filled 4 Glad containers with the olives adding a little sea salt and water.  As we eat these olives, I pour off the liquid and give them a quick rinse.  I have heard of adding oil and vinegar but these olives are super without add-ins.  The price is fantastic especially if you subscribe and save.  I am tired of buying rubbery olives in jars at the store or wondering about the cleanliness and safety of the olive bar.  It's a life changing experience to have a big stash of olives in the fridge just waiting for me to enjoy them.  I'm so glad to find this quality item!  And they arrived in 2 days!  SECOND ORDER AS PERFECT AS THE FIRST !!  This time I bought some cans of green olives on amazon.com and added them with their liquid to the Byzantine Olives.  This cut down on the work of making my own sea salt water for storing in containers.  And it stretches the olives too.",0,0,2012-07-13,0.0
25112,B0081XIA1E,4,1289174400,Affordable Fun for your Dog!,"I have a golden retriever as well as a pembroke welsh corgi. They love their food and tend to inhale it. But they are also very smart and tend to get board. I bought the Star Spinner as well as the paw print shaped toy by this same company and they had a blast from the moment I filled it and set it on the floor! I love that the toys are plastic. So they are much easier to clean (just spray and rinse in the sink, or wipe out with a clorox wipe). Particularly since my corgi prefers soft/moist treats as compared to my dry kibble loving golden. I bought this for roughly $20 at my local canine specialty store, which is far more affordable than the ""name brand"" products. And since I worry about the bacterial growth on the far more expensive wooden models, the easy to clean and disinfect plastic one has been perfect for us. Safety Note: as with ANY dog toy, please supervise your dog while using. Their ""drive"" will be increased while playing with the toy, and with the paw print model with the removable cups, don't let your dog chew on the cups, but redirect him to the treat inside the dish after he pulls out the cup. My golden retriever loves it so much that I now use it to give him his kibble every day! Which is much safer as the bigger dogs tend towards bloat, which can kill your dog. This allows him to have fun while eating tiny amounts of kibble at a time. Win,Win!",17,17,2010-11-08,1.0
399733,B005GIF5WY,5,1329177600,My cats love it,"My 5 cats would kill me for Temptations if they had to.  They LOVE these treats. Every time I go into the kitchen, I'm doomed to have at least 3 of them follow me and meow me into submission so that I give them this variety and all other varieties of Temptations.  'Nuff said.",0,0,2012-02-14,0.0
296247,B004JRSAJS,5,1310601600,"Not the Best Tast, but GREAT for the Diet !!!","This is a great food for the dieters, as far as tast it will be what you make out of it !!! Just make sure you read on how to make them ""cooked"" :)  before you disappoint your self with a fish smell it naturaly have, and could almost wash off with water. It is a great product 0 cal 0 fat 0 everything, and if you can just add a 20-100 cal of tast to them of anything you like to eat,it will fill you up for dinner !!! 100 cal Dinner !!!Great for diet!",2,2,2011-07-14,1.0
153593,B000FFQ23Y,4,1227312000,not the best,"Both my kids love these. I think the Glutino GFCF ones are better, but if you are avoiding soy, these are good. They are pretty hard and crunchy. Not loaded with salt which is nice if you are giving them to kids.",0,0,2008-11-22,0.0
492241,B001XWNIUI,5,1335830400,fat free cooking,"Fat free items are hard to find.  This not only gives you solutions to create fat free dessert but lends itself to other variations, like pumpkin cake,mmmm, both are yummy.",0,0,2012-05-01,0.0
505132,B00063411A,1,1238630400,To expensive,"I trained my chihuahua to a litter box when we got her at 10 weeks, she was 1 pound and at 6 months is only 2 pounds. I do not like that this is a paper product, paper does not break down as well as wood pellets.<br /><br />I used wood pellets, I get 40 pounds for 5.00 and it last me 5 months. When Foxy poos I clean that right out. the pee soaks right away into the wood pellets. (get wood pellets at the hardware or safeway for  pellet burning stoves)..So it never goes to the bottom. I put in 2 inches. There is absolutely NO order and I change it out about every 2 weeks.<br /><br />But training a dog to use a litter pan is extremely easy!!!",20,22,2009-04-02,0.9090909090909091
475932,B000E1FY7Y,5,1271203200,"This milk safe our baby, literally!!","This milk safe our baby, literally!!<br /><br />My baby had been solely breastfed. After 9 months my wife was running short of her milk. She didn't have enough breastmilk for the baby and he didn't take as much solid food as we would want him to.<br />We gave him Similac Advance, it was recommended by the hospital. First Similac Advance Liquid, he threw up 9 times within 2 hours after half an hour of feeding. That happened twice. A few days later, we tried Similac Advance power, he threw up again! This time 5 times plus serious diarrhea for 5 days. He has lost 5% of his weight within 2 days. That's really bad.<br /><br />We were desperate. We took him to the hospital twice that week. The doctor though it was stomach flu.<br />However, I didn't quit agree with him. What a coincident that 2 different formula milk feeding incidents would throw my baby off balance. I'm a computer engineer and dealing with solving and debugging problems all the time.<br />I was firm with the doctor that this was not a coincident. I thought it might have something to do with the protein in the formula that my baby couldn't digest. We decided to try Lactose free formula (Nutramigen from Enflora). It smell and taste really awful (my wife tried it and she gagged.<br />As we thought, my baby rejected to drink it. Then I tried Good Start soy. Same story, smell bad but not as bad as Nutromigen. My baby also rejected to drink it.<br /><br />Now we were really desperate, not enough milk for him and he doesn't like to eat solid food!! He would throw up + diarrhea if he gave him normal formula milk. Phone call to 4 advise nurses, no luck! I finally search on the internet and found a lot of similar story to what we experienced (including this on Amazon reviews).<br />I decided to give it a final try, crossing our fingers really tight. Good Start Gentle Plus is our last hope or my baby would not have any more milk to drink. He's losing weight!!<br /><br />And then miracle happened!!! This milk works wonderfully for him. The only complain I would have is that it doesn't smell as good as the normal cow milk-based formula, however, doesn't smell or taste awful like the other two.<br /><br />My baby didn't quite used to the tasted in the beginning and didn't really want to drink it at first. So we tried mixed it with breastmilk for a few days.<br /><br />Now he is a happy baby, gaining weight, doesn't throw up and used to the taste of it.<br />My wife and I are now happy again :)",0,1,2010-04-14,0.0
65364,B001VNO9ZM,2,1331769600,Not impressed,I am not impressed with this garlic powder. The garlic powder is very powdery and does not seem to have a strong garlic flavor. It is a very strange product indeed.<br /><br />Do not recommend.,0,0,2012-03-15,0.0
556800,B000H0ZJHW,4,1310169600,Great price for a good solid training size treat for allergic dogs,"There are other treats that my dogs would do anything for...  but I'm too busy to make them boiled chicken bits all the time. And I can't feed them bits of last nights steak since my poor minature pinscher is allergic to everthing.<br /><br />But with Zukes... he avoids wheat, corn, beef, milk, oats, all other sneaky grains/fillers/etc and he only gets the good stuff that he deserves and that his poor skin/coat can handle!<br /><br />And don't get me wrong... they will do plenty to get these little bites of good stuff, which is great because when I do have fresh meat for them to eat they tend to get too excited trying to get at it to hold a sit for long enough to deserve a treat!",0,0,2011-07-09,0.0
210359,B001TM70V0,2,1300406400,Less is not More,"I recently changed over from dry to wet food for my cats.  Trying to find a grain, veggie and fruit free food is not easy, cats are obligate carnivores remember and don't need that stuff (do the research).  I thought I found it in this chicken product.  However, when I opened the can I noticed lots of fluid and potato starch. After spilling out the liquid and rinsing off the potato starch (why is that there anyway? A filler?) The can lost 2 oz. of weight.  With the prices of cat food going up and up, I want more not less.  Don't misunderstand me, this is a fairly good product, a little low in fat, but the cats love it just the same. I just want the company to know if they say its 5.5 oz. then don't pump it up with junk to save a few pennies.  Consumers are not stupid.",7,9,2011-03-18,0.7777777777777778
365486,B000CQG89Y,5,1287964800,Peppermint for sure!,"I started using peppermint oil for my sebhorriac dermatitis and someone said to try the tea for digestion and irritable bowel syndrome.  Though I have only used it twice, I have to admit it did help me. Not sure if that is just a coincidence or that it worked.  But two times is enough to convince me to keep using it!!",3,3,2010-10-25,1.0
271132,B000ITWX2G,5,1292371200,Great product,I ordered the sweet chili because I was hoping that it would taste like the tuna I ate while in Australia.  It was very close and I enjoy it.  Great snack!,0,1,2010-12-15,0.0
69494,B000EDBQ4M,5,1246838400,Great cookies (with a few tweaks),"Instead of following the recipe exactly, I used 1 1/2 cups of softened butter (instead of 1 cup of margerine), 2 eggs, and added 1/2 cup of chocolate chips.  Mix, spoon, and bake for 12 minutes; makes about 2 dozen.  I am very picky about baked goods, especially since I am only recently gluten-free, but I must admit, these are wonderful!  I'll definitely be indulging in these again and again!",5,5,2009-07-06,1.0
382461,B004779XSM,2,1323129600,not impressed,"Expect some caramel flavor, but found none.  I thought it would have a sweeter flavor, but was a really weak tasting coffee.  Would not buy again.",0,0,2011-12-06,0.0
269157,B00004RAMS,5,1309651200,Works great,"As a few of the other reviews have said, as long as you pick a good location, these traps work really well.  I had a few false starts with some less defined tunnels but as soon as I picked a tunnel where the route was very clear, I caught my mole within 24 hours.<br />A nice thing about this trap is that you don't have to dig down into the ground to place them.  Just stick them into the ground where you find a well used tunnel.  I bought two, but I actually think one would have been totally fine.  It seems pretty sturdy too, so if we get any more moles in the future I will be ready!<br />All in all, I would certainly recommend this product.",0,0,2011-07-03,0.0
126031,B000SVFAHE,5,1328659200,Tastes great and cooks fast!,"This stuff tastes good and cooks quickly.  If you liked ""cream of wheat,"" then this is a great gluten free alternative.",1,1,2012-02-08,1.0
531753,B005K4Q34S,5,1338163200,Love!,"I'm not a big coffee drinker as I hate the bitterness.  These k-cups changed the way I think of coffee completely.  They are delicious!  My husband does miss the bitterness of regular coffee and I have some friends who think its a bit too sweet so they do a half and half mixture, but for me... perfection!",0,0,2012-05-28,0.0
564032,B000IHXQ9W,4,1261958400,"Dogs loved it, but wished it was more durable","My dogs (3 heavy-chewing mutts) loved these bones, and the smell even made me hungry. I was hoping these might be the kind of bones that would stick around for a while, but they pretty much tore through them in a day. Either way, they loved 'em!",1,1,2009-12-28,1.0
256970,B0029NGY4M,5,1312243200,The Cat's Meow!,"I had the hardest time trying to find a cat food my cats would eat. Every time I got one they would sniff it and then act as if burying it so I could tell they hated it. Finally, I found this food. My cats will not even eat the same flavor even from another brand. I was so upset when Target put the individuals on sale and stopped selling them. Needles to say, when I found this on Amazon I was very happy. Reasonably priced for the amount and my cats are completely satisfied. Will also be ordering from here!",0,0,2011-08-02,0.0
356104,B002QWP8H0,5,1271548800,Great product and free shipping to AK.  Can't beat that!,"I thought I would write a review because I have seen some negative ones out there. In particular, ones about dogs vomitting green sponges after eating them.<br /><br />My girlfriend and I have a little maltese (Dexter). He's a little over two years old and loves greenies. Absolutely loves them. They're his favorite treat. He loves to hide them and then go back for them later.<br /><br />A couple things to watch for... the package says to only feed them one a day. We were feeding him like 3 or 4 a day. We thought it was like a dental treat and couldn't hurt. We've cut it back to one a day and every once and awhile we'll give him two.<br /><br />Another thing, they can be messy. When we first got him and he was tiny, it would take him awhile to eat them. Once they get wet, they tend to stick to things. Now that he's older, he eats them pretty fast so there's no problem.<br /><br />We've never had him vomit from them, ever. Even when we were giving him 4 a day. He loves them and has never gotten ill from them. One time, he got into the package when we weren't paying attention and hid them all over the house so he probably has a secret stash somewhere.<br /><br />I would stick to the product recommendations (if you can) and if your dog is like ours, he'll love them.",2,2,2010-04-18,1.0
204134,B0009F3QKW,4,1238803200,Great tea but...,"This tea has a very nice fragrance because of the cinnamon. At first when I tried the tea, I didn't really like the taste. It took me like 2 days to get used to it. Adding honey helps adjust the taste, especially the ones with fruit flavors. If you don't like the cinnamon smell you can try adding berries mixed from the mixer, it gives off a nice aroma. Although I enjoy the tea, it just didn't seem to have that ""stress relief"" effect for me. It was one of the very reason I purchased this tea. Even so, I did not regret buying it.",1,1,2009-04-04,1.0
340061,B0005XODQY,5,1167955200,Try it with coffee,I used sometimes with coffee and if you don't believe me try it. The best coffee you drink is with goat milk and not cow's milk.<br /><br />hakim talbi,3,5,2007-01-05,0.6
387265,B001VIYCK4,5,1340064000,Best cat food ever?,Wow if i knew how much cats would love this stuff i would have been feeding it to any and all of my cats long ago.  You would think it was wet food the way my kitty chows it down.  I got it because he had gingivitus and i had to spend quite a bit to have his teeth worked on.  The vet told me his teeth are still looking nice and clean a few months later!,0,0,2012-06-19,0.0
190819,B000FI4O90,1,1188172800,Makes a lousy gift,"I purchased this for my dad as a Father's Day gift because he likes to cook and he's always had a green thumb. Unfortunately, it's been over two months since he had it and nothing ever grew. He followed all of the directions to no avail. I contacted AeroGrow but they didn't seem to care and were zero help. I do not recommend this to anyone, unless you're one of those people that enjoys throwing your money down the drain? Instead, if you want herbs for the kitchen, I recommend buying dry herbs. And, if you want to grow herbs (or vegetables) then I recommend doing it the old fashioned way.",50,69,2007-08-27,0.7246376811594203
177674,B003561V40,5,1341014400,Energy Drink vs Red Bull,"I love this product.  I've heard alot about the Sodastream and finally decided to purchase one, and as I drink a lot of Red Bull (mainly as a cocktail mixer), I gave this mix a try.  Quite impressed on just how I can't really tell the difference between this Energy Drink Sodamix and Red Bull, other than the price.  On average I spend about $2.25 per can of Red Bull, and this Sodamix will yield 50 8oz servings, so easy math says $112 for 50 cans of Red Bull or $6.99 for the Sodastream Energy Drink Sodamix 16.9 Fl oz bottle and 50 8oz servings.  And as not to be biased, I have a few friends who also drink Red Bull who all agreed that it was a toss up on tasting the difference between the two products, and how much money could be saved.",1,1,2012-06-30,1.0
520409,B000ER1CUG,5,1344556800,nice price delivered right to the door,"My baby liked the sweet potato flavor, so we decided to stock up from Amazon rather than keep buying a few at a time from the local store. Price was good and nice part is that it gets delivered right to your door.<br />This is a good  baby food brand in general.",0,0,2012-08-10,0.0
388712,B000W5I8KM,4,1262044800,Good chocolate,"Ordered this chocolate for a party we were having.  Taste was great and texture smooth.  It took awhile to melt it in the microwave because you have to nuke it in 40 second intervals and then knead it.  Still, better than melting chocolate chips in a double boiler and adding oil!  I realized after I bought this and paid to ship it that they carry this product at Michaels!  Oh well, saved me a trip I guess.",12,13,2009-12-29,0.9230769230769231
432648,B003MWBFXY,5,1296172800,Worth the money!,"Our cat was a stray that showed up at a friend's farm.  He was in very bad shape...very skinny, lethargic, and his fur was very wiry!  We got him on the mend with a visit to the vet and some antibiotics.  But it wasn't until we started feeding him Science Diet that we noticed the change in his fur.  It made such a vast difference!  He has the softest fur I have ever felt on a cat!  The Science Diet seems to help with the hairballs, too.  It is a bit expensive, but it's worth every penny to me.",3,3,2011-01-28,1.0
95879,B00020V8HC,5,1156291200,Hard to Find this One,"It's becoming increasingly difficult for me to find this brand in the local grocery store, so when I saw Amazon had it, I had to buy it, no matter what.  Good stuff!",0,0,2006-08-23,0.0
40484,B00020HHRW,4,1335916800,It is better than I expected,I really recommend this product. It is well packaged and protected. Also it smells and taste better than I expected!,0,0,2012-05-02,0.0
480765,B000HDJYWA,4,1316217600,i've tried both seasons and crown prince...,"and i prefer these. these aren't really fillets, but full sardines, with skin and bones but without the head and tail. neither the skin nor the bone changes the flavor or texture of the fish--the bones are soft and the skin is mild and tender. the flavor is full, slightly salty, and pleasant. good texture. the olive oil is bland (not a bad thing). the crown prince sardines, on the other hand, are very clean (no skin, no bones) and very mild. it depends on whether you like fish, or you're eating them only because they're good for you. me, i like oily fishes, so i prefer seasons. anyway, there's hardly anything easier or tastier than two pieces of excellent, toasted bread, a thick layer of maille mustard, and these sardines. a perfect, healthful, inexpensive, and ""green"" meal. clocks in at 480 calories and keeps you full all afternoon...",3,4,2011-09-17,0.75
556205,B004EDZ87Y,3,1307059200,"Tasty, but didn't delete my need for a Starbucks run.","These k-cups taste good and are great for a quick Chai fix. They're also a good coffee alternative, but they not good enough to replace my Starbucks stop for a Chai latte or an Apple Chai.",0,0,2011-06-03,0.0
484487,B003Y390QU,1,1314748800,Yuck,My 9 month old refused to eat more than a bite of this stuff. I tried it and I couldn't blame him. This stuff tastes terrible!,0,1,2011-08-31,0.0
316896,B004FEN3GA,5,1311811200,Fruity goodness,"I've never really been a fan of fig newtons, but thought I would try these new cookies anyway.  For cookies, first of all, these are pretty healthy. 140 calories, 5 grams of fat, and 2 grams of fiber. They're made with whole grains and real fruit.  No fake stuff here.<br /><br />And for something that's pretty good for you?  They tasted good too.  LOVE.",0,0,2011-07-28,0.0
1359,B005151BV6,5,1325808000,Tic-Tac-Yum!,"Everyone knows what a Tic Tac is, but let me tell you something; if you like orange tic tac's, you're going to LOVE wild cherry tic tacs!  Very cherry flavored with just enough of a mix of sweet and sour.  Do yourself a favor and try some.",1,1,2012-01-06,1.0
450529,B00329MA18,4,1285891200,Great herbal tea,If you don't have the time to cut up ginger and boil it for it's wonderful flavor here's an alternative.  This tea is refreshing.  True ginger flavor and punch is wonderful.,0,1,2010-10-01,0.0
563950,B001XSMANI,4,1290124800,Great Value,"I got this at Cotsco for 15 bucks, they're authentic jelly belly jelly beans, I can't believe some people are doubting that. The Kirkland signature is owned by Cotsco, they would never do that, as they are a very respected brand. Any who, I agree that there are some ""spit-em-out-quick"" , like someone said before, but also I agree that they are many tasty flavors as well, and it's for a great value. Here are the list of the flavors, and the ones I consider to be ""spit-em-out-quick""  flavors. I also gave them a grade of A through F. I'm testing every flavor while I write the review.<br /><br />**** Keep in mind that everyone has different preference and taste. If you flavors that you really like and I really like it too then the grades will help a lot since it will probable mean we have slightly same taste, if vice-versa, then there's nothing to see, other than which flavors you're going to get.****<br /><br />Berry Blue A (my favorite)<br />Cappuccino B(it's a hate it or love it flavor, I like it, it tastes like the coffee mints)<br />Cotton Candy -A<br />Green Apple -A<br />Lemon Drop -A<br />Margarita -A<br />Pina Colada -A<br />Red Apple +C<br />Strawberry Daiquiri +D<br />Blueberry -C<br />Caramel corn ""spit-em-out-quick"" F<br />A&W Cream Soda +C<br />Island Punch B+ (taste like tutti-frutti)<br />Lemon Lime A<br />Mixed Berry smoothie -A<br />Sunkist Pink Grapefruit A<br />A&W root beer -C (it's not as bad as it seems)<br />Strawberry Jam -A<br />Tutti-Frutti B<br />Bubble Gum A (I'm not a big fan of this flavor but it really tastes like bubble gun)<br />Chocolate Pudding -A<br />Crushed Pineapple +A<br />Juicy Pear A+ ( It really tastes like pear)<br />Licore ""spit-em-out-quick"" -F (not a surprise..)<br />Sunkist Orange A<br />Plum +B<br />Sizzling Cinnamon -A ( it has a spicy hint to it)<br />Sunkist Tangerine -A<br />Very Cherry A<br />Buttered Popcorn ""spit-em-out-quick"" -F (it really taste like popcorn, I'm a popcorn lover, but who wants that taste in a jelly bean? )<br />Cinnamon A (the same as Sizzling Cinnamon but stronger)<br />Dr Pepper +D<br />Kiwi -A<br />Sunkist Lime -A<br />Orange Sherbet B<br />Pomegranate B<br />Sour Cherry -B<br />Toasted Marshmallow ""spit-em-out-quick"" F<br />Cantaloupe A<br />Coconut A (it tastes just like coconut)<br />French Vanilla +D<br />Sunkist Lemon -A<br />Mango A<br />Peach A<br />Raspberry A<br />Strawberry Cheesecake B<br />Top Banana A<br />Wild Blackberry -B ( Be careful! You can easily confuse it with licore)",73,83,2010-11-19,0.8795180722891566
472203,B000EHW0WA,5,1208995200,great taste!,"This is a quick and easy to make chocolate pudding that's DAIRY FREE!  We take this when we travel, shake it up in a  protein shake shaker and it works every time.  Don't add too much water.  It does make a small amount as you only add 1 1/4 cups water, which does not make 5 servings, but for my husband and I it's a real treat since we can't order desserts in restaurants (gluten and dairy allergies).  And it's fat free!!!!",2,2,2008-04-24,1.0
434104,B000SQK3RG,1,1295740800,Brown Rice Balls Dog Treat in 16 oz.Plastic Containers,"I have purchased this product many many times and have never ever had a problem with it.  These are the only dog treats my dog loves.  Normally, these are fresh and soft but crunchy. However, this time, they were absolutely awful.  I had to take a pair of pliers to hold the rice ball and then hit it with a hammer in order to break it into pieces.<br />I did contact Rawhide Depot and they did offer a refund.  I was told it could be the vendor.  We'll see what the next batch brings.",0,0,2011-01-23,0.0
52752,B001KWCSUM,5,1285459200,great spice,this is great anytime you need  a bit of smoke flavor to your food without overpowering it,0,0,2010-09-26,0.0
330483,B003E6N4Y6,2,1334188800,"Good product, poor supply and delivery","These are great, but I had the same problems as other customers - arrived too close to expiration date.  I still have two months to go though, and so far they seem ok, except for one or two which were clumpy.  Some of them have a bit of clotted cream around the top, but I don't think that is due to actual spoiling, at least I hope not.  I don't refrigerate them though - they are stored in my office at room temperature - but I shouldn't have to since they don't require refrigeration.",0,0,2012-04-12,0.0
157121,B002TMV3GC,3,1278201600,Just an Average Coffee,"For my taste, it is mild coffee: I needed to use two tablespoonfuls per 8 oz cup instead of two teaspoonfuls per 6 oz cup as recommended on the label.  Aroma is not strong either. Hazelnut flavor is a question of personal taste but I prefer it and creme brûl&eacute;e  with desert. It is very finely ground coffee and may not work with all filter less coffee makers.<br /><br />Conclusion - just an average mild coffee, nothing extraordinary.",0,0,2010-07-04,0.0
385041,B000WY9JS8,5,1242518400,Great Product - beats making from scratch!,I have used this product for some time. No one knows its not from scratch. Easy to make and delicious. Always gets rave reviews!,2,2,2009-05-17,1.0
539653,B006WYSFZK,3,1338163200,"Do they have to ""bite back""?","I want to like Kettle because they contain no corn oil or soybean oil (which are both GMO, and also my kids are allergic to corn and soy), but darnit, these things bite back! On the plus side, the sharpness of them may keep you from mindlessly enjoying too many. On the minus side, a mouthful of cuts and scratches is not worth it. Do they have to be SO hard and crunchy? What's wrong with simply light and crispy? I vastly prefer Lay's texture, but suffer with Kettle due to the absense of GMOs and corn/soy. I wish they'd come out with something less harsh on the mouth, though.",0,0,2012-05-28,0.0
168370,B000LDOT58,5,1226880000,Yummy for my doggie.,"My one year old pup absolutely loves these things with or without the Busy Buddy Bone.  Of course, he spends much more time with it when they're on the Busy Buddy Bone.",0,0,2008-11-17,0.0
494427,B001IAKEVG,5,1250208000,Wonderfully nostalgic,"My Mom and I used to eat this fruitcake together when I was a teenager; no one else in my family liked it.  It doesn't contain fruit peel and has a lot of candied fruit, including huge cherries.  However, it's expensive enough that I'm not sure I will order it again, wonderful as it was to have it once more.",1,1,2009-08-14,1.0
492679,B00370CFR6,5,1325462400,Great!,"Great coffee; we love Green Mountain.  My fiance loves blueberry coffee, but it's hard to get around the holidays and his birthday, so I was happy to find it!  (And it makes our kitchen smell awesome when it's brewed!)",0,0,2012-01-02,0.0
400394,B002Q782TG,5,1329955200,Fantastic AND Healthy,"I am gluten intolerant and also need to lose weight (for which I am using Weight Watchers online points plan). It's difficult to find carb or bread items (including crackers) that are not worth too many points. The Orgran crackers are only 1 point for 2 crackers and they are decent sized. They look funny ... kind of airy, but they are crunchy and have a nice flavor (not corn-y). I like them with some whipped (or light) cream cheese and some thinly sliced ham or turkey, like Oscar Mayer Delifresh. Really great for a snack, especially when I want something crunchy.",1,1,2012-02-23,1.0
296293,B002RB9YWA,1,1326844800,Jar was already open,I received the package yesterday and as as soon as I opened the box I smelled the truffle. The jar was already opened! I got a used product?!?!? Where's the product quality control here?,0,0,2012-01-18,0.0
81561,B001EQ4RBM,5,1245542400,better than chips,"If you love Salt and Vinegar chips then you can't help but love these almonds, they are sooooooooooooooooooooo good!  Yes, the almonds have fat (much like chips) but at least its a good fat for you!",2,2,2009-06-21,1.0
172743,B000LQLIWM,4,1299888000,Okay value.,"You really get a lot of pieces in this tiny jar! Some are big, some are small, so you can decide how much you want/need. They are coated in some horrible grainy powder, however, so I rinse off the piece before I chew it. The flavor is mild and really gets your saliva flowing. This has been a major part of my dental health plan and so far, so good. The shipping is more than the actual mastic though, which is insane and it wasn't even packaged so great or anything as to warrant such a high shipping price. Makes you wonder. Anyway, I give it 4 stars because it is good, pure mastic gum which is hard to find, and you do get a lot of it for your money.",5,5,2011-03-12,1.0
118055,B000X1Q1G8,1,1333756800,Save your money - this stuff is gross,"I bought this on a whim while I was grocery shopping.  No calories, no fats and no carbs seemed too good to be true.  The ingredient list was a little scary but I thought it might be worth a shot.  Big mistake.  This stuff is nasty tasting.  To me it tasted like sickly sweet chemicals.  The healthier I eat, the more I can taste the chemicals in processed foods such as this.  If it had actually tasted anything like peanuts it might have been ok but that sickly sweet taste is just gross.  I'd rather just give up eating peanut butter altogether than try to replace it with this spread.",1,1,2012-04-07,1.0
229968,B000ZSX4GE,1,1343347200,Too much sugar - big time headache!,"These gave me a headache, too much sugar, and other ingredients that didn't sit well.  I would not recommend to someone trying to eat healthier.",1,2,2012-07-27,0.5
371589,B000LRH9SS,1,1316995200,short changed,I agree the product is fine but today I poured a brand new 2 quart jar into a plastic rubbermaid pour container only to realize that I had been shorted by 4 oz!  The jar is only 28 ounces not 32 as it is meant to be.  Maybe someone else knows what to do with this info.,1,2,2011-09-26,0.5
99197,B003Y391DC,5,1306972800,No Issues,"I don't know how everyone else got these broken, but when I received them they came wrapped in plastic and in bubble wrap, not a single jar was broken.  My son loves them and the price was great and I had no issues at all.",1,1,2011-06-02,1.0
27439,B001E4S7WE,5,1205712000,Light on the stomach!,"For decades, Gatorade is synonomous with sports, athletes, performance,  health, hydration and nutrients and vitamins.  If your intention is to use it as a higher level like sports training, performance, endurance, energy, etc.,  then this is the product for you.  If your level is for just fitness and exercise, then this can only be a great enhancement.<br /><br />The shakes provided by Gatorade are not thick, so it's not quite the ""shake"" feel, athough it is very tasty being that it is specially made for athletes, etc.<br /><br />For me, interested in only fitness and exercise, I will maximize with the protein benefit as a quick meal enhancement.  I like the low gram of fat, and no trans fat.  For others who need the specified amount of nutrients, this is sufficient.  This is tasty!!  Rizzo",0,0,2008-03-17,0.0
74327,B001EOMQ9E,5,1346716800,Some of the Best Flavor in Hot Sauce,"Many hot sauces focus on heat.  I say, ""What's heat without flavor?""  This stuff delivers.  The flavor is absolutely amazing.  The Kutbil-ik is pretty warm but not horrible.  It's scoville rating is a little over 11k as found on their website.  The flavor is very smokey.  When I saw the color, I thought to myself that it couldn't be that great.  I tried it.  It's now my favorite of the three Chile Habanero sauces that they make and my favorite overall hot sauce. It's my personal opinion of course, but while I love Tabasco sauce, it has nothing over on this stuff.",0,0,2012-09-04,0.0
556021,B001E5E0CE,5,1323302400,It is how we get up in the morning,"This is great coffee but be warned, once you start drinking Lavazza it's hard to go back to Starbucks. We brew it as you would regular coffee and it is how we wake up at 5:30 every morning.",1,1,2011-12-08,1.0
382252,B0060HVNNA,5,1170720000,Yesss Sir!,"Proudly may I say, I'm more than flattered to see Kurukahveci Mehmet Efendi brand in here. People! I shout out! You have to try this beauty. Turkish Coffee is superb, but Kurukahveci Mehmet Efendi is one of THE BEST! No doubt you can use this coffee for your pleasure and I may guarantee you that the can would preserve the content fresh for about a year. Taste of Kurukahveci Mehmet Efendi is far beyond compare with other Turkish Coffee brands. So, you're lucky for being able to reach out to K.K.M.Efendi coffees... MUST TASTE IT!",13,16,2007-02-06,0.8125
178030,B000XB4A0W,3,1248134400,Thoughts....,"The best part is that it's both organic and free trade.  My batch  didn't have the lovely Jasmine flavor that others have had.  An important bit of advice:  For some reason the usual rice-cooker ratio of about 1 1/2-2 cups water per 1 cup rice didn't hold.  One to one was definitely the right ratio (again, according to the batch I received).",1,1,2009-07-21,1.0
422777,B001BM4NAE,2,1186531200,Disappointed,"I have always loved these chips and buy them often at the grocery store. Since Amazon offered them at a very good price I purchased a case, However, upon receipt I was disappointed and immediately notified the company (Garden of Eatin). They were not as good as the ones in the grocery store (they seemed to be darker and greasier)and I wondered if they were old. The expiration date indicates they are fine. I do not dislike them, though I love the store ones, and have decided to keep them. Salsa can fix anything. However, I will not purchase them again in bulk from Amazon. My biggest disappointment has been that the company never responded to my email.",1,1,2007-08-08,1.0
514658,B005OFL7O4,5,1349740800,Great waffle mix,This waffle mix arrived quickly and it makes the best waffles I have tasted.More like a restaurant waffle than a home-made one.,0,0,2012-10-09,0.0
204184,B000RH2TP0,3,1348531200,Over priced,"The product itself was fine. Note that it isn't quite as sweet as other Ban Lan Gen because it has reduced sugar. It doesn't say this in the description, but you can kind of tell in the picture. That didn't bother me though.<br /><br />My main gripe is that it's incredibly overpriced. You can get bigger bags for $1.50-$2.00 in asian grocery markets or some farmers markets. I had to purchase a bag of this quickly due to a family member requesting it when they got ill. I went out the following week and picked up 10 bags for less than $15!",0,0,2012-09-25,0.0
250131,B005UBH8WC,2,1350432000,Now there is no problem with the shipping or how it was packed!,"But I didn't like the sours, as they burned my mouth and tongue. I gave a couple of the plastic containers to a friend.<br />He didn't try one but his younger family members did, and they noticed the same burning sensation and threw the rest away.<br />The mints are good but the Sours, I can not endorse.<br /><br />Bob",0,0,2012-10-17,0.0
107614,B007TJGY4Q,4,1338595200,Great Taste!,"This is one of my favorite kinds of coffee for my Keurig. It has a nice dark taste that is not overpowering while still being strong. My mother hates strong coffee and when she comes to my house she will resuse one of these K-Cups after I've made mine to knock the punch out. Whatever your pleasure, I guess!",0,0,2012-06-02,0.0
157582,B00113WU0S,5,1257984000,"""The best instant miso soup I've ever had.""","Before detailing the added benefits of Miso-Cup, I offer the opinion of my wife, Yumi, a Japanese woman born and raised in Yokohama.<br /><br />""This is the best instant miso soup I've ever had,"" she said.<br /><br />So, we promptly placed an Amazon Subscribe & Save order for regular shipments.<br /><br />What are the added benefits I noted earlier? Edward & Sons Miso-Cup is organic, gluten free and proudly displays that it contains ""NO MSG"" and is ""Vegan"" with the big ""V"". Each serving has only 60 calories.<br /><br />If that isn't cool enough the company offers to replace your disposable soup cup with a reusable Miso-Cup travel mug for only $3.99 with all proceeds donated to reforestation charities. You get your good deed of the day and lunch all in one!<br /><br />Getting back to the taste - the main reason we purchased this product - the ingredients are easy to read and understand. You get freeze-dried tofu and green onions, wakame seaweed and vegetable seasonings. There are three servings in each packet.<br /><br />The Miso-Cup nicely compliments a bento lunch or an order of sushi. I keep a packet in my desk drawer with a small bowl. Preparation is easy. You squeeze out the first packet of miso and stir in eight ounces of hot water until it dissolves. Add the tofu and vegetable packet and stir again. That's it.<br /><br />Whether you used to live in Japan or just want to experience miso soup for the first time, Edward & Sons Miso-Cup is a great product - tasty, convenient and healthy. Rating: Five stars.",38,40,2009-11-12,0.95
465058,B001EQ5E6E,3,1266796800,Deceived by box cover,"The ad shows a picture of a box of cocoa puffs with 2 bonus box tops. I thought I would have extra box tops to donate to my daughter's school, however the children really love this cereal, I do too!",1,16,2010-02-22,0.0625
530921,B0029NTRA0,5,1306195200,A nice sized treat,"Sometimes you want to give your best friend a nice treat that isn't too small, nor too big and this is it.  My dog is actually a medium sized one, but these are big enough that she is kept busy for a minute or so, yet not so large that I worry about her having ""too many treats"".  Bottom line -- she loves them.",2,2,2011-05-24,1.0
370211,B000ZSZ5S4,5,1247356800,"Delicious, just like Salt and Vinegar Chips!","These are great! As a lover of all chips I'm so happy to find a healthy alternative.<br />It's a great, flavorful snack.",0,0,2009-07-12,0.0
306563,B00032A8UM,5,1242604800,Try This,"The herbs and spices in LAWRY'S SEASONED SALT perk up and enhance the flavor and taste of a wide variety of foods, but this, ladies and gentlmen, THIS is what this seasoned salt was made for:<br /><br />*1.5 lbs. lean ground beef<br />*half an onion, sliced and diced<br />*2 eggs<br />*dash of milk (2% fat recommended)<br />*4 table spoons <a href=""http://www.amazon.com/gp/product/B000NJEMFM"">Worcestershire Sauce</a><br />*2 table spoons <a href=""http://www.amazon.com/gp/product/B001E5DZMU"">Barbeque Sauce</a><br />*1/2 table spoon white vinegar<br />*pinch of garlic salt<br />*season with ground pepper<br />*add sprinkling of <a href=""http://www.amazon.com/gp/product/B000W283DC"">Quaker Oats</a><br /><br />*stir/mix thoroughly; place in cooking pan<br /><br />*cover top of meatloaf with a layer of <a href=""http://www.amazon.com/gp/product/B001RQEMWI"">Heinz Ketchup</a><br />*sprinkle liberally with LAWRY'S SEASONED SALT<br /><br />*bake at 385 degrees F for 50-55 minutes<br /><br />*Enjoy<br /><br />It's the best meatloaf on the planet, hands down, and it's ultimate flavor is made possible by LAWRY'S SEASONED SALT.  Wow.  I'm hungry!<br />--D. Mikels, Esq.",5,6,2009-05-18,0.8333333333333334
564295,B0017SZTRI,5,1339027200,What happened to the rose flavor?,"I have been enjoying this unique tea for the past couple of years and give it 5 stars.  In the latest batch I received (June 2012), the tea just tastes plain, as if they accidently switched it for unflavored green tea or mislabeled the bottles.  I wonder if anyone else has experienced this.  Hopefully, it is a one-time issue and the next batch will have the unique rose flavor.",1,1,2012-06-07,1.0
406853,B0001CXRMK,5,1346112000,tastes good.,I was a bit nervous that i may not like this as I am new to yerba mate tea. I decided to try it after seeing it on dr oz. Im using a splash of almond milk in it and it is pretty good.,0,0,2012-08-28,0.0
470139,B001EQ5428,2,1348531200,Poor quality beans,"I was looking forward to trying this bold coffee flavor which was supposed to have a sweet flavor.  However, although package arrived earlier than promised, the beans were old (dull, not glossy) without evidence of oil on them (which fresher beans would have).  Lacked powerful smell (if fresh, would have been strong when opened).  Consequently, this coffee tasted poor/watery after beans were ground and dripped.",0,0,2012-09-25,0.0
187036,B003VMBVQ6,3,1337212800,Urine for a surprise!!!,"To be fair, I was looking for the Japanese Style, roasted Sesame Dressing, that seems to only be available in...wait for it...JAPAN.  I bought this junk, opened it, and it smelled an awful lot like urine, and the taste wasn't much better.  I have no idea what people put this on, I can't imagine this stuff, making anything taste better.  But like I said, this review may be unfair, since I was expecting a deep roasted, creamy sesame dressing, and all I got was a pungent vinegar based nostril burning disaster.  If I was looking for something with enough vinegar in it, to make my kitchen smell like pee, then the buck stops here!!!",0,1,2012-05-17,0.0
161172,B000LKZ86K,3,1342051200,I guess I dont like silken,"This is fine tofu, but it was the first time I tried silken instead of the regular extra firm I was getting from Trader Joe's.  For miso soup and adding to veg dishes I guess I just like the regular kind better.  Still 3 stars for being satisfactory, but personally I think not the best for miso soup and dishes where you want the tofu to remain more intact and not crumble so easily.  It may work well blended and used for other things, but I have not tried.",1,1,2012-07-12,1.0
516696,B002718UM0,4,1336780800,"Good as spread, Not for cooking","I was looking for a mascarpone that I could use just for toast and jam. Found this brand in a Fresh Market grocery store and decided to give it a try - seeing as the label said ""cream cheese"" instead of just ""mascarpone cheese"". Definitely not as sweet as I usually expect mascarpone cheese to be, but it works well as a spread - just on its own. The taste is very light and creamy. I really would not try to use this in cooking or baking because the consistency is not really what mascarpone should be like.",0,0,2012-05-12,0.0
421945,B000CR41KQ,4,1348531200,Newman's Own Dog Treats,"My dog likes these very much,and I am glad I purchased them.  I shared them with a friend who has a puppy, and her puppy likes them, too.  I think they are healthy for my dog.  I do recommend them for a treat for anyone's dog.",0,0,2012-09-25,0.0
387204,B00181UPYQ,5,1342569600,Top Notch,"I have been on a sunflower seed kick for the past couple of weeks.  I've tried 5 different brands in that time and I'm thinking these were the tastiest.  Not too salty, the perfect roast-y flavor.  Amazingly eatable.  I bought a 12 pack for my Arizona nephew who said ""oh good, a week's worth of sunflower seeds!""  He's been eating two bags a day.  Not knowing I had planned to send them, my sister laid in her own supply of three huge bags...the boy insists on eating from his private stash.",0,0,2012-07-18,0.0
414593,B001ELJK7I,4,1286841600,Two months after bottling..... and then 12.,"Purchased this kit and mostly followed directions, main deviations were to allow more time in primary and secondary. Added a little Hungarian oak early on. Let it age two months after stabilizing then filtered and bottled. Opened the first bottle two months later.<br /><br />Nice little wine, good bouquet, quite smooth. bright flavor, not a whole lot of body. I expect the flavor to develop with a little more aging but after about 4 months in the bottle (two more to wait)I won't expect additional improvement.<br /><br />I thought the wine was quite nice, a very pleasant drinking wine. I'll buy more of their kits, at this price point they are a good value.<br />Several friends have purchased other kits from this vendor with no complaints.<br /><br />Been in the bottle about a year now, nice little wine that is enjoyable fairly early - aging hasn't helped that much. Guess I better drink the other bottles. Have made several other kits with favorable results, good dependable house wine.",3,3,2010-10-12,1.0
409046,B000K8ID2E,1,1315526400,Worthless,"What a waste of money.  Can buy five of these at grocery store already fully grown and they last at least a week.  For $10 this is a rip off.  Seeds must be old.  Grows in very thinly, cat can't  be bothered to pick up one or two strands of the ""grass.""  The are only $2 fully grown at supermarket.  Save yourself the cost and buy the already grown from the market.",0,0,2011-09-09,0.0
526781,B001FA1L8O,5,1241827200,Very good mix...,My husband ordered this after reading all the good reviews it had. He was tired of the bland flavor of Bisquick waffles. These had a sweet flavor and came out very light and fluffy. I only wish we could find it locally. I hope this helps=),1,1,2009-05-09,1.0
41478,B00141QYSQ,5,1291680000,CHOICE OF SHIPPER LOSES MY BUSINESS,"THESE TREATS ARE A GREAT PRODUCT AND I HAVE ORDERED MANY TIMES. THAT BEING SAID, AS SOON AS I PUT THEM ON SUBSCRIPTION SERVICE, I FIND AMAZON USES A LOCAL COURIER SERVICE IN NYC WHO LIED ABOUT AN ATTEMPTED DELIVERY AND STILL HAS NOT DELIVERED THE TREATS.  I AM CANCELLING MY SUBSCRIPTION AND WILL NOT ORDER FROM AMAZON AS I PREFER TO PAY MORE FOR THE TREATS AND GET THEM DELIVERED FROM MY LOCAL PET STORE.  SHAME ON LASERSHIP AND AMAZON.",1,1,2010-12-07,1.0
116695,B002YJ0118,4,1319328000,Great Popcorn!,"We bought this popcorn to go with a machine we had purchased, and the machine ended up not working.  So we took these portion packs of popcorn and used them on the stove top.  They worked great, everyone said it was good popcorn.  Would definitely buy this again, even if you just do it on the stove top, it's so easy having everything bundled into one package and ready to use!",1,1,2011-10-23,1.0
357909,B003RRFA8U,2,1308528000,Quick and Savory Gluten-Free Meal!,"The Snapdragon General Tsao rice pasta dish is an amazingly delicious, mildly spicy treat!  I wasn't sure if the product was gluten-free until I researched the product on their own site, reading the ingredients list carefully.  The packaging labeling backs up the fact that it is safe for celiacs!<br /><br />The rice noodles cook in less than five minutes.  If you are in a big hurry, you can simply pour the General Tsao sauce over the cooked rice noodles and enjoy.  If you have the time, you can add more savory ingredients to the mix, including meats, tofu, and veggies.  The sauce itself is pretty darn good and is slightly on the spicy side.  I personally enjoy EXTREMELY spicy food, so this only provided a tiny bit of a kick, which can be all you need at times!<br /><br />Glad that I found another delicious gluten-free product that I can enjoy!  It seems as though the more time that passes, the more wonderful (and varied) gluten-free foods come out on the market.  Great news!<br /><br />I also ordered the Pad Thai Ginger flavor, but it hasn't arrived yet.  I will give feedback soon enough regarding the flavor!  Please note that there are about five other Snapdragon products that are certified gluten-free (and a few that are NOT).  Check out their website for more information.<br /><br />*** Edit mid-July 2011***<br /><br />This review used to give the product four out of five stars.<br /><br />The day after I wrote this review, I took my leftover General Tsao noodles to work for lunch.  After reheating them, I found the flavor to be somewhat bitter and completely unappealing.  Ever since then, whenever I cook the dish, I have bad experiences with it.  The pasta itself is wonderful... the sauce is the problem.  I just tried it again tonight, cooking the meal in a different manner with some ingredients thrown in to try and enhance the flavor.  The bitter taste of the sauce overtook everything and I am left with a nasty taste lingering in my mouth.  Needless to say, I cancelled my subscribe and save subscription.  I really tried to like this, but at the end of the day, the flavor of the sauce simply repulses me.  I seriously wonder what I was tasting the first time through.  Not good.",0,0,2011-06-20,0.0
392684,B007PA34CE,4,1340496000,Cheaper than Starbucks,Comparable flavor to Starbucks and cost much less. I don't know why anyone would buy a 12 pack. All flavors are good as well.,0,0,2012-06-24,0.0
290010,B004303CYO,1,1326758400,yuck,"I don't know what this is, but it's not something I will ever buy again.  Like the other reviews say, only the Columbian Via is good.  Don't bother with anything else.",1,1,2012-01-17,1.0
495289,B0083QJU5O,5,1346112000,Fake maple syrup is a crime against food,"When the food packaging laws were revised back in the 90s, the word ""maple"" disappeared off a lot of syrup bottles because they had no maple in them. Thankfully, this is the real stuff. It has a delicate maple flavor. Great for icing, maple cookies and breakfast for those who prefer a hint of maple taste. If you want a stronger maple taste, go with a grade B syrup.<br /><br />Real maple syrup is thinner than the flavored corn syrup you may be used to. It's also a lot more expensive. You can get the most out of it by pouring the syrup into a small bowl, cutting the pancakes/waffles/French toast into pieces and dipping them in the syrup with a fork. That way it doesn't get wasted when you wash the plate.",0,0,2012-08-28,0.0
560856,B005FH23QM,5,1351209600,Belongs in your kitchen,"Grapeseed oil is a healthy, light oil of very mild but pleasing flavor. I use it when I don't want the strong flavor of olive oil or when I need an oil that will tolerate high temperature cooking. I don't use it every day, but I make sure there is always some in my kitchen when I need it. This seems to be a good brand.",0,0,2012-10-26,0.0
163846,B001EQ5FKE,5,1246924800,My 'secret ingredient',"Oh! so Garlic is my go-to spice.  I add it to every pasta dish in my repertoire, meatloaf, guacamole, egg dishes - everything that can be improved with garlic becomes even better with this spice blend from Lizzie's Kitchen.  For soups, sauces, or bean dishes, I add it to the pan just as the meat has almost completed browning, and just prior to adding the liquid.  Amazon has the best price I've seen.  Right now, it comes in a pack of 4 which seems like a lot if you've never used it.  But I promise, once you've tried it you will keep coming back for more.",1,1,2009-07-07,1.0
98273,B0030VJ70K,5,1339027200,"Great for kids, perfect for travel, what's not to like?","This is for HappyBaby Happy Tot fruit pouches. These are excellent for kids. My 2 year old loves it. She asks for it every morning and everytime she takes a bath. It's great - totally organic with all natural ingredients and no harmful chemicals, GMO's or preservatives! It does not need to be refridgerated so wont take up space in your fridge (although once it's opened it does, as do most products). It's great for kids at least half a year old and is recommended by the well known Dr. Sears, TV personality, author, and acclaimed professor at UC Irvine.<br /><br />The container is well made and does not flap around. It can stand up on its own as it has a base that is round and designed to stand up - other containers will lay flat and leak out when the child puts the pouch down. It also has a brighly colored plastic cap that, before opening for the first time, cannot be removed by a small child. You will need to open it for them. The cap is large enough that small 2 year old hands can manipulate it open and closed without much difficulty. The cap is also color coded to match the packaging design, so you can easily and quickly identify which one you want. Likewise, the packaging is colorful and well designed. It shows pictures of the fruit on the side and writing for the adults so you can choose your variety.<br /><br />The fruit variety is tasty. I have sampled some of it and found it to be pretty good for smoothies and adult meals! Regardless, it's a child's drink, so the focus is on how much the children enjoy it. I find that no child has objected to the flavor, although some flavors certainly get unique - who would want to eat broccoli and pear together? Butternut squash and apple is certainly a savory combination. Spinach and mango? Doesnt matter. My kids love all flavors. Sure, some have preferences, but these are great combinations and are supremely healthy.<br /><br />Speaking of which, I had no clue what Salba was, so I googled it.[...] Evidently it's a SUPER healthy grain that is an excellent source of Omega 3's, fiber, magnesium, calcium, antioxidants, folate, and dietary fiber. Evidently it's also better than Chia and Flax seeds as well. This all comes from the Salba website so it's obviously to be taken with a grain (no pun intended!) of salt, but still, that sounds fantastic to me. Surely this cant hurt a growing child's system!<br /><br />While other reviewers have noted that this product is available for cheaper at Target for $1.09 per pouch. I have not been to the Target store lately so I cannot verify that, but I did a price comparison on Target's online website.  [...]) Again, I did not go into the store - you might be able to find this in the store for cheaper. As of 6/7/12, the cheapest pack was $10.16 cents for Spinach, Mango and Pear, and Broccoli, Pear and Peas, or $20.32 for 16 of them. In my state, we have 6% sales tax ($1.22), which turns that total into $21.54 for a 16 pack, or $1.34 per drink. Compare that to Amazon's price, which is $19.20 (no sales tax) for SMP and $19.86 for BPP. You can also sign up with subscribe and save, which will yield a 15% discount, or a total of $16.32 for SMP, or $16.88 for BPP. That's a savings of $3.44 to $4 total, or over a quarter for each item. Green Beans, Pears and Peas sells for $19.52 or $16.59 for S&S on Amazon, vs. $24.25 at Target (online pricing, but I added sales tax), which is a $7.66 price difference! Again, these are NOT in-store prices, just online prices.<br /><br />You should be aware that there is a recall on some HappyBaby pouches. Pay attention to those expiring between November 2010 and January 2011. The press release indicates that nobody has been hurt and no harmful bacterias have been found. (http://www.fda.gov/Safety/MedWatch/SafetyInformation/SafetyAlertsforHumanMedicalProducts/ucm197570.htm). In fact, one of my pouches started swelling up, so I threw it out, but my daughter enjoyed the rest of the pouches from that batch (I sampled them to be sure) and was fine. I just assumed it was a bad pouch but now I know that there's a recall, so I will be keeping an eye out, as you should. Does not mean you should give these up - there have not been any harmful effects and it appears to be a bad batch which the company has corrected.",0,0,2012-06-07,0.0
392873,B003VXL0V6,5,1340150400,Wolfgang puck coffee vanilla francaise,I loved this brand.  It was the best vanilla flavor of others I tried.  I would buy more if it was a better price.,0,0,2012-06-20,0.0
59947,B00099XOQO,5,1188086400,"""Brown Noodles Rock""","My 6-year old son only knows these as ""brown noodles"". We absolutely love them. Only takes 7 minutes to make with boiling water & add a little butter.<br /><br />Same price as what we pay at the local grocery store as long as it's free shipping. We'll continue to buy. Enjoy!",1,1,2007-08-26,1.0
309165,B0014K91GY,2,1274400000,"Great Cocoa, Priced Too High","While I love the taste of Green Mountain Hot Cocoa, the prices for these k-cups on Amazon are outrageous. I have seen this product advertised on other sites for almost half the price. I would shop around for a better price. It seems like the vendors on Amazon are ripping consumers off. I rated this product 2 stars because of the price. If I was rating for flavor alone, it would be 4 stars.",0,0,2010-05-21,0.0
23909,B0013NUGDE,5,1317254400,These are yummy!,"I order Pop Chips through Amazon as none of my local stores carry the brand. I've tried a variety of the flavors they offer & all are very tasty, however, the sea salt & vinegar are by far my favorite. All I can say is....YUMMY.",0,0,2011-09-29,0.0
272677,B0009F3SEG,4,1265500800,Not what we expected but very nice and grows on you,"We thought this was a vanilla hazlenut *tea* (with black teas), but it really is a vanilla hazlenut herbal (no actual tea leaves) chai.  That said, it is quite nice, we make a pot with a black tea bag and a vanilla hazelnut tea bag and it is very good.",3,3,2010-02-07,1.0
49974,B00430B73W,2,1155600000,only if you love dates,"I bought 3 ""flavors"" of these bars, but I can't tell them apart - they all just taste like dates. It's pretty bad when you can't tell spirulina from coconut!",5,7,2006-08-15,0.7142857142857143
73985,B004JRKEH4,4,1314748800,"Not What I Expected, But Good","I love the taste of chipotle, and have used the dried pepper most often in marinades, rubs, and chile. When I tried this sauce, it was different than I expected. Picture a creamy dressing like Ranch with the smoky taste of chipotle peppers and other seasonings.<br /><br />At first I couldn't figure out how to use it. The bottle depicts it being used on a taco, but I prefer fresh salsas for that purpose. But I've used it in several meals with great success: as a condiment for broiled meats; as a dressing on sandwiches; and to add an ""adult"" flavor to the chicken nuggets I was forced to eat when my kids wanted them for lunch! I think it would also make a good dipping sauce for fresh vegetables, chicken fingers, maybe fried zucchini...? It's the kind of sauce you'd want to use in small amounts on the side, rather than pouring it over a whole salad or even a whole taco.<br /><br />A worthwhile addition to your stock of condiments.",0,0,2011-08-31,0.0
143762,B0046I4SK0,5,1314576000,Our senstive-digestive cavalier also likes this,We bought this based on the review written by the other cavalier owner.  We were having issues with our puppy vomiting and having diaharrea - we switched food a few times and finally concluded it was food allergy.  We combine Avoderm with chicken thigh meat and broth and our puppy eats it pretty well and hasn't vomited since we switched to Avoderm (about a month ago).,0,0,2011-08-29,0.0
552626,B000B6CYYS,5,1323216000,The best,"I've been buying commercial pasta sauces all my life and rarely have found any I especially liked.  The few I did like were too expensive to buy on a regular basis. When I heard about Mom's, I was skeptical and the price was higher than I'd usually consider paying, but after reading the rave reviews, I gambled and bought some.<br /><br />Wow!  Apart from the fact that it's the best I've purchased, it's not as expensive as it seems because I use less of it than I do with other commercial pasta sauces. I don't seem to need as much as I do with other sauces I've bought.<br /><br />I knew from reviews about the whole garlic cloves and basil leaves it contains, but I was skeptical until I saw them in person.  Impressive!<br /><br />I'll definitely buy more.",1,1,2011-12-07,1.0
380178,B001EQ54K0,5,1334275200,Uber earthy coffee!,"If you like the darkest of roasts, the dirtiest of earthy, the boldest of bold, this coffee is for you!  I am very much enjoying this daily wake-up call.",0,0,2012-04-13,0.0
430212,B005K4Q1T0,5,1341705600,Kcup Hot Cocoa,This is one of my wife's favorite. Grove Square has another great product to share with Kcup users.  Now we need some specials  to bring the price per unit down.,0,0,2012-07-08,0.0
407072,B000HDMUOE,5,1254441600,Aduki Beans without Bisphenol A,"This is a great product, healthy, low sodium, great taste... from the only manufacturer in the US which does not use cans lined with a Bisphenol A epoxy.<br />None of the other ""Organic"" suppliers bother to use packaging without BPA<br />Try their garbanzo beans and black beans as well!",16,16,2009-10-02,1.0
293926,B00020HHM2,5,1299110400,very pleasant flavor and good quality,Milk Thistle is said to be good for the liver. It has a very mellow and pleasant flavor. I really enjoy drinking it. Alvita brand has always had good quality teas.,6,7,2011-03-03,0.8571428571428571
447163,B0006FLWY2,5,1322438400,the best by far...,this tuna if fabulous...it is hard to find in colorado and ordering it a case at a time ensure that i always have it when needed --works well in tuna salad; by itself and paired with pasta,0,0,2011-11-28,0.0
31544,B001E5DXEU,5,1315526400,Vanilla Chai,"Big Train Vanilla Chai is very good, mixes great unlike other instant chai's I have tried hot or cold!  I order every other month! Fast, reliable shipping!",0,0,2011-09-09,0.0
327399,B000HDOPNS,5,1273968000,Very pleasantly surprised,"I'm a sardine purist in that I typically prefer my sardines with little more than olive oil and perhaps a hint of smoke. I found myself in the canned fish section of the local supermarket and was tempted to try something new. While there normally would be something off-putting if not downright scary about anything that comes in a ""sweet and tangy sauce"", I figured what the hell and took home a tin. I'm glad I did. The sardines are filleted completely without and bones. The texture was middle of the road. The could be easily picked up with fingers without fear of breaking, but just as easily given a quick mash with the tines of a fork. The meat was a little darker than most, probably from the sauce, and has a nice robust flavor but without smelling fishy. The sauce was thin and clear, mostly oil obviously, but tinted brick red. There was an ever so slight hint of heat but a definite but once again not overpowering vinegar tang. It's the perfect oil flavor to complement the bread for the active dipper. I've purchased these many times since.",6,6,2010-05-16,1.0
79513,B003TNANSO,1,1302825600,Warning CONTAINS SOY,"This contains Soy, I wish It was mentioned in the details. Soy has many negative side effects, and its linked to a similiar to estrogen hormones which isnt good for men.<br /><br />~PROS~<br /> -Tastes Great<br /> -10g Protein<br /> -All natural<br /> -Gluten/Wheat Free<br /> -Low Glycemic Index(45)<br /> -3g FIBER<br /> -Non GMO, No transfats<br /> -Dairy/Cholesterol free<br /><br />~Cons~<br />Contains Soy Crisp (Soy protein isolate, Tapicoa Starch)<br />And Soy lecithin.<br /><br />Soy protein isolate is horrible Do a google search",6,13,2011-04-15,0.46153846153846156
489353,B002RBTZ6K,5,1329523200,Fantastic Chocolates,Bought these as a stocking stuffer for my wife and daughter this past Christmas. She and my daughter absolutely loved them. I even got try one before they disappeared. My wife is already hinting that these would make a great gift for her upcoming birthday.,0,0,2012-02-18,0.0
439536,B001EQ5HQG,5,1297123200,SOOOO yummy!,I ordered these at a great price from here and we LOVE them.  I am huge on nutty type bars and these were just awesome.  Soft and chewy and just yummy!  My 6 year old loves these too and often asks for them as a snack instead of other sugary snacks!  My hubby takes them to work for snack and they are good just about any time of day!  I would recommend these to anyone who loves roasted nut bars!  YUMMM,0,0,2011-02-08,0.0
246210,B0009F3SBY,5,1177027200,amazing tea!,"I am a no coffee, drink tea ALL the time person.  I have tried so many teas and am constantly interested in trying new ones.  This has to be the most wonderful green tea out there!!  It is wonderful!!!",0,0,2007-04-20,0.0
44522,B0019MMR1S,5,1320883200,Our favorite Creamer!,"I always buy this for my mom, she absolutely loves it!! It's very convenient that you can easily travel with them, each packet has the perfect dosage and they taste very very good!",0,0,2011-11-10,0.0
460057,B005BRHVD6,5,1328832000,Gu is great,Taste is good. Essential for long bike rides and other high energy workouts. Doesn't make me gag like the vanilla flavor. I bring one with me on every bike ride.,0,0,2012-02-10,0.0
339149,B000HBO13Y,4,1308268800,Raspberry Iced Tea,"I have looked everywhere for raspberry iced tea, grocery stores, target, walmart... And could never find it.  I checked Amazon.com and here it is!!  It is the most wonderful iced tea, my whold family loves raspberry's so this is the perfect item for us.",0,0,2011-06-17,0.0
355016,B000W17C0I,5,1208908800,YOU HAVE TO TRY THIS!,"This is the best Olive Oil you will ever taste.  And, no, I don't work for the company.  Just a picky Italian who came upon this product (I believe in a gift basket) and just love it.  The infused basil is done just right.  My husband and I eat salads every night now and it makes it easier to have a light chicken salad at lunch.  You will honestly love this product.  Ordering two more today.",0,0,2008-04-23,0.0
523744,B000RHSX9G,5,1273536000,Great quality at a reasonable price,"My local supermarket sells one ounce bags of dried oyster mushrooms for four dollars.  For a little bit more than twice the price, you get a whole pound.  They rehydrate back to near fresh quality.  I boil some water in the microwave and soak the mushroonms for about 20 minutes.  At that point, you can use the liquid to fortify a soup or gravy and cook the mushrooms as desired.<br /><br />Angelina's packs these in a plastic bag inside a cardboard box.  Four boxes fill a carton and save on shipping charges.  I mixed it up and got some <a href=""http://www.amazon.com/gp/product/B000RHXMCY"">Woodear, First Quality - 1 Lb Bag / Box Each</a>, <a href=""http://www.amazon.com/gp/product/B000RHSV5C"">BOLETES, CHILEAN, FIRST QUALITY,(DRIED) 1 lb.</a> and <a href=""http://www.amazon.com/gp/product/B000RHSV02"">BLEND, NORTHWOODS,MUSHROOM(DRIED) 1 lb.</a>.  I would like to get <a href=""http://www.amazon.com/gp/product/B000RHSWSS"">LOBSTER,MUSHROOM,(DRIED) 1 lb.</a> or <a href=""http://www.amazon.com/gp/product/B002YQ6TDK"">Dried Morel Mushrooms 1 Lb. Bag</a> but I can't justify the high price.<br /><br />I am pleased with all of the products I received from Angelina's and will order again.",7,7,2010-05-11,1.0
568207,B002CNCAD8,5,1300838400,Little peppers - BIG TASTE!,"3/23/11  South New Jersey<br />I've been buying DeLallo Grilled Piquillo Peppers for about six months now.  All I can say is that if you don't have home roasted peppers on hand these grilled piquillo peppers will definitely fit the bill.  These are the tastiest purchased grilled/roasted peppers that we have ever tasted and I think we are roasted pepper connoisseurs.  This company also does sell a roasted piquillo pepper which for our taste is not quite as tasty as the grilled.  Don't get me wrong, their roasted are also good, but the grilled are over the top.  I do ""roast"" my own and the way I do them we as well as anyone who has ever tasted them go crazy for them.  But again, if you need or would rather purchase cooked peppers the DeLallo Grilled Piquillo Pepper will not disappoint you.  I usually purchase them at the store, however, when I checked the price of them online there was quite a savings at Amazon for a case of 12.  The case arrived in good condition and the jars had an appropriate expiration date on them.  No matter where you get them they are a little pricey, but someone grew and cared for these peppers, grilled, jared, labeled and shipped them.  Allot went into these little jars.  Whenever you see red peppers know that whoever grew them took care of them much longer to get them to the red stage rather than picking green.  I make my own salad dressings and I do add the liquid from the jar to my dressing.  The liquid is  flavored with the natural oil from the peppers and is delicious.  Try them!  You'll like them!",3,3,2011-03-23,1.0
230340,B00004RYGX,4,1099353600,I don't think anyone understands why this movie is enjoyable,"Really, this is one of the strangest movies I've ever seen, and you know what? I loved it with all my heart. Tim Burton knew what he was doing, aparently, because this film is unbelievably entertaining. The dialogue is clever, the story is wonderful and the characters make the film shine. Winona Rider is marvelous as the troubled gothic teenager who wears black and veils to the dinner table. Her mother is a power woman designer who turns the house into a Tim Burton Dream land where all sorts of goodies can happen, especially with a little tampering from a few ghosts. This film also has a great score from Danny Elfman who worked with him previously on Batman and Pee Wee's Big Adventure. After this the director/composer duo have never split up and togehter they create magic for everyone to see and love.",2,2,2004-11-02,1.0
458046,B0027DEVCG,4,1308441600,Great Stuff,"I usually order vanilla beans to make my own vanilla extract for myself and others. I thought I'd try this paste and I'm glad I did. First of all, I can use it right away instead of having to wait 3 weeks for the extract to mature. Second, I like the fact that although I don't have to mess around with the beans when making ice cream, I still get the black specks in anything I make.<br />The flavor is good.",3,3,2011-06-19,1.0
145622,B003D4F1QS,5,1334016000,The Best,"What they say is true, it's just 100 packets in a box, but hey-- it's 100 packets  for a fair price. :)",0,0,2012-04-10,0.0
525955,B0013Z4VUQ,5,1338595200,Very much enjoyed!,"I bought the Handyman's Toolbox of Treats for my boyfriend as a special treat for him.<br />He enjoyed it very much.<br />All of the products were well packed and fresh, and the coffee was especially enjoyed!<br /><br />He shared it with family and friends, and would recommend it as a gift.",0,0,2012-06-02,0.0
312921,B001NXM3GM,4,1244592000,Happy Baby Organic Puffs,"Love these puffs. Have a lot less sugar than the Gerber Graduates puffs, and baby doesn't seem to notice the difference.  Peace of mind that they're organic too.",1,1,2009-06-10,1.0
370804,B001SAVVV8,5,1300838400,"Gum that is worth the ""work!""","Wow, this is some sweetly fantastic gum. You have to soften it in your mouth before you bite down, as the actual gum is coated with a hard cherry-flavored shell. But when the shards o' cherry start to mingle with the gum beneath---heaven for those with a sweet tooth.",1,1,2011-03-23,1.0
289545,B001T8W7W6,5,1331769600,What more is there to say?,"Chunky Bars are amazing, the only thing better than a Chunky Bar is MORE Chunky Bars. If you like Chunky Bars, you will definitely like have more of them.",0,0,2012-03-15,0.0
187948,B001Q9EGFY,4,1245715200,Mr. Picky Cat eats them,"My cat happily scarfed down some of these.<br /><br />These cat dental treats appear to be different than others.  DentaShield coats the the teeth to block tarter formation.<br /><br />The directions say to feed the cat 4-5 of these twice a day.  I'm guessing this little pouch to be about 2 weeks worth at that rate.<br /><br />Corn flour is the first ingredient, not really the best stuff for your cat but corn is often a major ingredient in catfood anyway.  As a treat, its probably okay, but these would be better labeled corn & chicken treats than salmon treats.  Having said that, the cat doesn't really appear to care (he can't read).  Appears to be a nutritional supplement as well as a dental treat.  Wish there was some way to know what the RDA of this stuff is for cats.<br /><br />The ingredients:  Corn flour, chicken meal, wheat flour, corn gluten meal, poultry fat, dehulled soybean meal, salmon meal, sodium hexametaphosphate, poultry digest [what is that??], dried brewers yeast, calcium carbonate, potassium chloride, salt, choline, chloride, lecithen, vitamin E supplement, niacin supplement, vitamin A supplement, calcium pantothenate, vitamin B12 supplement, riboflavin supplement, biotin, thiamin mononitrate, folic acid, pyridoxine hydrochloride, vitamin D3 supplement, menodione sodium bisulfite complex, ferrus sulfate, zinc oxide, manganese oxide, copper sulfate, cobalt carbonate, ethylenediamine dihydriodide, sodium selenite, mineral oil, dl-methionine, taurine, color added (titanium dioxide, yellow #6, blue #1), BHA (a preservative), mixed tocopherols (a preservative).<br /><br />Guaranteed analysis:<br />Crude Protein min: 25%<br />Crude Fat min: 8%<br />Crude Fiber max: 4%<br />Moisture max: 10%<br />Vitamin A 2,273 IU/lb<br />Vitamin E 14 IU/lb<br />Zinc 75 mg/kg<br />Selenium .1 mg/kg<br />Taurine. .1%<br /><br />Calorie Count 1.1 per treat",0,0,2009-06-23,0.0
186794,B00474CSVE,5,1312156800,Great for ice coffee,"During the summer I like to add lots of ice to my coffee and make it cold. However adding lots of ice will tend to dilute the coffee and make it bland. This dark Roast coffee is strong and makes perfect ice coffee. The flavor is also excellent, one of my favorites.",0,0,2011-08-01,0.0
455593,B005HG9ERW,5,1348012800,great tasting water,"What else can I say, other than this drinking water tastes great.<br />The bottle is quite large, at 1.5 liter, it's almost the size of a 2 liter bottle of soda.",1,3,2012-09-19,0.3333333333333333
127294,B005VOONKI,5,1332892800,I am a coffee lover . . .,". . .A little fussy about my coffee, and this coffee did not disappoint me.  It has a rich flavor, I can control the strength by adding or substracting the amount of water I use (which you can do wih all coffees, I know).  The flavor - although I cannot pinpoint the difference, is very nice.  I'll definitely be buying more of this brand and I think that's probably the best review I can give it - I want more.",0,0,2012-03-28,0.0
499396,B000HEC48A,3,1190505600,My dog loves these!,I've been giving these to my dog for the last 6 months and these are his favorite treats. However I thought these were not irradiated but it turns out they are. I think I will look into the all natural breast tenders even though they are more expensive. In the long run it's better for your dog.,0,0,2007-09-23,0.0
290526,B000KEWPUE,3,1300406400,to green...,i ordered this product to color icing to use on cookies as a favor for my wedding. the blue color looks perfect on the computer when i recieved the item it was a lot more green than blue.,0,0,2011-03-18,0.0
177283,B0030VJ8E0,5,1313452800,Best way to keep my toddler eating his veggies!,"My son has a very high gag reflex and transitioning to solids has been a task.  However, he also won't have anything to do with homemade baby food anymore.  We found these pouches when buying food for a trip and he was hooked.  I like that the veggies are organic, the pouches produce little garbage, that he can feed himself, but most importantly, that it is keeping the taste of veggies in his diet while we slowly work on chewing veggies.",0,0,2011-08-16,0.0
486468,B002HO0F1Q,5,1326326400,The Best...,"I am a fan of spices... No one has what Tabasco has. The healthiest out there. Only 30 mg of salt per spoon. Others not only cannot compete with Tabasco's taste but they have 200 plus mg of salt in each spoon. That is ridiculous amount of salt. Do not need to refrigerate the Tabasco bottle for one year at all so you can leave it outside at room temperature.  I have been using Tabasco for 40 years all over the world. I add <a href=""http://www.amazon.com/gp/product/B002HNS55A"">TABASCO brand Pepper Sauce - Original Red Gallon</a> to all my dishes since it is the spiciest of all. It is not thick like the Chipotle but it is very unique test when I am making dishes that have many different ingredients since it mixes well. I add <a href=""http://www.amazon.com/gp/product/B002HNZRKQ"">TABASCO brand Chipotle Pepper Sauce - Gallon</a> to the tortilla pizza that I make with cheese and herring since this is heavier and tastier but not as spicy as the original red or green. I add the green <a href=""http://www.amazon.com/gp/product/B002HNQV2Y"">TABASCO brand Green Jalapeno Pepper Sauce - Gallon</a> with anything that I make with eggs including the egg sandwich in between tortillas since this is the best with eggs. I love beans and lintels so after cooking those I add serrano chilli pepper deeped in Italian vinegar, extra virgin olive oil, eggplant and the Habanero <a href=""http://www.amazon.com/gp/product/B002HO0F1Q"">TABASCO brand Habanero Sauce - Gallon</a> and I can tell you that becomes real hot. I place the mix in between hot tortilla with avocados for consumption. Now that does not mean that I am limited with these food selections since many times I may mix all those Tabascos together. Regardless, I have never been disappointed since it is truly delicious, spicy, hot without all the garbage and additives that it is out there in other brands without the taste. I have a very healthy diet and I consume healthy food without additives. Thanks and Double bravo to Tabasco.",0,0,2012-01-12,0.0
106980,B004DI8E44,3,1307232000,Rejects?,"Got 8 cans all together however 5 of them were smashed to kingdom come. Possibly rejects from whatever store or company they came from. Luckily I know about Amazons great customer service and they were happy to make things right. They offered to send a replacement but since they were out of stock, they ended up giving me a full refund. I buy tons of things from Amazon and usually have a pleasant out come. However sometimes there are some blunders. Fortunately I know I can always contact Amazon and they will always make things right. Thanks Amazon! I &lt;3 thee.<br /><br />Now on the product itself. I have used many times. great for making all kinds of desserts. It is regular sweetened condensed milk. Not Dulce De Leche as pictured. However you can make your own Dulce De Leche by following the steps below.<br /><br />The product gets 5 stars because I like it. However because most of the order was damaged and useless I give it 3 stars. Confusing? Maybe but that's my story err rating and I'm sticking to it. ;)<br /><br />Dulce De Leche<br /><br />1 - 14 oz can of Sweetened Condensed Milk<br /><br />Fill a large stockpot with cold water. Remove the label from the can of milk, and do not open the can. Place the can in the center of the pot; be sure that the water completely covers the can.<br /><br />CAUTION: The can becomes pressurized when cooking, so for safety reasons, don't allow the water to boil vigorously. Simmer gently for about 1 1/2-2 hours for runny Dulce de Leche, or up to 4 hours for more solid consistency, adding more water, as necessary, when the water level decreases.<br /><br />Remove the can with tongs, and cool 15-20 minutes. Carefully pierce the top with a can opener. The tan or brown caramel will ooze slightly from the can when opening. Transfer to an air-tight container, with the lid off, to cool completely. Store refrigerated for up to two weeks.",2,2,2011-06-05,1.0
396852,B000FA15HW,5,1214265600,Hard to find Deli-Rye Triscuits now available on Amazon.com,"I really enjoyed the Deli-rye Triscuits when they were offered in the Evansville, IN<br />market many years ago.  Unfortunately they no longer carry this product in our grocery<br />stores. On visiting a friend in Cincinnati, OH I discovered them on the shelves at a<br />Kroger store. Naturally I was elated with joy. I bought several boxes to take home.  This was the closest area that<br />I could find that carries them.<br /><br />  I did a search on the Internet for the Deli-rye Triscuits and to my surprise found<br />them available on Amazon.com. Now I don't have to drive four hours to get them.  Amazon.com can have them<br />delivered right to your front door.  They come 12 to a box so I can share them with<br />my friends and relatives. They can't wait until my shipment comes in.<br /><br />  The Deli-rye Triscuits have a great rye taste that makes for a great compliment to any<br />kind of spread or topping.  I like them with shaved ham and swiss cheese.  I also like to melt<br />Monterey Jack cheese on them for a hot snack. For a special treat, try them with smoked salmon, cream cheese, and<br />fresh dill.<br /><br />  Thanks Amazon.com for making them available so that everyone can enjoy them.<br />  Duane in Evansville, IN",5,5,2008-06-24,1.0
449471,B000HDMW3I,5,1251590400,Quite Tasty!,"I have always like sardines and recently decided to start eating them on nearly a daily basis.  I bought two cases of these Season sardines in water and started taking them to work to eat as a snack.  I really like the taste!  These came 3 to a can, seemed to be of the larger type.  They still had the skin and bones, which was fine by me.  I love the taste of fish, so I didn't have much interest in the skinless and boneless, bland tasting ones.",2,2,2009-08-30,1.0
94042,B0002DGRPC,5,1178668800,My Dogs Are CRAZY About These!,"When I ordered these, I thought they were a bit pricey, but I decided to give them a try anyway.  I'm glad I did!  My dogs absolutely love these dried liver treats.  And, since my dogs are all small, I can cut the treats in half and still have large enough pieces to satisfy them. They're great for training; I'll definitely order them again, and would recommend them to anyone.",0,0,2007-05-09,0.0
215786,B002Z04ZNQ,4,1335225600,"Light, Clean, Refreshing","One of my favorite coconut waters along with O.N.E. Guava flavor.  Tastes great, but a bit sweet.  Wish it contained less sugar and carbs, but you can cut with water.  Has a mild cotton candy taste.  From personal experience, coconut juice/water is a great thing to drink to cut hunger, headaches, and improve energy.",0,0,2012-04-24,0.0
137838,B00355AMVE,5,1307491200,Convenient and good,I bought these for my grandson who is 7 months old. He loves them and they are just the right size for a snack between feedings. His mom likes the convenience and ease in taking them along. I like ordering these and having them shipped directly to their house. It makes me feel like I have sent them a little present that is practical and appreciated.,0,0,2011-06-08,0.0
142698,B001FA1KJO,5,1261180800,BETTER THAN SEX...,It has the most rich and pleasing taste of hundreds of the different coffees I have ever tried.<br /><br />I only want to sleep 4 hours a day and this coffee keeps me awake--I LOVE THE TASTE OF FOLGERS--in tea bag only.<br /><br />I use my Keurig machine for my hot water.,1,2,2009-12-19,0.5
204607,B00020UGNO,5,1297468800,Absolutely delicious!,"This is the most delicious dark chocolate covered orange peel available anywhere.  It has a smooth, deep, rich chocolate taste with the orange peel being not too sweet.  Have ordered it before and will again many times.  Be careful, it is almost addictive. Have introduced it to friends who have love it and ordered some for themselves.  A treat at an elegant dinner or as a hostess gift.  I absolutely love it.  Yum!!!",1,1,2011-02-12,1.0
357929,B000I4O9XM,5,1226707200,The best!,"This is the perfect mustard to eat with ham sandwiches (or any sandwich that needs a kick of flavor), bangers, or even Chinese food. I've noticed that my favorite Chinese restaurants' hot mustard bears a strong resemblance to this, and I haven't been able to find any mustards this good at the nearby Asian groceries - I'd wager my local restaurants have giant jars of this in the kitchen instead.",0,0,2008-11-15,0.0
142648,B001H3O6UO,5,1287878400,Blues Hog BBQ Sauce,Sweet and tangy with just the right amount of kick.  That comes from someone that can't take too much heat.,2,2,2010-10-24,1.0
482909,B00283A8TA,5,1338768000,Graham Sticks,"When my favorite local grocery store was purchased by a larger chain, they did not continue to carry these; they are my favorite breakfast at work.  And the auto shipment feature through Amazon makes the cost comparable to what I paid for these at the local store.  Thanks, Amazon, for offering options!",0,0,2012-06-04,0.0
239193,B005EV2EJA,5,1348963200,Salty,"Honestly I don't get the whole designer salt thing (my wife bought this), I mean salt is salt right?  I rate this 5 stars, because as salts go, this one is nice and salty, and the pinkish color goes well with our tablecloth or something.",3,3,2012-09-30,1.0
542686,B002C98W4S,5,1317945600,Delicious!,"I use this powder in everything - my applesauce, oatmeal, baking. I love the rich, yet subtle taste it gives my oatmeal especially! A little goes a long way. I bought the single jar but I will definitely order the 3 pack when I run out.",2,4,2011-10-07,0.5
875,B000HDMUQ2,2,1215561600,The chocolate ones are much better,"I have recently stopped eating a number of allergens (dairy, soy, nuts) and these were one of the few snacks which fit into my dietary restrictions.  Unfortunately, these were pretty gross - miserable texture and more cardboard flavored than berry.  I threw them away.  I would recommend the cocoa ones as they are much tastier and also allergen free.",3,3,2008-07-09,1.0
433241,B000KLZ6JE,2,1209168000,Slightly disapointing,"I've bought this candy many times before, although this is my first purchase from this vendor, and might I say the first time I was disapointed. They were edible, but far from fresh. Harder than usual, and slightly stale - My first Amazon disapointment. I'll buy these elsewhere in the future, thank you.",3,3,2008-04-26,1.0
110328,B004867T24,4,1323907200,"My cats enjoyed these, but are they worth the price?","My two cats adored the Petite Cuisine Grilled Tuna treats, and I can't say I'm surprised (they're tuna addicts).  I liked the product because they didn't get sick afterward, which seems to happen occasionally with kitty treats. These ""treats"" are basically three slices of grilled tuna in water sealed in a pouch.<br /><br />Bottom line - if you want to pamper your tuna-loving cats, I think these are great.  But if your cats love plain ol' tuna, you might as well stick with that because it's much cheaper!<br /><br />Five star product with one star deducted for price.<br /><br />In the interests of full disclosure, my cats were fortunate enough to receive these treats through the Amazon Vine program. :)",0,0,2011-12-15,0.0
540001,B0029NUXDK,5,1347148800,SMELLS SO GOOD THAT EVEN A HUMAN'S MOUTH WATERS!  LOL,"Now this is a 5-Star meal in a little pouch! When I tear open a pouch of Pedigree Little Champions Grilled Flavors Variety Pack for Dogs it smells so yummy that I think I've just made dinner, but my 5 rescue dogs know better .... they know those little, delicious, mouth-watering pouches are for them! Easy to order online at Amazon, easy on the pocketbook, easy to store in my cabinets, easy to tear open and pour over kibble, and so easy for even the most stubborn eater to gobble down their dry kibble and think they are getting a Thanksgiving Dinner at every meal!",0,0,2012-09-09,0.0
261491,B000AQHI22,5,1150329600,This sauce is a MUST TRY!,"We serve this sauce at the high-end cafe in which I work.  I stumbled across it in the dry storage area after being curious as to whether it was a bottled product.<br /><br />It is sweet, in fact I would say it is the least spicy thing you could have.  There are things that have no spiciness in them at all, this is the lowest step above that.  In fact, we serve it with coconut shrimp.  When I first had it, I thought it tasted like the thick raspberry vinegrette dressing we served at another place I worked.  We also mix it with hoisin sauce for some dishes.<br /><br />Overall - I cannot recommend this enough!  It is good on coconut shrimp, fried chicken tenders, chicken breasts, and with a little beef brisket (these are all ways I've tried it!).<br /><br />As a bonus - it is actually HEALTHIER than the Heinz ketchup bottle it was sitting next to, go figure!  (I read the nutritional info).",2,2,2006-06-15,1.0
415772,B000EDDS6Q,5,1185753600,super product,"After living overseas for half a year, my family got used to eating real British muesli, and Bob's Red Mill is the best you can find here in the states, authentic muesli at an unbeatable price.",1,1,2007-07-30,1.0
18289,B000SATIGO,2,1341705600,Weak and bland,"Assam is my favorite type of tea, but I was not happy with this particular brand. It is much weaker than other assam teas I've tried, and seems to have no flavor no matter how strongly I brew it.",0,0,2012-07-08,0.0
324411,B000FBQ54Y,3,1313107200,Bahlsen Truffet cookies,I was not very happy when i recieved my order. All the cookies were melted. Very good product. Word of advise. Don't buy any products in the summer time that will melt.,0,0,2011-08-12,0.0
160859,B004H4QZCW,5,1347321600,Great on Pasta,"<span class=""tiny""> Length:: 2:04 Mins<br /><br /></span>Not your typical chili, be adventurous and give it a try.",0,0,2012-09-11,0.0
311782,B000EVG8H4,5,1298505600,gluten-free bread,"One of the best products on the market today for gluten-free individuals. Makes a bread product that can pass for the real thing and you don't feel deprived at all. perfect loaf 95% of the time without intervention in a bread machine. Have also used it for the basics for a specialty bread and it works well. Works well for ""homemade"" hamburger buns and rolls.",1,1,2011-02-24,1.0
410034,B004AWTR6M,5,1326326400,So pleased!,I'm received my 24 pack of Apple Cider and I am so pleased.  It was exactly as described.  Well done!,0,0,2012-01-12,0.0
301336,B003Z6ZGZK,5,1307923200,no issues with expiration date here!,I've seen multiple reviews re: the expiration date is too close...I've ordered this 3x's now and all 3x my expiration date is atleast 9 months out.  I love these little jems!,3,3,2011-06-13,1.0
274666,B001HTI3B6,4,1272326400,Great stuff,"Amy & Brian's Coconut Juice with Lime is pure cool. It takes a couple of swigs to acclimate to the taste, if you are used to the regular Amy & Brian's Coconut Juice (sans lime). But one can into my 12-pack and I was hooked on the tart bite of lime combined with the smooth coconut taste. A refreshing little kick that further tropical-ized my tropical drink. Yum.",1,1,2010-04-27,1.0
126286,B000F8GWRM,1,1263945600,Great if your about to have a Colonoscopy the next day!,"Ordered this item as I am a diabetic.  Decent tasting but absolutely indigestible. Caused major gastrointestinal distress.  Found hidden behind the fold a very subtle understated advisory that some individuals may experience a ""laxative"" effect.  Excuse me but this was way beyond ""laxative"" and lasted more than 18 hours!  This could replace the pre-colonoscopy medicine Miralax. Wait I might be on to something here! At least the the pre-op procedure would taste good.  I subsequently went back to the site and looked at the customer reviews and learned I am not alone in this experience.  Amazon needs to clearly advise customers of this potential in their product description.  Until they do I would hope they refund people who buy it  If you decide to try it after reading this, have a book and a roll handy and don't leave home.",5,7,2010-01-20,0.7142857142857143
31491,B001E5DXEU,5,1263081600,Fo Shizzle,"I have made Iced Chai Lattes with this mix for about five people now and they all LOVE it.  There are instructions on the side of the container that tell you how to do it.  It's very simple.  My only suggestions is this:  When it says to use 1 and 1/3 cups of powder, only use 1 cup.  It can be too sweet if you use the amounts they tell you to use.",1,1,2010-01-10,1.0
478095,B001NZVW80,4,1238112000,My Dog Loves This Food,"I have a 12 year old golden retriever.  I have been feeding him Happy Hips treats for almost a year hoping the glucosamine helps with his arthritis.  He eats the treats like crazy.  I like the fact they are apple, banana, chicken and sweet potato.  They are healthier than store bought treats.  I have the same hope for the chicken & oats dry dog food. This dog food came the other day, I cut the bag open to dump it into a plastic tub and by mistake I tipped it over a little and some of it went scattered all over the floor.  Well, my dog with the arthrtis jumped right up and cleaned up the floor in no time, tried sticking his head in the bag and then wagged his tale licking my face.  If this is as good as the treats, I know it will help with his arthritis.  Amazon is the cheapest I have found for this food, plus the free shipping is a bonus.  I bought mine when Amazon had a 20 percent promotion so it was an added bonus.  Thanks Dogswell and Amazon.",12,12,2009-03-27,1.0
316561,B004FEN3GK,3,1301529600,Good For On The Go,"The Things I Like About These Honey Maid Fresh Stack Crackers--  They are portable, perfect for a lunch box or a brief case or backpack.  The packing makes it easier.  It's compact, and the way the crackers are packed you don't really need to break the crackers apart, which results in alot of the times making a mess, and for different sized crackers.<br /><br />What I Didn't Like About These Honey Maid Fresh Stack Crackers--  I didn't really care for the taste.  The taste is very bland, but then I guess they are also suitable for a topping, which would definitely make them more palatable.  I've definitely tasted other graham crackers that I've enjoyed alot more than these.  I really don't taste much of a honey taste, more of a fake taste to me.<br /><br />Good in a pinch, but that is the best thing I can say about these.  Wouldn't purchase them myself.",0,0,2011-03-31,0.0
250700,B001S34CUW,5,1285113600,Chocolate,Another great example of this fine chocolate makers produce. Good service and fast delivery too.,1,1,2010-09-22,1.0
192408,B006GA666U,5,1349913600,Wonderfulness,You know the K-cup phenomenom has just spoiled our family. Now Amazon is regularly shipping once a month Emeril's Big Easy at a good price and the coffee is terrific. I wish we could get a bigger box so we could live happily ever after.,0,0,2012-10-11,0.0
421420,B001PBKZK8,3,1318550400,They were just Ok,"I was some what displeased with the texture these.  Some what difficult to work with.  But overall, they will do in a pinch.  Patty",1,2,2011-10-14,0.5
227103,B00406ZNL6,3,1313107200,"Okay, not great.","While they were good, they were not as good with some of the other fruit filled cereal we have.  A lot of crushed shredded wheat was on the bottom, probably from handling during shipping.",0,1,2011-08-12,0.0
392105,B004XUDWW6,4,1340323200,Love this tasty rice!,"A co-worker of mine brought this to work for lunch and let some of us try it. I must say I was a little hesitant about Quinoa, only because I had it before and the person didn't make it good at all. But this product was absolutely flavorful, delicious and takes 90 seconds in the microwave. It filled me up with just 3/4 of the serving. The downside is 1 cup serving is like 240 calories, but is so high in whole grain and nutrition, you can't pass up.<br /><br />The rice is not hard at all and seasoned with just the right amount of garlic.",5,5,2012-06-22,1.0
236552,B008HAL7KC,5,1349654400,blk gumballs,I used these to fill a vase for a centerpiece and they came out beautifully.  My customer was amazed on how it turned out.,0,0,2012-10-08,0.0
72535,B004X3VRLG,4,1310256000,No complaints from my mutt,"If our dog could talk he would tell you how much he appreciate these leathery treats that taste of peanut butter and contain papain to assist in digesting the hide.  Whenever I give him one he takes possession of it eagerly and goes to work on it.  Usually he takes a break in the middle but then he'll go back and work on it some more.  On one occasion, he had a bone that he really shouldn't be chewing but he willingly surrendered the chop bone for one of these treats.",0,0,2011-07-10,0.0
129111,B003C4UI7G,5,1311724800,French Roast in a K Cup,"Green Mountain French Roast is the closest to Whole Bean or Ground you will get in a K Cup. I have tried nearly all the K Cup French Roast, and this is my favorite. It has the distinct flavor and smoky taste of true French Roast. You can consider this as a breakfast coffee with hot milk. I love it as a latte, or bolder after dinner. It will satisfy your taste for coffee.  <a href=""http://www.amazon.com/gp/product/B004776JL6"">Green Mountain Coffee French Roast, 24-Count K-Cups for Keurig Brewers</a>",0,0,2011-07-27,0.0
4002,B00110FN28,5,1251331200,Great Snack!,"I have a bit of a sweet tooth. I've tried to ignore it in times past, but the reality is that I want--NEED--a cookie from time-to-time as a welcome addition to my brown bag lunch. These 1.4 ounce single servings make that easy without overdoing it. If I bring one with me I know I'll only end up eating one package and not HALF of a 12 ounce package! Single servings help keep the portion size healthy while not killing your soul by ignoring your need for some desert...<br /><br />Reasonably priced and shipped to your door, these are a great purchase.",1,2,2009-08-27,0.5
354952,B006N3HWGS,5,1278979200,Amazing!,"I have been drinking k cups for about a year and half. I started off on coffee, but my chronic heartburn had me switching to tea. I've tried a lot of tea k cups and this one is by far my favorite. It has just enough spice to make it much more flavorful than the regular green tea k cups (green tea is my favorite tea). This k cup is delicious with Stevia in the Raw brand stevia then pour it over ice! I can drink it all day long...",3,3,2010-07-13,1.0
188055,B001NXM3I0,5,1274400000,"My toddler still loves these now that he's a ""big boy""!","I started using these when my son was about 10 months old and stuck with them because they're organic, they have actual greens in them (amazing!) and HE LOVES THEM! Now that he's 2, he still asks for them. Who am I to argue?",0,0,2010-05-21,0.0
339046,B000HJ7AIY,5,1249084800,Wonderful Product,I purchased this product two weeks ago and placed one in the kitchen and the other in the dining room. I went to check today and there are 6 moths in one and 5 in the other. I'm pretty impressed. I highly recommend this trap for anyone with moth problems.,2,2,2009-08-01,1.0
49827,B000EUIZ8K,3,1301011200,price,I purchased this tea at the very end of September 2010 and paid 19.46 for 6 boxes and now less than 6 months later it is 27.29. Seems like quite a price hike for the same item.,2,6,2011-03-25,0.3333333333333333
39145,B001HWD2OG,5,1331078400,Goodbye Rawhides! Hello Peace of Mind - & Dogs Love 'em!,"Love these! Well, because...we have 3 dogs (2 were unplanned children ;-) & our 60-LB German Shepherd AND our 40-LB we-have-no-clue-what-she-is dog have both choked on various shapes & sizes of rawhides. The Shepherd choked so badly that, this time, it wouldn't come up. She couldn't cough & started to literally choke to death. I actually straddled her back, attempting the only thing I  knew how to do - the human Heimlich Maneuver! Like where exactly is a dog's sternum, anyway? Well, I tried anyway and thank God it finally did dislodge & we got it out! Was it the Heimlich? I don't know. Probably not. I mean, she still won't tell me... After all, I guess it was very traumatic for her.<br /><br />But in all seriousness, what I do know, is that was the last time any of my dogs have had any kind of regular rawhide bones! Which, I really wanted to let everyone know of my personal experiences; I believe anybody who is at all concerned about giving their dogs rawhides and/or experiencing a similar problem is on the right track to avoid them.<br /><br />Our small part Chihuawa/part something else, first 2 times in-a-row, threw up repeatedly w/rawhide pieces and w/foam. He was VERY sick the 3rd time, so we definitely stopped that! The ONLY kind I did finally take a chance with were granulated rawhide munchy sticks, & they're all fine w/these; though I'm still nervous about them choking on a piece, but neither of them have had any problems with Boodas so far, & they don't swell up in their throats like regular rawhides.<br /><br />So, now... It's Booda Bones!<br /><br />Yes, they are a bit on the pricey side, especially for my 2 larger aggressive chewers. I agree with some other reviewers that they are not very long-lasting. But it's all I'll give them now. But, for my half Chihuahua/half something else(20lbs), I give him the smallest ones and they are like mega-saurus bones for him(it is my hope that the manufacturer will start selling these in bulk packages, for less $). I get 3 different sizes for my 3 different whatever-they-are-dogs. They absolutely love them! This includes the assorted flavors, the bacon-flavored, and the yogurt-flavored. Whichever is cheaper at the time and shipped by Amazon.<br /><br />And I owe a big thank you to Brian Amazon, all of you for all of your reviews, Booda Bones, and Amazon!<br /><br />** Confession: This was originally a comment I posted to a reviewer by the name of ""Brian Amazon"" a long time ago. I have been buying Bones from Amazon, and, only Booda Bones, ever since. They are so great that I've been wanting to write a review, & now finally have the chance to (I have, however, resorted to copying and pasting much of my original [brief... LOL] comment, with some editing).",2,2,2012-03-07,1.0
554615,B000EVOSH6,5,1194134400,Candy from my childhood.....,"As an Army brat, I basically spent my youth in Germany.  This was many, many moons ago in the fifties, actually.  Gummi bears were the staple movie candy and so whenever I treat myself to goodies now it usually is a version of that.  This candy did the job and was a great taste trip down memory lane.  I did not share.  I want more.",2,2,2007-11-04,1.0
396429,B000LKTMLM,5,1301961600,Very nutritious!,I like this product alot. It has 8g protein and 6g fiber per 4oz serving. It is easier to eat than the brand nuts one. It is not real hard like the other brand nuts one. It comes in a box with 6 smaller boxes of cereal. It is a heavier cereal and the boxes are smaller than regular cereal boxes. It is very nutritious and healthy. No added sugar and no flour. It is all sprouted grain. This is what I need. I hope you like it also.,5,5,2011-04-05,1.0
99270,B0009ETA76,5,1295136000,THANK GOD FOR FENUGREEK!,"I was adament about breast feeding my baby. Everything was fine while I was at home, I had no problems breast feeding. But when I had to go back to work, I wasn't getting much through pumping. I made sure to drink plenty of water and ate enough fruits and veggies. But I guess some women don't produce a whole lot. I tried the Mother's Milk Tea first before ordering the herbs. I took if for a week and didn't notice a thing. I was depressed bc I didn't want to supplement but the demand was more than the supply!! I ordered the Fenugreek and the Blessed Thistle. I read other reviews saying to take both so I thought, mindaswell. After 1 day I was producing more! Before I would pump and get 1oz. from one side and maybe nothing from the other. Now, I get 3-4oz. from each side per sitting(pumping) And while at work I try to pump every 2 hours. It's hard bc I am a hairstylist and usually very busy. But I could care less what anyone says! I have to feed my child, so I go in the back and pump. I do take 2 of each pill 3 times a day. I do have to get up in the middle of the night and pump to relieve myself. I'd say if you don't want to have to do that, skip the 3rd dose! But my son usually gets up once anyways to eat so I just pump what I can. Hope this helps!!! It helped me so much. :)",1,2,2011-01-16,0.5
167759,B0001FR0B6,1,1345939200,Pricing is out of whack.,You can buy a case of 24 on this same exact site for a dollar less than a 6 pack....and the 6 pack price on Amazon is twice what you would pay for it in a grocery store.<br /><br />Pay attention folks.,1,1,2012-08-26,1.0
63094,B000QV4U4U,5,1308614400,Great Rub,"We've been using this on almost everything we cook. It was so good that I started sharing samples with friends. Now, I'm running low. I should try to get some samples from my friends...LOL!!",0,0,2011-06-21,0.0
562691,B0009YJ4CW,5,1337731200,Awesome Toy,"My dog-Chloe Cupcake-absolutely loves this toy! When the toy it empty she carries it around to let us know to refill it. She has destroyed the Kong toys like they were nothing, but this has so far withstood the test of her constant chewing. I'm not sure why there are quite a few who've had bad experiences with this toy...perhaps they've bought a size too small? Not sure...I just know I love this chew toy. Keeps Chloe busy and happy.",0,0,2012-05-23,0.0
484458,B00020HHGS,4,1347494400,Great product.,"this is a great product,it helps to relieve my bloating.I will order it again.Thank you.its better then anything else i have tryed",0,0,2012-09-13,0.0
113172,B0030F70LO,1,1258761600,Made in China,"Beware...these are made in China.  I personally would never purchase a food product from China, and it was obvious on this listing that this are in fact Made in China.",1,3,2009-11-21,0.3333333333333333
297488,B00141OX52,5,1260835200,happy dogs= Happy Hips treats,"If your dogs need glucosamine and chondroitin, this is the product for you. It must be tasty because my 14 1/2 year old Westie loves it as does her much younger sister.",0,0,2009-12-15,0.0
294884,B005V9UG18,4,1307059200,Would recommend,This product has a great vanilla flavor and is one of the best meal replacements that I've used.  This is also a good deal-I was paying $2.85 plus in the supermarket.,0,0,2011-06-03,0.0
306743,B000KNB0OW,5,1256083200,Oatmeal,First time buyer of this product but they are very good and I'll be coming back for more.,0,1,2009-10-21,0.0
554593,B008MMJTKU,5,1340150400,Dietary good sense,"This is simply the best of its kind.<br />It is high quality for a competitive price.<br />When you get other bulk seaweeds- you'll find god-knows-what when you re-hydrate it.<br />I rehydrate this fine product for 20 min., toss it in siv to get ALL the water out, then I mix it in a bowl with chopped scallions, tofu chunks, dried chow mein noodles, tamari/soy sauce and lime juice.<br /><br />Peace. ;-)",2,2,2012-06-20,1.0
469026,B000084F5E,3,1282780800,Excellent for your cat -- if he/she will eat it.,Great product.  High protein low carb.  But my cat wouldn't touch the stuff.  Hard to figure how to rate it.  But I settled on a 3.,2,3,2010-08-26,0.6666666666666666
335594,B008JATLM6,5,1351123200,Best flavor they make,"Of all the Sobe energy drinks, the fruit punch is the best flavor.  I don't know why Pepsi decided not to make this flavor anymore.  I've been stock piling but have run out of resources.  Hopefully they will change their minds and make this flavor again.",0,0,2012-10-25,0.0
489282,B002EDGZB4,5,1346803200,excellent cookie,This cookie has a taste unique to any other cookie on the market.  I can only find them online since i live on the east coast now.  Portland Oregon favorite,0,0,2012-09-05,0.0
104830,B006N3I69A,1,1299456000,Not at good as I would expect,I do regret this purchase because I could have gotten a better value with generic brand and still get the same thing.  This product is truly awful.,1,1,2011-03-07,1.0
119636,B004770O08,5,1297468800,pleased,very tasteful  smells great  and taste great  not very strong  but thats how i like it,5,5,2011-02-12,1.0
255919,B00507A1D4,4,1350345600,Can't always believe what your READ!!,"After reading the mostly negative reviews I was skeptical about purchasing this product.<br /><br />  ""Taste like pennies"", ""Potting soil"", ""Over priced"", ""Murky Water"".<br />Okay, whatever.<br />Here is what I actually thought of the product.<br /><br />After taking out a bottle, I looked for the ""murky, potting soil"" in the color. What I seen is a coffee or flat coke color. I don't see anything that turn my stomach, so to speak.<br /><br />I wanted to try one, so I put one in freezer to get a quick cold one{I also tried one warm, but I will get to that in a minute}. After about 15 min. I mustered up the courage to take a sip{was afraid of the penny taste}.  I was PLEASANTLY surprised to not have the lingering taste of ole Abe. I have tried both warm and chilled & it did taste the same.  Water is BEST drank chilled!!<br /><br />BOTTOM LINE:<br /><br />This taste like spring water, not like money or any other metals. There is little to NO after taste to this.  There is NO scent.<br />Personally, I HATE drinking regular water tap or bottled water. This water, to me, quenches my thirst and tastes pretty good.<br /><br />All I can say is this, try it and form your own opinion{I would try a bottle, before buying a case}.<br /><br />The ONLY reason I DID NOT give 5 stars is because I do believe the price is high.<br /><br />That being said, I DO GIVE ""blk."" FIVE STARS!!!!<br /><br />My statement is MY personal opinion.  :)",0,0,2012-10-16,0.0
117605,B0016B7Z32,4,1347753600,It works for me and that is all I care about,"I read some of the reviews on here and I almost didn't purchase.  But I reached a point where due to my erratic work schedule, trying to fit in my studying time and completing assignments, my sleep pattern was disrupted and it was affecting my mood and concentration.  So I bit the bullet and purchased this at a local B&M store.  When I got home after work, I boiled some water and opened the package.  I noticed that this tea was packaged in a plastic bag so I guess it did has a pungent smell.  I opened the plastic bag and took a big whiff.  I was kind of disappointed.  It doesn't smell as bad as some of the other reviewers made it out to me but then again my nose has been wonky for some time so it could be me.  Yes I will admit that it does has a funky odor but it is not that strong to me.  To me, smells like this health food store I used to frequent in the Hyde Park neighborhood.  Very musky but weirdly comforting.  I have tried it with peppermint, turmeric (for a different affliction) and I have tried it plain with stevia and it taste okay to me.  I wouldn't say I have an iron stomach because I can easily get sick if food is left out in the open not at the proper temperature.  For me, this product took about two days for it to kick in and I am now able to sleep for a full eight hours straight instead of sleeping in fits of four hours here, wake up for about two hours, sleep for three, wake up for a hour and sleep for another four hours.  For those with sensitive noses and sense of taste, you have been amply warned by other reviewers.  For others, I say give it a shot or at least pair it with some other teas to dilute the taste a bit.  There are some great suggestions mentioned by other reviewers, like mint for example.",0,0,2012-09-16,0.0
439298,B0040PSVDY,1,1312329600,Quality Control Problems,Some caused gastrointestinal disturbances.<br />Some cans may have only two pear halves: Some cans may have six.<br />I discovered the discrepancy too late to return to amazon.com<br />Suspected recalled product but can find no evidence.<br /><br />Beware.,2,3,2011-08-03,0.6666666666666666
294070,B000W8R77Y,5,1330819200,great product,"mixes well with soda water, coffee and as a flavor for ice cream. Also works with certain alcoholic drinks. Altogether is a great product.",0,0,2012-03-04,0.0
64451,B001EO5U60,5,1291248000,"Yaow, this stuff is great!","Life is too short for bland food!<br /><br />Mix a little of this with water, let it sit for five minutes, and kiss your nasal congestion goodbye!  Wow!",2,2,2010-12-02,1.0
445352,B000T8TEZU,4,1350691200,"Wow, that is sweet!","This IS the sweetest of the Walden Farms products I have tried so far, which is only 3 so far. It has a wonderful brown sugar smell when you open the jar. The consistency is.... different. The best way I can describe it would be marshmallow fluff (without the stickiness)  that has been aerated. It is not the sticky gooey caramel that I am used to so it can take a little getting used to. Now the taste isn't exactly straight caramel flavor to me. I would make it out to be a more molasses flavor but it is still very good. My wife, who loves caramel on her apples said that she could eat this on her apples and be completely satisfied. I don't think you can get better praise then that.",0,0,2012-10-20,0.0
423412,B005VOONGM,1,1332288000,Watery and flavorless,"Those have to be the three most boring cups of coffee I've ever had. The first cup tasted like watered down creamer and sugar. Thinking maybe I'd done something wrong, I tried again with the same result. Next time around I used two pods, no cream, and no sugar hoping for a stronger cup. No dice. I really like the idea of the coffee, the organic certification, fair trade certification, charities and initiatives they support, but come on, make me a stronger and more flavorful cup! Brown water isn't going to cut it.",0,1,2012-03-21,0.0
122687,B001MWRT2W,5,1255305600,"""the boys"" love them!","I've been buying these ""bones"" for my two small/medium size pups for a while now and they go banana's for them! Neither has ever had a problem with them and I like that they last a little longer than regular dog treats. I had been trying to find a natural alternative to greenies. With these, I break a medium bone in half each get's one half and it last's them about 15 minutes, pretty decent for a natural chew bone. They are pricey, but I think worth it!",8,8,2009-10-12,1.0
348591,B000E46GFU,5,1254700800,"Good stuff, great price, lovely start to the day","This plain flavor is a welcome alternative to so many over-sweetened and overprocessed quick oatmeals.  I pour this into a glass Pyrex 2-cup measuring cup, add water, microwave for about 2 minutes, and mix in some ground flax seed for a little extra flaxiness.  It's quick and easy, and amazon.com's 6-box price is less than half of what I'd pay at the grocery store.",0,0,2009-10-05,0.0
22433,B0038AXDQM,5,1281830400,my favorite hot sauce!,"I fell in love with Picamas on a family trip to Guatemala a couple of years ago. I've been nursing one large bottle that we brought back with us because I didn't know when I'd be able to find another. It is just a delicious hot sauce, not too spicy, not sweet, just right!",1,1,2010-08-15,1.0
96531,B003P7ZMDA,5,1306886400,This tea is over price here on Amazon!,This tea sells at Walmart for $1.98 per 64 ounce bottle. There is no free shipping it is already added into the price. This is the is the best tea but this is not a good price at all. 8 of these bottles would be a little over $16.00 with tax at Walmart.,0,2,2011-06-01,0.0
341024,B003ULLA64,5,1306022400,Rumi's Honey Bush Tea,"Loving this tea, and can't find it in my local stores any more.  I love the taste and love that it never seems to change.  Sometimes I drink it the next day and it still tastes freshly brewed.  Delightful and a good price...",0,0,2011-05-22,0.0
49923,B00430B73W,5,1222300800,Vegan Organic Raw Kosher Choice,"Vegan. Organic. Raw. Kosher. Caring company. Smooth hazelnut and chocolate. Great with a cup of organic coffee. Have ordered multiple times. Product fresh every time. Six star company and products. Previous larger quantity pack of these bars was a ""Vegan Grocery Top Ten"" Favorite. This review is out there for those for whom this makes a difference. See all of my reviews and the vegancompassion Profile for more great choices. Check out ""Vegan Grocery Favorites"" and ""Vegan Grocery Top Ten"" & all the other helpful ""Vegan Grocery"" Listmania. Your input counts and will be greatly appreciated to benefit the search of others. Thank you.",4,4,2008-09-25,1.0
365277,B001SITWC0,3,1303084800,Good flavor but a bit tough,I really like the flavor of these but they are a bit tougher than I am used to.  I dont think I will be buying them again.,1,1,2011-04-18,1.0
383528,B00451WLYI,4,1292284800,"Nice Idea, good flavor, a little bitter","This product gets a 4 star vs 5 star due to one little factor, bitterness. For the most part making a cup of coffee without a coffee maker couldn't be more easy or delicious, though I find that these Via Ready Brews (all flavors I've tried so far) have often a hint of a bitter after taste. Its not so bad that its undesirable, however, I'm sure that goes with having the ground micro-ground to produce your coffee as opposed to filtering through larger grounds to make coffee. I will say as for 'instant' coffee - this is one of the best I've had. Each flavor has a distinct aroma and taste. Doesn't quite replace a freshly brewed cup of coffee though.",1,1,2010-12-14,1.0
115326,B000F4F952,5,1306195200,Love this Tea!,"Received tea quickly and it was wonderfully packaged!<br />I used this tea as a wedding favor at my daughter's<br />wedding. Just attached a label saying ""The Perfect Blend""<br />or ""Love is Brewing,"" the date, and their new address.<br />The individual bags were PERFECT!",0,0,2011-05-24,0.0
244967,B001E5E1PA,5,1218931200,Mixes better than the light version,"I normally buy the light version of this product but last time I ordered Amazon was out of the light so I got this.  For some reason this regular version mixes instantly whereas with the light you have to work at getting it mixed.  Still though I like the light version better, it just tastes better to me and I prefer the texture of the light too.  Good tasty stuff in strong hot tea.",9,9,2008-08-17,1.0
415281,B000VQBIPY,5,1296518400,Indo Noodles,"I first became addicted to Mi Goreng in university. Attracted initially by the cheapness of the product - which appealed to my frequently empty wallet. Soon after I was hooked. Even now as an employed person with a steady income, I still enjoy these noodles. They take me back to a simpler time when furniture was sourced from the side of the road and washed clothes was a luxury.<br /><br />High quality noodles with a great, complex flavour and just the right amount of MSG. Great for quick snacks, or as an additive to stir frys.<br /><br />Note: there is no egg inside the bag - no matter how hard you look.",3,3,2011-02-01,1.0
35752,B001AY9GSC,4,1291248000,Good Tasting Ramen,So I guess I'm the first to try this on this site. So I shall tell you my experience eating it! Only actual ramen i can compare it to is Nong Shim Kimchi Noodle Ramyun. So the main difference is this ramen is MILD and not Spicy like the Nong Shim counterpart. The broth is pretty tasty and not overbearing. The noodles are like the smaller Sapporo Ramen and not the large korean noodles that nong shim uses. There is little pieces of kimchi but its really not much to get the full kimchi taste. Hope you enjoy this ramen to!,0,0,2010-12-02,0.0
225730,B0002IJXDK,5,1322870400,dog favorite!,"I have an Akita.  No other treats have come anywhere close to these for inspiring this dog to do my bidding.  Really, they seem like they have doggy crack in them. Being so small, you don't have a mess to clean up with them crunching though a big treat.  They keep well (much better than the oil, which goes rancid), and are small enough bags to keep around several places.",0,0,2011-12-03,0.0
458415,B000VK4F5A,1,1300147200,Don't Buy These!,These have almost no flavor. They're like eating pure sugar.  I take that back - pure sugar would taste better than these.  Not worth the calories.  I'm hoping the birds will want them.,0,3,2011-03-15,0.0
101029,B0014B0HWK,5,1346112000,tea time,very wonder very light melow taste tea. not over powerful. great sit down read take knote type of tea. i tryed out see how good was.<br />well worth money spend.,0,0,2012-08-28,0.0
116244,B002YJ0118,5,1233014400,Better than Movie Popcorn!!,"Santa delivered a fancy popcorn popper to our house along with this pre-packaged popcorn and we have been making popcorn at least twice a week since Christmas!  Very easy to use, everything is pre-measured and packaged well.  My son-in-law says it is the best popcorn he has ever tasted!  I have to agree and I have been making popcorn for decades!!  You won't be disappointed.",1,1,2009-01-27,1.0
188042,B003J9R3MM,5,1293753600,Revolution Dragon eye oolong tea,"Love the tea, it has a sweet peach/apricot taste. A lot of people have never heard the name before. They can try it at PF Chang.  It's offered on their menu.",0,0,2010-12-31,0.0
85965,B000CMKPDI,3,1168300800,Mildly useful,"I'd heard good things about Poop-Freeze from other pet owners, so I ordered a can.  Sadly, I wasn't as impressed as I'd hoped to be. I followed the directions the first time, and instead of frozen poop, I just had cooler poop to pick up.  The second time, I sprayed for longer than recommended. This gave me cold, but still not frozen, poop. Granted, if you're picking it up with a plastic baggie, cold poop is slightly more pleasant that still-warm poop, but the product implies that the poop will be frozen nearly solid and that is not the case. (Incidentally, we're talking a pug here, not a really BIG dog).",25,27,2007-01-09,0.9259259259259259
367336,B0036SNKZ0,5,1288742400,Great iced tea!,"This iced tea is great!  Even though it says it is sweet, I need to add sweetener.  The flavor is perfect!",0,0,2010-11-03,0.0
277036,B000CE9I9S,4,1274054400,Healthy but don't last very long,"My pups enjoy these chews, but they last ~10 minutes, tops.  However, they're a nice change from other treats and keeps things interesting for them.  They're good to have on hand, just don't expect them to occupy your dog for very long.",0,0,2010-05-17,0.0
54011,B001QEEYAQ,5,1342310400,I Love this Product!,"About 4 years ago we were told that our dog Grace had Chronic Kidney Failure, and that we should switch her diet from a dry diet to a wet diet...I researched wet processed canned dog foods and most of them had potato as an ingredient. Our dog reacts to eating potato, sweet potato, yes she can eat, but not regular potato! So I then figured that I had to cook her food for her! Living in Alaska, fresh is not always available year round, so I found this product, Canine Caviar dehydrated vegetable mix, and it has been a part of her diet now going on the fifth year now...I have a vet friend and she helped me come up with a mixture of this super product, ground turkey, eggs, and salmon, millet, barley, and quinioa... A dog stew ! People would never even guess that Grace is 16 now, and going strong... Thank you Amazon for carrying this product... By the way I have heard that this product can be used to make great human soups too!!!",1,1,2012-07-15,1.0
304132,B001AS1A4Q,5,1248048000,"Five hour energy - expensive, but seems to work.","I'm a big health proponent, so I look down on most of the ""energy"" drinks out there because looking at the bottles tells you it's mostly sugar and caffeine. Not to mention most of them taste like crap.<br />These little gems seem to contain mostly vitamins, some natural supplements and some caffeine. I'm a big coffee drinker, so I know when I've had to much, like when I'm jittery or my stomach gets queasy. But I don't get a big rush from the 5-Hour drinks and I don't get a big crash.  It's pretty even for several hours, and it helps keep me focused and a bit more motivated.<br /><br />I usually take regular vitamins and some B vitamins and a little coffee to keep me going, but the formula in these things does the trick on it's own. Wish they were a bit cheaper so I could take when I want - the price limits me to just a couple times a week when I need to get things done.<br /><br />Probably won't work for everyone, but worth a try. Amazon has the best price I can find - down the street I can get them 2/ $5 but that's the best - otherwise they're way over priced.",1,1,2009-07-20,1.0
185012,B0082C8OKG,5,1346371200,Great Candy,"I received a piece of this candy to settle my stomach on a choppy boat trip. It's fabulous, like a chewy gingersnap. I'm keeping a jar on my kitchen counter.",1,1,2012-08-31,1.0
124038,B004DBOPUI,5,1323907200,Decaf bold and not bitter? Ta-da!,"So my title speaks the truth. I've tried lots and lots of decafs and this Tully's house blend is the best of the lot. Good, smoky depth without any bitterness. Doesn't have that weak taste the Green Mountain decafs have. Have no fear of adding milk/creamer - this coffee keeps its flavor and makes a mighty tasty latte. Closet to Starbucks flavor I've found in a decaf K cup.",0,0,2011-12-15,0.0
350925,B0000DJ7RX,4,1194134400,Tasty and easy to make,I really like this product.  It tasted great and only took a few minutes to make in the microwave.,3,3,2007-11-04,1.0
550714,B000GWLR72,5,1217203200,Yummy chips,"These are the best chips I have ever eaten. Everyone in our family loves them. Sweet but spicy- crispy....really good. Delivery was perfect, no crushed chips. Fantastic overall.",1,1,2008-07-28,1.0
288346,B000ENUC3S,5,1314748800,Love Lara bars!,"I've tried almost every flavor and Key Lime is my favorite. Getting the entire box through the ""subscribe and save"" option is a steal!",0,0,2011-08-31,0.0
343530,B00004RBDZ,5,1280188800,Great Fly Trap,"I installed this trap in my backyard and it is working great. It was installed on Friday and within 4 days, it's trapped probably 100 flies and is still working away. It takes a few hours to activate but starts working almost immediately. If you have a fly problem, try this and you'll be happy.",0,0,2010-07-27,0.0
254610,B000144GWS,5,1316476800,"Yup, it's all true!","I rarely try sample foods in grocery stores (strictly a get in and get out shopper). Several years ago, Whole Foods was sampling steak bits seasoned with Borsari...I thought it tasty and tried a shaker. I am on my 3rd jar(even though it lasts quite a while as I only use on cooked/grilled red meats). Borsari creates an outstanding, mouth watering flavor. I also give it as a small gift to friends and family who invariably ask later...""where can I buy that stuff?"" Luckily I can get it in my local Whole Foods but when I move away in retirement to a rural community, I'll be glad to know I can find it on Amazon!!! and yup, all the great reviews are true :)",0,0,2011-09-20,0.0
483529,B001E6K63A,5,1168387200,best cereal ever,this is really good and had not been able to find it for a long time,1,1,2007-01-10,1.0
338677,B000EM8UJ2,5,1314921600,use it in everything,"This little box of soup does a LOT.  Great price; fast ship; SO convenient.  I hate going to the store and standing in line, plus not being always able to find this particular flavor.",0,0,2011-09-02,0.0
393288,B001UHQRQS,1,1345680000,pictures,nothing like the pictures and in fact a lessor product.....will not order it again..<br />not in their best interest to do such....,0,0,2012-08-23,0.0
44529,B0029NVIP2,5,1291248000,Pedigreee Good Bites Skin & Coat,I had previously purchased but recently I looked for these at our local stores and could not find. My dog loves them and I do believe they help her coat to shine.,0,0,2010-12-02,0.0
384811,B003O7DVY8,5,1294185600,Best dessert ever for chocolate lovers,I have been making this for a couple of years and it is always a really big hit with my family and guests.  A little goes a long way so one mix serves several people.  It also keeps a long time in the fridge.,1,1,2011-01-05,1.0
510872,B000JLB5L8,5,1319241600,baa baa delicious,"I started using this in the show ring with my Sheltie a few years ago. It was a great way for the dog to pay attention to me and cut small pieces that I can hide in my cheek. Now we are training our german shepherd and its wonderful that she loves it. Lamb can have a high fat content so if your using it for treats, less is more. You can cut this is small pieces for treats or you can feed them with it which makes it the perfect food when your on the road. I highly recommend this product for your fur children.",0,0,2011-10-22,0.0
557333,B001EO6ASM,5,1217548800,delicious coffee,"Great coffee, organic, shade grown, fair trade, and delicious--at an unbelievable price. It's a LOT of coffee so I just freeze the extra. Bye bye starbucks--hello to homemade.",8,9,2008-08-01,0.8888888888888888
549382,B004728MI4,4,1283472000,4 Stars for price and taste,"I got the sea salt and vinegar chips from Kettle.  I am used to the Salt and Vinegar chips in the white bag if I am allowed to say that.  Anyways, my first impression for this is wow at all the chips you get for the price.  I got the 9 0z x 12 bags and wow it is so many for the price.  You can tell they are high quality chips just from the packaging, also.  Well being used to the cheaper chips I wasn't expecting how mellow these things are.  The ones I am used to have a really sour taste to them which I didn't mind but they had tons of flavor.  These chips don't have any sour to them at all, and taste just like them but a lot less strong aftertaste.  If you want to try out Salt and Vinegar chips I suggest you try these out first.  So, for the price and how many you get, these chips are definately worth it.  They are thick and crunchy like the more expensive chips you get at high quality restaurants.  I recommend these, 4 stars.",2,3,2010-09-03,0.6666666666666666
551236,B001EQ5JJQ,3,1241308800,"This tea is fine, but it is not a fine tea","Based on reviews, I expected something better. This tea does beat Lipton yellow bag, but it is not better than some of the better bagged teas. It is nowhere near as good as some other loose teas. It is OK, if you need your caffeine fix without offending your taste buds, but that's about it. If you can appreciate this analogy, it is like a very high quality cigarette: better than low quality cigarette, but not as good a a cigar or a pipe.",3,5,2009-05-03,0.6
549509,B001RQOY94,5,1261958400,Good quality sausage casing,"My wife was very happy with the casing. It's durable, well made, no leakage. We are now able to taste our homemade barbecue sausage in our backyard.",0,0,2009-12-28,0.0
461112,B0045PCB6C,4,1304294400,Good Coffee Great Price,The Brand speaks for itself.  Tassimo Discs make for a good cup of coffee anytime.  Buying the 5 pack saves you a bunch of money.,0,0,2011-05-02,0.0
190453,B003VCULUS,5,1341964800,GREAT,This coffee is very mild and it a nice taste coffee Not bitter at all. This is my 4th time ordering this coffee. Its shipped real fast.,0,0,2012-07-11,0.0
67703,B007OXJK3Y,5,1341964800,Love the large size,My dad has become addicted to flavored coffees since someone sent him some as a gift. The problem is that he drinks at least 6 cups per day.  I've purchased many flavors to determine what he likes best.  This is one of his favorites.  It isn't one that I particularly care for but I do love that it comes in a larger size than I can get from the manufacturer of my coffee machine.,0,0,2012-07-11,0.0
194542,B003ZT61E2,5,1319932800,Nothing better on an Autumn day,"Maxwell House has done us all a favor by releasing this awesome blend. Smooth , calming flavor that continually resonates through the taste buds. Best when served piping hot. For even more flavor , I dropped a peppermint candy piece in the cup , and let it melt. Reasonable price for great coffee.",0,0,2011-10-30,0.0
392102,B005T7NW18,4,1327622400,Doesn't really give the choco minty taste but still good,"Dropz give you a hint of chocolate mint, but don't really knock it out of the park.  However, they rare really tasty.  The small boxes are easily portable.  You can drop the box in you bag and keep going.  Though they're small, I found they lasted long.  Well worth buying in bulk.",0,0,2012-01-27,0.0
500576,B003QNLUTI,5,1297555200,It Works,"I really like the 5 hr Energy because it has no caffeine, no sugar and it works.  I like the fact that it has vitamins in it.  It helps get me over the last few hours of work when I start feeling sluggish.",0,1,2011-02-13,0.0
95804,B001E6KBYE,4,1309996800,Chocolate doesn't really go with cereal and is a bit waxy,"The first time I tried this cereal was when I bought a sample pack sort of thing of Special K. My first impression was pretty good. This time around, I wasn't as impressed. Don't get me wrong, it's a good tasting cereal, but it doesn't really work. The combination of chocolate and cereal isn't that great. Also, as some other reviews pointed out, the chocolate is a bit waxy. It's not a big deal, and it makes sense considering that they need to make it so it doesn't melt in the milk, but still it's not necessarily pleasant. Out of the whole Special K range, this is the 4th best, falling behind the vanilla/almond, berry/yogurt, and strawberry.",0,0,2011-07-07,0.0
25944,B001650VPC,5,1279670400,Best Hot Chocolate you can buy.,"I love this Hot Cocoa.  It is the same that our local Bob Evans serves.  I used a single serve package of another brand just to see how much I should mix of the Bakers.  What I didn't expect to see was just how smooth the Bakers mix was compared to the ""other brand"".  And after my first cup at home, I'm hooked on Bakers Hot Cocoa. . .. and need to decide to whom do to give my ""other brand"" leftover packages!",3,3,2010-07-21,1.0
291591,B0044X1ISC,5,1290297600,Love it,Just a little bit of this stuff goes a long way! A few pinches in any dish will liven up a dish. It is flavorful. I am amazed at how many different items I can use this for.,0,0,2010-11-21,0.0
54750,B002RU3GH0,5,1299801600,"cooking, haircare, skincare and more!","Our family avoids chemicals as much as possible, so we use coconut oil for cooking, haircare, skincare and more!<br /><br />We use coconut oil as a moisturizer in place of skin lotion (add a couple drops of a good quality essential oil!) We use coconut oil to saute or steam saute foods; I use a spoonful of coconut oil in our stainless steel cookware so foods NEVER stick! We also use it in our microwave popcorn popper with sea salt for the healthiest, tastiest popcorn around!<br /><br />Coconut is a solid at cooler temperatures, it will turn to liquid when warmed ""slightly"" to the mid 70s.  Hence I store this bottle above our stove / microwave so it's usually a liquid. To make it MUCH easier to use, I have a wide mouth glass jar that I keep refilled.  When the jar turns solid I can still scoop the oil paste out with a spoon.",15,15,2011-03-11,1.0
423312,B005VOONGM,4,1332201600,Excellent coffee in a great portable package,"I'm by no means a a coffee expert, but I do drink a ton of it every day.  I do have sensitive tastebuds, and can tell the differences and nuances between a Starbucks Sumatra and a Dunkin Donuts dark roast.  My taste ranges mostly for medium to strong flavored coffees.  This coffee is on the medium side of the flavor spectrum, and it's free of the sourness found in some store brands.  I would call it a mild medium, and I like the portable package as a way to break up the monotony of what's offered at the office.  I can keep a pack or 2 in my desk drawer whenever, as the individual wrapping for each pod is quite handy.  There's nothing terribly distinctive about it- just a clean tasting coffee.  I will say this- I prefer it over the Starbucks Sumatra offered at work.  Recommended.",0,0,2012-03-20,0.0
390056,B006J7GJQW,3,1331769600,great product... ridiculous price,"I LOVE both these and the Cocoa Roast Almonds, so from a product stand point a total thumbs up!  But to pay almost $33 for 3 packs is a total rip off.  That's $11 each, about double what you can get them for at Wal-Mart for!  Don't waste your money!",1,1,2012-03-15,1.0
464578,B000UBD88A,4,1289606400,It's good but I'm not sure it's the same.,I have been buying/drinking this Dark Roast for over 4 years and have had it on auto ship for the last 2 years. Needless to say I was disappointed when they stopped shipping.<br />This new batch is pretty good but I'm not 100% sure its the same stuff. It seems a little more bitter then what I remember. This could be because I haven't had it in awhile too but I don't think so. It's still good but I just think it's a bit different now.,0,0,2010-11-13,0.0
157741,B000TK6LBS,1,1313107200,What happened to my old Caribou Blend??,"LOVED Caribou Blend.  Found a great price at Amazon, ordered enough to last 5 or 6 months.  K-Cups had a different logo than my previous purchases, and tasted sooooo bad I couldn't drink it.  After opening several boxes and brewing several cups from each box, each cup as bad as the last, I decided to return the unopened boxes.  BUYER BEWARE--I had no idea that the seller would refuse to take back or refund anything on ""consumable"" products.  I'm out a lot of money for really bad coffee and can't find another brand that is as good as my old Caribou Blend.  Any suggestions??",4,4,2011-08-12,1.0
354072,B0019FEOYS,5,1240704000,taste like homemade cookies,"My family and I loved those cookies.  In a matter of fact, I need to order some more.  They reminded me of spiced cookies I used to make for Xmas.",1,1,2009-04-26,1.0
467991,B005HUVI0Y,5,1330646400,One of the only k Kups I like,"Most of the k cups have pretty bad tasting coffe, to me atleast.  This one is just right, not bitter, not too light, not too dark.  I like this one and one by starbucks.  That's pretty much it.  With amazon prime this is my fav morning drink.",1,1,2012-03-02,1.0
139063,B0041CIR62,1,1328313600,Total Disappointment,"Since I really enjoy rice noodles and I love brown rice, Peacock Brown Rice Vermicelli seemed like a natural hit. Definitely not.<br /><br />Using the fry method of preparation, I followed the recipe on the package and the noodles came out tough and tasteless. They didn't absorb the flavors of the other items in the dish (I substituted scallops for shrimp), and the texture (mouth feel) was an unpleasant, rubbery blob.<br /><br />Not giving up, I tried the soup directions, using chicken stock and green onions. Again, no flavor. A mouth full of Peacock Brown Rice Vermicelli is like a mouth full of nothing, but it has calories. It did not absorb the flavor of the stock or onions, but in the soup the texture was more palatable.<br /><br />Before this, I wouldn't have guessed that there was a food that had absolutely no taste characteristics. Water is more flavorful than Peacock Brown Rice Vermicelli and has a much more pleasant texture (and I don't particularly like water).",1,2,2012-02-04,0.5
183614,B00451SGWE,5,1303344000,Low Cal Drink,"After trying this product - I love it.  When mixed with water and ice, or as the manufacturer recommend just add to a bottle of Bottled Water, it is very refreshing.  I am, in fact, drinking a glass while writing the review.",0,0,2011-04-21,0.0
131967,B000CQIDHY,5,1207440000,Peach Black Tea,"Stash's Peach Black Tea has the perfect balance of peach and strong black tea flavor for a very refreshing summer drink.  I usually use one or two peach tea bags along with 2 family sized black tea bags of the grocery store variety.  This makes 2 quarts of great iced tea, with just a hint of peach.  When I want something special I will use only the peach black tea and serve with a slice of peach.  Summer is coming so I just stocked up!",0,0,2008-04-06,0.0
376679,B004NSH6O8,5,1320624000,I loved this chocolate.,"This chocolate is quite a treat.  I love milk chocolate, and prefer it over dark er chocolate, but what I really like about this chocolate bar is that it is not too sweet, like some chocolate bars are, for instance, like a Hershey bar.  Not that there isn't a place for that kind of chocolate, but this is for more mature tastes.  The mouth feel is very smooth and creamy, the flavor is rich, and the almonds are chopped, which I really like.  Maybe my palate is not very discerning, but I had a difficult time getting the ""salty"" flavor, but I might just be missing it.  Overall, this was a very wonderful chocolate bar!  Everyone in my family loved it.  Not your average chocolate bar, and worth the extra cost, a gourmet chocolate.",0,0,2011-11-07,0.0
73533,B002LDA2TS,5,1264464000,smooze mango+coconut fruit pop,"my husband brought this for our toddler...he loved it as well as i loved it ...now we r hooked on it..<br /><br />Few things<br />Good natural ingredients. Better than other junk.<br />Tastes really good. smooth, creamy, not too much sugar like other natural juices.<br />About 50c/piece when buying in retail.<br />If you can't find locally to try try thjis mango flavor first. Other flavor also seems to be good in this review at<br />[...]<br />Do not have to freeze all of them. Can freeze as we use it.",3,3,2010-01-26,1.0
368934,B001D0DMMY,3,1279065600,No sulphur dioxide!,"These bars are soooooo good.  My daughter has asthma which can be triggered by sulphur dioxide and these bars don't use this chemical to preserve the dried fruit. The bars are not hard or crunchy but they are not chewy either.  Texture is kinda like a snickers bar.  Easy on the teeth.  Everyone in my family has loved these bars.  I thought the price was a little high but now that I've tasted them, they are completely worth it.  I used to buy Clif organic Z bars which weigh 36g and these are little bigger at 40g and much better tasting and more nutritious.<br /><br />Update:  I've downgraded my rating because I just bought the peanut butter dark chocolate + protein and it contains soy protein isolates which are difficult to digest and can cause GI distress.  I heard one of the owners of the company on a podcast (Romy Nelson) talking about the cons of this very protein and why they did not use it about a year ago.  What gives!",4,4,2010-07-14,1.0
296114,B001EQ5O2I,5,1346716800,splenda blend,"Superior in my iced tea! Love love love it!It tastes like real southern sweet tea when added and I am cutting my sugar intake in half!maggiemay<a href=""http://www.amazon.com/gp/product/B001EQ5O2I"">Splenda Sugar Blend, 32-Ounce Bags (Pack of 3)</a>",0,0,2012-09-04,0.0
179555,B000B6CYRU,5,1274054400,tasty,Loved the flavor of strawberry and rhubarb - texture perfect for me.  Definitely would order again.  A treat for me!,0,0,2010-05-17,0.0
422750,B001BM4NAE,5,1161907200,Love them!!!,"I have gotten these several times over the last 8 years... they are usually great!  Sometimes they are a little less limey than I like, but overall I keep ordering more.",2,2,2006-10-27,1.0
237480,B0030H1WW0,3,1312329600,Not what I expected,"Cafe Mocha is just instant coffee with cocoa and sugar. The K-cup is empty when it's done making coffee. So I guess if you like instant coffee, it's fine, but I wanted ground coffee with mocha flavoring. Main ingredient is sugar and it's 60 calories per cup. I won't throw it away--it does taste good--but I won't drink it every day. If you made a few of them and added ice and cream, it would be comparable to a drive-thru Iced Mocha Cafe.",0,0,2011-08-03,0.0
206528,B000FL3KDI,5,1214179200,TRUE EXPRESSO TASTE!!!,my first time at tying this delightful frozen drink. WOW.very good expresso drink.taste is excellent! i highly recomend this one!!!,0,0,2008-06-23,0.0
372641,B0083T6HC0,5,1344988800,Wonderful Variety!,"I finally purchased a Keurig brewer, just in time for a huge family affair at my house.  I had purchased some Newman's coffee but thought that this would have something for everyone and boy did it ever!  Half of the fun was looking at all of the samples!  Most of the these were chosen above regular K cups and were a huge hit especially with my niece and nephew.  In fact my niece just asked for the link to this pack as she wants to order it also.  I'll probably always keep these in the house so that people have a variety.  It includes some wonderful items, including hot chocolate!  DARK chocolate hot chocolate!  There is also decaf for those who prefer it.  LOVE it!",1,1,2012-08-15,1.0
490932,B004DN7MI8,5,1227052800,Coffee from Amazon,I have no problem with Tully's Coffee or any of the coffees presented by Amazon.  I have a problem with ordering coffee through Amazon. The one time I ordered coffee it took forever and a day to arrive.  So I decided that made no sense when there are other websites that get the coffee delivered to your door much faster than Amazon can.,1,4,2008-11-19,0.25
400586,B000LBNUUU,4,1221609600,Can you say HOT?,"This took me by surprise. I have been looking for a true HOT sauce and found it with ""PAIN"". The flavor is great! I probably should have went for a lower pain level but why not start at the top. This bad boy opened up my sinus' and flushed the eyes. This has got to be 300,000 on the scoville heat scale. Might be a good idea to mix it down a bit with a mild hot sauce. Excellent!",0,0,2008-09-17,0.0
40708,B0013LVMKW,5,1332892800,Winner,"I love these bars!  I really can't believe that they are gluten free.  I truely would not be successful without having all of the Bakery On Main products that are available to me.  Some gluten free items just don't taste good, but B.O.M. has gotten their recipes right.  Sign up with them online.  They are great at sending you meal ideas and coupons.",0,0,2012-03-28,0.0
558025,B000EM9E2Y,1,1329782400,Nasty taste and texture,"These popped snacks did not have the texture of being ""popped""  They were gritty and had a bad powdery feel on your tongue.  The taste was not that of cheese either.  I have only consumed about three pieces and couldn't stand the texture.  Would like my money back but don't want the hassle of returning something.",0,0,2012-02-21,0.0
153798,B005VOOM2W,3,1337212800,Too Weak For My Taste,"I and I eagerly awaited tasting this, but came away disappointed.  Like many others have pointed,out, this comes accross as just a little too weak.  At first I thought I had miscalculated the amount of water, but it takes two bags to make an 8 oz cup with acceptable body and flavor.  It seems like a nice concept, but the execution is not there yet.  Kudos for the attractive packaging and spirit behind the concept though.",2,4,2012-05-17,0.5
98841,B004G5ZYQU,5,1322956800,"Well, I don't love it, the dog does",Have a crazy hyper dog?  Want to get some time alone?  Give them this moose antler.  A few hours later you will have to wrestle it out of their frothing mouths and hide it.  Lasts a really really really long time (several weeks of daily chew).  Our 75lb beast of an Australian Shepard lies around panting for an hour after we take it away.  Her jaws have to be sore.,1,1,2011-12-04,1.0
517928,B005GTWCTM,5,1344643200,Excellent coffee,"I am Italian and have grown up in Italy always drinking espresso from Moka machines. In our house we traditionally drank Lavazza, either Crema e Gusto or Oro ! I find crema e gusto less acid and a better value. I also loe pro but buy it only if on sale...not worth the difference. Ciao e buon caffe' !",1,1,2012-08-11,1.0
520977,B0008JGWU0,5,1228089600,Good things come in small packages,"I bought this yesterday at the same price from a gourmet wine-country grocery store, and while it is small, the flavor and scent are rich and heavy.  I'm going to use it in a vinaigrette tonight.  I've seen much larger bottles of truffle infused grapeseed oil also which tasted just as good, so it wouldn't hurt to shop around if you can wait (I couldn't-- there's a truffled lobster risotto recipe I've been wanting to try for months).",3,4,2008-12-01,0.75
4830,B00139TT72,5,1312675200,Dogs Love It,"This is going to be short and sweet.  My little (10&13 lbs) dogs love it, easy to eat small bits, and it's a high grade food souce for them.  What more can I say.",1,1,2011-08-07,1.0
306655,B001HTH38A,5,1345766400,Fabulous find,I have tried many brands and kinds of Jasmine tea and have found Anteadote Unsweetened Jasmine Iced Tea the best around,0,0,2012-08-24,0.0
399155,B000VK4K3W,5,1211846400,Fine Food for Diverse Cats,"I have two special needs cats.  One is very small and could stand to gain weight.  The other is too large and needs to loose weight.<br /><br />The smaller cat likes this food. The overweight cat does not over eat on the food, which is a plus for us.<br /><br />We tried Wellness, C&P Organix, Innova Evo (they loved the dry food), Pet Promise, the Whole Foods brand and a few others.  Our cats did not like those brands of food.  Some they wouldn't even eat.<br /><br />They prefer the chicken and salmon brand to the other Newman's Own canned cat food flavors.<br /><br />Pros:<br />* Organic<br />* Peace of mind for the cat owner<br />* Liked by cats with 'special needs'<br />* Preferred over other brands by two very different cats<br />* When I open some canned cat foods, the smell nauseates me. The smell of this brand doesn't have the same effect.<br /><br />Cons:<br />* None that I can think of<br /><br />Bottom line:  This is a good organic canned cat food.  Cats differ in their food preferences.  It's a good idea to give this one a try.  By the way, for a while, one or more of the flavors were only available in the smaller cans.  If that is still the case, you may want to try those flavors as well.",8,8,2008-05-27,1.0
343499,B00004RBDZ,1,1344211200,DOES NOT WORK,"Left it outside, collected a whole bunch more flies outside but none in the container even though it was prepared exactly as detailed.  Stinks!  Threw it out.  Waste of money.",0,0,2012-08-06,0.0
274290,B001LFAXJQ,1,1324771200,Poor Customer Service,"I remain unimpressed and still waiting for the product to be delivered as a Christmas gift to my elderly parents.  While I paid for an expedited delivery date ($22.00)  the product remains stagnated in Maumee, Ohio (Toledo).  The commitment was for this product to arrive on the 21st or 22nd.  It now will not likely appear until the 27th.  I would not re-order from this vendor, World Wide <a href=""http://www.amazon.com/gp/product/B0000DIXL6"">Alaska Smokehouse Leila Bay Gift Basket</a>Gourmet foods.<br /><br />I guess I can wait until the Spring and drive up to see the Mud Hens play.  Unimpressed!",3,10,2011-12-25,0.3
556041,B001E5E0CE,4,1313452800,good every day coffee,We use subscribe and save for this coffee and use it in our drip coffee machine. I like the flavor. It's a good every day coffee. the grind is a little too small for the drip coffee machine but it works okay.,0,0,2011-08-16,0.0
265191,B0001LUGIO,5,1234224000,Decaf Teas,This was a gift and the receiver just loves this product. She said that it is something new each day and wants it again for next Christmas!,3,3,2009-02-10,1.0
178700,B001EO5XP8,1,1196380800,Disappointing flavor,"I thought originally this was an assortment of three separate flavored candy pieces, but was wrong. Still, the mixture sounds good on paper: three ingredients I really like- honey, almonds, apricots. It just didn't taste as you would think.<br /><br />The apricot flavoring, if present (I couldn't taste any), is completely obscured by the overpowering taste of honey. While I like honey, the honey used here seems unusually strong, very cloying taste with a strong lingering perfumey/flowery aftertaste. Some of the pieces contained large chunks of almond, and the toasted nut flavor occasionally broke through the smothering honey to be a good taste compliment. But not all pieces were graced with sizable almonds. I shared the candy with a few friends including one who has had Turkish Delight before, and they all disliked it. We were all left disappointed.",3,3,2007-11-30,1.0
468531,B002GWHDRS,1,1327622400,Not my cup of joe,I tried several cups in my french press and after doubling and then doubling the coffee could barely find the coffee taste. I do like strong coffee but this was more like 60-70% light orange to 25-30% coffee. I know this is a city roast but this is the weakest coffee I've ever had. BEWARE of paid 5 star posters.,0,0,2012-01-27,0.0
440857,B009HXB2JO,5,1286928000,Awesome Product,"I'm not Thai, but I love Thai food and I love to cook at home - with this red curry paste I'm able to make chicken red curry that just as good as what I get in restaurants.  I'll always keep a jar of this in my cabinet - highly recommended!",3,3,2010-10-13,1.0
519894,B000YSTIL0,3,1221177600,Average Chip...,"Firstly, these chips look better than how they are depicted on on the bag. With that being said, it's a corn chip that has olive flavor. There are specks of olive in the chip, but being it's a corn chip to start with, it's hard to recognize them. The taste is distinctly ""olive"" and the salt content is just about right for my taste. I tend to like my chips a bit on the salty side. They have a good amount of ""crunch"".<br /><br />I can't say whether I'd purchase them again. I suppose if the price was right I would. However, I have issues paying a premium for junk food. You can dress it up in a nice bag, put a great name on it, but it's still junk food- it's a corn chip. I'm much more likely to purchase the better known simple brands carried by my local grocery store.",0,0,2008-09-12,0.0
285008,B000EZGC7G,5,1271635200,"Freshest, greenest chives available","I am a chive addict.<br /><br />I use them in cottage cheese, on cream cheese, potatoes, rice, meat and more.<br /><br />As a volume user, the high cost of buying in the small jars in grocery stores is not an option.<br /><br />Not only do I save a lot of money buying in large containers, but as a bonus I get a better quality product than any other dried chives that I have tried.<br /><br />When you look at the contents, you will immediately notice that they are a more vibrant green than other bottled chives.  And in this case, looks are not deceiving.  These chives have a noticeably fresher taste than I have found in other brands.<br /><br />The only way to get better chives would be to grow them fresh in your own garden.",5,5,2010-04-19,1.0
226592,B000FFLTEG,4,1180137600,Simply Delicious,"Dry Soup, how good can it be?  Quite Good.  Ready in minutes.  I buy this product on regular basics.",8,8,2007-05-26,1.0
71941,B001LQTEF4,5,1339459200,"Mild, But Still Delicious","This ginger is excellent.  It is fresh and juicy and isn't stringy at all.  I don't cook w/ ginger, I just eat it straight from the box, so I can't comment on this particular brand's cooking quality.  The cubes are small and generously sweetened, I usually eat 5 or 6 at a time.<br /><br />My only gripe is that it's a little more mild than I prefer, but that's just a personal preference, I enjoy a very spicy ginger.  I was surprised this ginger turned out to be so mild because several other reviewers have remarked how hot it is.  If you're looking for a very spicy ginger, you might try another brand.",0,0,2012-06-12,0.0
456141,B003BJZMSM,2,1332892800,Air,eating these was sort of like eating a salted air bubble.  It was great for snacking because it takes a while to eat one package but they really tasted like salty air.  I am not sure I really liked them at all.,0,0,2012-03-28,0.0
545072,B002BR4MPO,5,1341964800,TASTES GREAT,"I ordered these to use for marathon training. I have a sensitive stomach,but have had no problems with these. They do give me energy during those long runs!",0,0,2012-07-11,0.0
167436,B007PE7ANY,5,1348790400,Excellent Snack,"I enjoy KIND's bars, especially the non-fruit bars. Agrees with my stomach sensitivies, which most store bought products do not. This is important for me because these bars satisfies my cravings for something sweet without making me sick. Good flavor of the sea salt on this one. Different.",0,0,2012-09-28,0.0
30104,B000DZFMEQ,5,1239753600,"""Wonder"" Bread",This is a wonderful bread mix.  It is very easly to make.  The texture of the resulting loaf of bread is the same whether you use the recommended 'heavy-duty stand mixer' or a hand held mixer.  I am very pleased with this product and will continue to buy it for my gluten-free bread needs.,0,0,2009-04-15,0.0
532434,B000VTRI32,5,1281744000,great food,My dog and foster dogs have done well on this food. It is the best priced quality grain free food there is to my knowledge. Amazon's price beats my local stores (including Petco when you factor in the sales tax I pay when I buy in the store). As an Amazon prime customer I was thrilled to see this included in free 2 day shipping- absolutely can't beat this deal!<br />Amazon shipped it in a cardboard box about the same size as the bag and it arrived with the box looking quite the worse for wear. Since Wellness comes in a Mylar bag the bag itself was fine and I was home so brought it right in. If you were  not going to be home when this was delivered and your deliveries are left outside I would be concerned about other animals getting to it. Even with the Mylar bag my dog can rip into this in no time flat and racoons and rats (I live next to a wooded area!) love dog food! Probably not a big deal mid-day but just something to consider. I would not buy food that ships in a paper bag from Amazon- at least not a larger bag (>15lbs) but that is just my experience/opinion. I am thrilled that amazon offers this and would order again from them but will make sure I am home when it is to be delivered.,16,16,2010-08-14,1.0
446137,B0061UQ4ZI,5,1327276800,Pike Place Roast Rocks..,"We purchased 2 54 count boxes of Starbucks Pike Place Roast Coffee K-Cups recently and were very happy with the quality. The wait for Starbucks K-Cups was well worth it. However our next order will be from Sam's Club as they have 54 count boxes for $38.99, about $12 less than amazon.",12,13,2012-01-23,0.9230769230769231
434758,B000VIFCYU,3,1259539200,Leakage issues.,"The Ready to feed idea is great. I recently travelled with my twins on a long flight (almost 20 hrs). It was very helpful especially with two babies. But, it leaked with my regular Dr.Brown's nipples. I was kind of disappointed because it would spill all over my kids's neck. It kind of worked by holding the bottle at a certain angle sometimes. It would be best if it came with disposable nipples. On the return flight I poured the RTF formula into my regular Dr.Brown's bottles and fed my babies. This way there was no leakage. I didn't like the idea of carrying many Dr.Brown's bottles to prevent leakage but atleast I didnt have to prepare formula on the flight with two babies. I would definitely recommend buying these RTF and maybe try it with different nipples.On similac's website I saw that they had disposable nipples but not sure if those would fit these.",4,8,2009-11-30,0.5
357427,B000WHR2MU,1,1285718400,Plastic bottle,This comes with a plastic bottle instead of glass as in other smaller volume options.,1,5,2010-09-29,0.2
86724,B000STZRTW,4,1194652800,Mini bags are the best,if you have children. Everyone gets there own bag and there is no hassel. Kettle corn is the best flavor.,3,3,2007-11-10,1.0
14042,B0045XE32E,5,1299628800,Healthy treats for dogs,"I love that these are made with organic ingredients and a short list at that:<br />  ""organic barley, organic lamb, organic carrots, organic apples, organic palm  oil (preserved with mixed tocopherols, a source of vitamin E), organic molasses""<br /><br />I usually get my dog Milk-Bones (Milk Bone Gravy Bones), which is something I can pick up at my grocery store. And I've always felt like maybe I was buying her junk. But whenk I look at the ingredients for milk-bones, they're maybe not that bad.<br /><br />(Ingredients for regular Milk-Bones, from their web site: Ingredients: Wheat flour, beef meal and beef bone meal, milk, wheat bran, beef fat preserved with tocopherols, salt, dicalcium phosphate, wheat germ, natural flavor, calcium carbonate, brewers dried yeast, malted barley flour, vitamins (choline chloride, dl-alpha tocopheryl ecetate [vitamin e], vitamin a acetate, calcium pantothenate, riboflavin, vitamin b12 supplement, d-activated animal sterol [source of vitamin d3]), sodium metabisulfite (dough conditioner), minerals (zinc sulfate, copper sulfate, ethylenediamine dihydriodide [source of iodine]).) Amazon product link: <a href=""http://www.amazon.com/gp/product/B0043P1OIU"">Milk Bone Gravy Bones Biscuits for Small and Medium Size Dogs, 19-Ounce (Pack of 6)</a><br /><br />If you have a dog with allergies, or want to feed your dog organic foods, the Newman's are definitely the thing. They are about twice as expensive as the milk-bones at Amazon, FWIW, but that is consistent with many organic foods.<br /><br />I have tested my dog a few times to see which she prefers, making her sit and putting one of each on the floor. The first time, she went straight for the Newman's. The next several times, she went straight for the Milk-Bones. So I think she likes the Milk-Bone treats better, but she likes them both.<br /><br />Pros:<br />1. organic ingredients and a short list<br />2. dog likes them<br />3. scored, so that it's easy to break them in half (most of the time)<br /><br />Cons:<br />1. more expensive<br /><br />That's the one con, right? Everything else is great about these.",1,2,2011-03-09,0.5
370126,B00099XMRU,1,1316563200,Not like homemade,My guy loves peanut butter anything but he doesn't like these. He asked me to never buy this again. I don't like these cookies either. They definitely do not taste anything like homemade cookies.,0,0,2011-09-21,0.0
197585,B000Q71L5U,5,1309824000,great!,These have a very mild peanut butter flavor. I was expecting it to be much more overpowering but it is perfectly balanced!,0,0,2011-07-05,0.0
328815,B004DKT33I,5,1342224000,Arrived in a timely Fashion,I bought these snacks while being overseas they arrived here promptly and had no issues with packaging. Will probably purchase again.,0,0,2012-07-14,0.0
86320,B006LP53QY,4,1346976000,Fun new flavors for my candies!,Received them so fast. Some flavors are stronger than others but overall really like the variety they have going! Bigger bottles would be good for me since I have a business.,0,0,2012-09-07,0.0
200568,B003VT26C2,2,1331251200,Pretty potent powder!,"I thought it was just a fluke, but I tested it several times.<br /><br />This stuff COMPLETELY annihilates my stomach.<br /><br />Everyone's body is different, so I can only speak from my own experience.<br /><br />I kept forcing myself to take it because it has a ton of vitamin C in it, but the stomach pains were so bad I had to stop.<br /><br />Only other thing I can say is that i was using a half a teaspoon or less towards the end and it still hurt my stomach.<br /><br />I cant recommend or not recommend this product because I don't know if it will hurt your stomach. And if it doesn't, then rock on!!! That is a lot of vitamin C!!!<br /><br />As for the taste...as long as you mix it with something sweet you wont notice much difference in flavoring.",3,5,2012-03-09,0.6
366967,B001AIQP8M,5,1245196800,Excellent!,"These are outstanding.  As one reviewer noted, they taste like Chips Ahoy!  They are expensive, but very good.  I got these given to me as a gift right after I was diagnosed with Celiac Disease.  They are very crunchy and have a long shelf life, even once opened.  Delicious.",2,2,2009-06-17,1.0
248538,B0002DJFTW,4,1292457600,Petrodex dog chew,"Quite please with my order of Petrodex Dog Chew.  It came promptly as always, and my dog (a mix Maltese/terrier) love them.  In addition,  it keeps his teeth clean the easy way, which I appreciate.",0,0,2010-12-16,0.0
210690,B001EQ4OWO,5,1271721600,"Box of Useless Bags, Great Customer Service","I purchased a large order of these bags (9 boxes), and the first box I opened were totally useless - one of the three sides wasn't sealed.  Of course I didn't discover this until I was outside trying to pick up poop, but that's the way the world works.  I emailed BioBag and received a response within 10 minutes offering to replace the box, so that was fantastic.  We'll continue to purchase these for our little poop machine.",0,0,2010-04-20,0.0
550802,B0006PKB9Y,5,1187395200,Licorice drops and seasickness,"I am an offshore fisherman working on small boats. My partner is german and his family carries this product<br />with them on board to ease their stomachs. While its no cure for serious sea sickness I find these liquorice drops very settling for a queazy stomach.<br /><br />Also this ""candy"" is not overly sweet  -  a problem I have with most similar American made products. Only Problem is that once I start eating them I want to devour the whole package!",3,3,2007-08-18,1.0
220832,B001CCU848,5,1245456000,Best Pod Coffee Ever,The WP Reserve pods in my opinion brew the best tasting coffee you can get from a pod style machine.  Can't wait until the Senseo pods are gone and I'll be using WP Reserve full time.  A bit stronger but very smooth.  I'm guessing that if you try this coffee you won't return to your previous brand.,0,0,2009-06-20,0.0
213890,B001EQ5JFU,5,1216857600,Best Peanut Butter,"This is the only peanut butter I eat now. It has just the greatest flavor and though it's a little pricey, I think I'm worth it! The other flavors are great, too, but this one is my absolute favorite.",1,1,2008-07-24,1.0
302094,B001E5E3AI,5,1168560000,great!,"I use this cereal for not only cereal, but also to make rice crispy treats. Yum!",3,3,2007-01-12,1.0
215846,B000F1TNHU,5,1339804800,Bones that Last,These bones last a really long time and dogs love them. They don't get much off of them and the dogs love the filling.,0,0,2012-06-16,0.0
238314,B000HEA964,5,1331510400,awesome treat,I have had problems finding treats that my picky boston terrier will eat.This is 1 of 2 that she will take and the other is from this site also. Please don't get rid of these my puppy will be lost,0,0,2012-03-12,0.0
312051,B000EVG8HY,4,1285632000,Great product but needs to be packed better,"As far as the product goes - these are excellent.  Can't even tell they're gluten free.  Nice and crispy and good flavor.  Usually they're packed well but the boxed was partially crushed on this last shipment and half the pretzels were broken. They had slapped a shipping label right over the ""fragile"" that was printed on the box.  Not good thinking.",3,3,2010-09-28,1.0
273124,B007PA33NY,1,1316736000,Coffee grounds are everywhere!,"The seal on top of these K-Cups pops open during brewing, creating a huge mess of coffee grounds.<br /><br />This was not an isolated incident:  EVERY ONE in the box does this.  I even tried them in a friend's Keurig with the same result.  Beware!",0,1,2011-09-23,0.0
479886,B000QSR2X4,5,1219190400,not a good price,"This is a wonderful cereal, not only tastes great but good for you, but your price is no great deal.  You can buy it cheeper at Wal Mart.  If you are sharing the quality of this product thats one thing, but if you think you are saving anyone money your not.  Sorry.",2,2,2008-08-20,1.0
420902,B005T530QM,5,1334620800,Meaty deliciousness,"These small jars are full of meaty deliciousness. A fatty concoction of finely shredded duck meat that arrives in a shelf stable jar marked ""Product of Canada."". Delicious on toast or even by itself if you're a fan of meat and pât&eacute;!  The label says it's a single serving, 270 cal, 19g of fat - but what delicious grams they are!  8g of protein and 30% daily value of iron too.",0,0,2012-04-17,0.0
303158,B0002DGRZC,5,1254960000,my 12 year old maltese has always loved these,"No waste , even if she is having a  day when she goes on a hunger strike  she always room for one or 2 or 3 of these and the extra powder on bottom makes a real treat on food , Never met a pooch that did not go crazy over her treats !",0,0,2009-10-08,0.0
49968,B00430B73W,5,1236816000,Best ever....,"Raw Revolution makes the absolute best food bars. First and foremost they're delicious! But in addition they are lactose, gluten, soy and preservative free; contain no refined sugars; are Kosher, organic and vegan. No downsides I can see unless one is allergic to nuts....",1,1,2009-03-12,1.0
367356,B001CPS50E,1,1347148800,Not what I expected,"We were having a hard time finding turkey dog treats in our local pet stores so I turned to the web. Although these treats were much more expensive than this we usually buy, I bit the turkey and ordered them as they are our little dogs favorite. Sad to say, these are really like rawhide, not like jerky. They are much harder to chew and she can't even bite through them. Considering the price paid plus shipping, we are not at all satisfied.",0,0,2012-09-09,0.0
207396,B003D4IYSU,5,1297900800,Very tasty!,"My husband and I are coffee and tea freaks!  We'll try just about anything once.  I really like this tea, even if it's not Christmas.  Very smooth, the mint finish is very nice.  The ginger note is subdued, and not overpowering as I thought it might be.  Well worth trying at least once.",0,0,2011-02-17,0.0
291346,B0000GHXSG,5,1317600000,Wonderful,"Just a solid red pepper-based all-purpose hot sauce. I go through this 32 oz bottle about every 3 months, and am always excited to get a new bottle. It's like christmas morning.<br /><br />I use this stuff on almost everything I eat, particularly sandwiches and pizza. This, plus a bottle of rooster sauce should leave almost anyone contented with their spice options.",1,1,2011-10-03,1.0
218076,B0064MGQVA,5,1340323200,Love these peanut chews since I was a little girl,"Okay I ordered these directly from the manufacturer in Pa. and found I can get many more much cheaper thru Amazon, so that is what I do now. They are unfortunately very good and extremely habit forming. I am the only one in my household of 2 that eats them since my husband complains that they stick to his teeth. Doesn't matter. Where I go Peanut Chews go!!",0,0,2012-06-22,0.0
445045,B002ANCEI6,2,1290556800,Damaged Cans = Rotted Food,"Several cans in my shipment had small dents that did not affect the quality of the product. However I had to call the company as directed on the side of the can to let them know that I threw out four (4) cans of the shipment that had rotted (the smell was horrible).  Despite advertisement of 100% satisfaction guaranteed, no one has responded to my calls in three days.  I have five cats and buy a lot of the product, well I used to buy a lot.  I'm going back to Evo and/or other quality brands that stand behind their products.",3,6,2010-11-24,0.5
401216,B004KUV136,5,1300406400,best GF oats I've tried!,These are by far my favorite gluten free oats that I have tried.  I prefer them over Bob's Red Mill and one other smaller brand that is currently on the market.  I prefer them due to the fact that they are a bit sweeter and thinner cut than the others.  They really are the most like Quaker oatmeal (which is what I grew up on).  So if you like(d) Quaker oats but now need to have certified gluten free oats- this is your best substitution!  You will love to be able to make oatmeal cookies once again!,9,9,2011-03-18,1.0
126904,B000ZONYPE,5,1293840000,It Worked!  That's all you need to know!,"Before I bought this, I did research the best way of setting up the traps on YouTube.  You need to find the a busy tunnel, typically where the newest mound is at.  I bought it here at Amazon and set up the trap on a Friday afternoon.  I checked the next morning and one of the traps caught one!  Hopefully I only have one.  But I went ahead and reset the traps again to make sure.  I haven't seen any new mounds so I'll see what happens in the next few days.<br /><br />Setting up the trap is a little confusing on how to get it up and ready.  But this is my first time doing any traps so it could be just me.  But once you figure it out, you'd bonk yourself on the head wondering why it took you so long to set the trap.",0,0,2011-01-01,0.0
227516,B004BUU488,1,1294444800,Bad,This was smelt of fish and were tough to eat Im was very disappointed in them not at all what I have seen on tv I will not buy them again,5,10,2011-01-08,0.5
433333,B004DBT12A,3,1343952000,OK for decaf,"It is OK, if you are in a hurry for a cup of decaf but I won't rave about it.  I bought it for my decaf drinking friends and family.  I guess I prefer decaf Folger's in my reusable Keurig cup.",0,0,2012-08-03,0.0
269574,B001QEF4RS,5,1297900800,Dental chews for dogs teeth,"My dogs like these the best and I'm glad if it cleans their teeth.  I bought a 32-count for what I felt was a very reasonable price and will buy more, hopefully for the same price.  I have two VERY picky eaters of food and treats, a toy and a miniature poodle.  They turn down practically all treats offered them.  These are their favorite (except for the gourmet duck treats from Costco that I can't find anywhere else).  These are really worth buying.",1,1,2011-02-17,1.0
553455,B002RGOI44,5,1321401600,Great!,"What a great value!  The price was excellent and as always, the product is excellent as well!  Like mentioned elsewhere on this page, the bad reviewers must not be familiar with the product...",1,1,2011-11-16,1.0
164460,B0000E2T68,5,1337817600,AWESOME THANK YOU!!!,We had a customer that requested specifically for the original Dubble Bubble Gumballs to be added on top of their cupcakes!! You were prompt and their are fresh!! The customer gave us rave reviews!! Thank you for helping our small business be successful!!,0,0,2012-05-24,0.0
330691,B001SAWKCM,5,1266624000,Best Mustard,"This is the greatest mustard for many applications.  Unfortunately I have a hard time finding it were I live, so bought through Amazon.  As I live in Canada the shipping charges were a bit steep, however worth it...",1,1,2010-02-20,1.0
358695,B003CIBPN8,1,1296777600,"Zico coconut water is great, but you may get a bad batch","I've ordered Zico Mango Coconut Water three times from Amazon. The first two times, the dozen I received were fine. This time, there was something wrong with the batch; I'm not sure if Amazon used a different distributor or something else happened. The coconut water tasted very strange, with a strong aftertaste, and there was a milky substance in the water, which I've never seen before (I've been drinking Zico for a while). The individual boxes also looked different -- the colors were off (flesh-tone instead of yellow), and the expiration date and batch info were printed differently. I can't recommend ordering in bulk from Amazon, even though it's so convenient and saves money. This isn't the first time I've experienced a bad batch -- as if the food company had sent a ""slightly imperfect"" batch to Amazon to get rid of it. I've had this experience with canned beans, food bars, and now Zico. It's such trouble to call and get a label and send it back and get a refund, especially if, as I did, you break down the boxes and store all the drinks away in the cabinet before you realize they're no good! Just a word of caution.",9,9,2011-02-04,1.0
238804,B002GWH4S6,5,1330128000,Some of the best coffee I've ever had,"This is a medium roast coffee with a rich, smooth mouthfeel.  Brewed in our Viking drip coffee maker.  I'm not real good at coffee tasting notes but it had a sweetness to it that allowed me to use less creamer (typically use the Coffeemate flavored liquid creamers).  Wifey likes it too - she doesn't like dark roasted coffee (ie Charbucks) very much, prefers a medium-light to medium roast.  This one fits the bill.  I will be ordering this again in the 5lb bag size.",1,2,2012-02-25,0.5
273090,B007PA33NY,5,1291766400,very good productVery happy with the,"Very happy with the purchase and the product. I would buy again<a href=""http://www.amazon.com/gp/product/B000V9WSLY"">Emeril's K-cups, Big Easy Bold, 24 Count Box (Pack of 2)</a>",0,0,2010-12-08,0.0
91235,B004HCBKJ2,5,1330300800,Hot,"They have a Strong smell to them but it's a Good smell. Not as Hot as I thought they'd be, still they were really hot. I found myself rubbing ice cream on my lips for 15 mins. xP Btw Shipping was really fast(: When I run out I'll probably buy some more.",2,2,2012-02-27,1.0
259842,B000KKAA82,4,1349913600,the cake was really good but not what i was looking for!,"The cake was nice and tasty, but that's not what i was looking for, anyone from Jamaica knows what the real Jamaican rum cake taste like, but like i said, it was good.",0,0,2012-10-11,0.0
79090,B000LR0Q92,5,1340496000,Butter girl,Try this product on prepared warmed popcorn as a snack the earthiness of the truffle butter compliments the popcorn very well,0,0,2012-06-24,0.0
561754,B005PHPFH6,5,1335139200,Yummy Gummies!,I purchased these gummies as an 'angry birds fan' not because I particularly like gummies or sweets. I was pleasantly suprised; These gummies are absolutely divine!!! The Great taste + perfect texture combined makes for a delicious sweet snack (not to mention the adorable shapes...) My whole family loved them and I will definitely buy them again soon. Also the price was great for the large quantity received. *****,1,2,2012-04-23,0.5
1272,B007237380,5,1332374400,Absolutely the Best,"Have bought this from the folks who prepare it and I must say, this is the absolute best item I have ever tasted. They make this at a farm in Benson, AZ and it tastes like heaven. Highly recommend it for everything...I tend to slice up apples and dip them. Have tried it on toast as well.",0,0,2012-03-22,0.0
112918,B000LKXBL4,5,1258070400,The Supreme Salt & Vinegar,"These are hands-down the absolute best Salt & Vinegar chips you can buy.  They have a great, strong flavor that has left me addicted.  These are certainly my favorite chips.  I highly recommend trying them!",0,0,2009-11-13,0.0
254447,B005GIF5UQ,5,1336694400,Savory Salmon treats at a great price,"My cats really enjoy the salmon flavored treats. They are smaller than some of the other Temptation flavors.  Buying the treats online was less costly than going to the store, they were in stock, and shipped very quickly.",0,0,2012-05-11,0.0
233319,B007TJGZ4A,2,1278201600,No Hazelnut flavor,Bought this as a gift for a Hazelnut coffee lover who disliked it. She said it doesn't even taste like hazelnut. Maybe we just got a bad or mislabeled batch or something but I'm not throwing good money after bad to find out. There are many other hazelnut K-Cups in the sea.,1,2,2010-07-04,0.5
381687,B002ESSKAI,4,1291680000,DELIVERS FLAVOR-NOT WIMPY LIKE SOME,"I LIKE FLAVORED COFFEE THAT REALLY DELIVERS THE FLAVOR.  WITH SOME FLAVORED COFFEE YOU JUST TASTE A HINT OF THE FLAVOR.  NOT THIS ONE - YOU CAN REALLY TASTE THE VANILLA AND HAZELNUT.  I READ A REVIEW HERE FROM SOMEONE WHO DID NOT LIKE THE COFFEE BECAUSE THEY FOUND THE FLAVOR TO BE OVERPOWERING, AND SO I ORDERED IT AND I LOVE IT.",1,1,2010-12-07,1.0
298290,B002GWHATY,3,1276387200,good but lost flavor a lot quicker than expected,"This was really tasty when we first got it and opened the bag, but the flavor degraded into nothing within a week.",1,3,2010-06-13,0.3333333333333333
474609,B000ICPUYQ,4,1226188800,Just a great system,"I love the Tassimo system and have bought 2 (one office and one home) plus gifts for friends and families.  You'll have to try all the different coffees/teas for your own personal preference, but all work as advertised.  Great system, easy to use, and a fresh cup of coffee every time.<br />I buy the decaf for guests, but they seem to love it.",1,2,2008-11-09,0.5
1128,B000UUYOPW,1,1291248000,NOT 6 pieces.,"Even though the item says ""Pack of 6,"" I only received one. I called them up to see where the other 5 were, and they said that Amazon put it incorrectly. Seriously?? They are issuing a refund, but still. I wanted 6, which is what the item says, and instead and only getting the 1. Should we just not trust what's on Amazon now???",1,1,2010-12-02,1.0
244416,B0030VBQ5Y,5,1284336000,Delicious to My Picky 15 month old,"My 15 month old loves this product. I mix this in with food he does not like, in an effort to get him to eat, and it works sometimes. If it fails, I let him have the pouch, and he sucks it right up, and begs for more.",0,0,2010-09-13,0.0
560396,B000G18NQG,5,1296518400,Taste like summer!,"Taste so fresh! The cream adds a nice base supporting a sweet and non-acidic flavor, yet this soup is not heavy!  Very light and works well with many dishes. I absolutely do not miss any extra salt, the flavor is perfect! Truly this soup stands up to anything in a can, only fresh tomatoes from your own garden could ever hope to compete.",1,1,2011-02-01,1.0
83121,B00110FILY,4,1336521600,grey poupon,"Anyone remember that old joke about Grey Poupon that involved two old sophisticated men in a limousine?  I remember that commercial with fond memories, and in fact is the main reason I avoided eating it for so long for fear that I'd become exactly like those men.  Good thing it was just a big joke and *anyone* can eat this stuff without desiring to feel high and mighty!<br /><br />The taste is good but it's not as appealing as it used to be.  I believe they're either making it cheaper these days or simply have changed their recipe for the worse.  Either way old time fans of this product that have been neglecting it over the years may be in for quite the disappointing surprise when they go to eat this overpriced stuff.",0,0,2012-05-09,0.0
554561,B0057OR5KC,2,1337212800,"Tasty, but expensive.","I received a package of this to review from Smiley 360.<br /><br /> I feel that the stock is a bit weak for the amount it claims to make. I added the amount of water that the directions suggested and my soup turned out quite weak. I added another tub of this without adding more water and that helped it out a lot.<br /><br />The soup was still tasty after I added more, but I don't feel like it's cost effective.",0,2,2012-05-17,0.0
189488,B001EO5Q64,5,1309046400,best oil for cooking,"Coconut oil has become the only oil I will use for cooking, especially organic ones. It gives food just the right amount of aroma and flavor. Nutiva is a major brand you can trust, though I've tried & used other brands from local healthfood stores as well. It annoys me that some books & health professionals still knock coconut oil as a fat to avoid on the premise that it's a naturally saturated fat, when in fact it's a tremendously healthy product. SOme say that it helps your body converts fat into energy better as well.",1,1,2011-06-26,1.0
392800,B003VXL0V6,5,1296432000,A favorite at the office,I admit I don't usually drink decaf but this is a favorite in my office and I felt it deserved a good rating.,1,1,2011-01-31,1.0
505962,B0072XA3WS,5,1338854400,Tim Horton's Hot Chocolate,I used to live in Canada but I am now back home in New Zealand so was super pleased to be able to get my favorite hot chocolate sent back home.,0,0,2012-06-05,0.0
387438,B001EO5KZQ,5,1327536000,Best ever!,"Most amazing candy I have ever had... I have my whole office hooked on these Lollipops and now I have more visitors to my desk than ever before.<br /><br />For someone like me who has chemical sensitivity, irritable bowel & gastroparesis.... these Lollipops have been a wonderful treat that do not exacerbate any of my medical conditions. :)",0,0,2012-01-26,0.0
14017,B0045XE32E,5,1298419200,Another great product from Newman's Own,"Confession time. I haven't personally tasted Newman's Own Organics new dog treats but they smell way yummier than most dog treats. (My dog Sheila has tasted them and she quickly started groveling for more. It was pathetic.) Seriously, I don't have to taste these to know that they are good. The Newman's Own Corp. and its spin-off Newman's Own Organics have been making quality food for pets and people for almost 30 years. Their organic products are independently certified as organic by Oregon Tilth, a third party certifying agency for organic farmers. Among other things, their certification means that the products used by Newman's Own Organics are grown on farms that do not use artificial pesticides or synthetic chemicals of any kind during the production of their products. In the case of their Lamb & Barley New Zealand Ranch Style Dog Treats, that includes organic, lamb, barley, carrots, apples and molasses.<br /><br />I'm not seriously into organic products myself but there is precious little regulation when it comes to what goes into pet products. I am glad to see that some people take my dog's health seriously.<br /><br />As consumers, we should also remember that Paul Newman and his companies has given over $200 million to charity over the years. Who better to give your money to?",0,0,2011-02-23,0.0
383293,B001VL07QO,1,1271980800,Red dye in cat food ruins carpeting - don't buy if you have carpet,"Made the big mistake of buying Meow-Mix.<br /><br />Cat vomited (as all cats sometimes due) after eating Meow-Mix. Unfortunately the cat vomited on carpet. Usually unfortunate but no big deal - just clean it up. WRONG! Meow-Mix has red food dyes that will not come out - even if you start cleaning right after the event. We have tried three different cleaners and a carpet machine. We still have two big red/pink stains in the carpet.<br /><br />I called the MeowMix customer service number and asked for some help on how to clean their red dye out of the carpeting. They told me to use a carpet cleaner - Really? Wow. Insightful.<br /><br />I asked them why they put in apparently un-cleanable red dye in the cat food when they know cats are virtually color blind (for reds apparently) and when the cat pukes it is going to ruin their customers carpet. They said market research indicated the human buyers prefer to see a red, meaty, color and their was nothing they could do about it.<br /><br />Yeah, how about not putting the red dye in or using another red dye?<br /><br />Through almost and entire 25lb bag of MeowMix out in the trash and purchased Iams which is no issue to clean up.<br /><br />Thanks for reading. Don't buy MeowMix unless you live outdoors  .",4,8,2010-04-23,0.5
528967,B000E671X4,5,1262390400,A nice change from chamomile and it really works,"Chamomile tea after dinner is a custom in Europe (can soothe over-indulged tummies) but I prefer it before bed as a sedative. The floral scent is almost hypnotic. But sometimes chamomile is boring, and SleepyTime  is delicious and very effective at calming you down.<br /><br />It contains chamomile, spearmint, West Indian lemongrass, tilia flowers, blackberry leaves, orange blossoms, hawthorn and rosebuds. The Tilia is linden flower or lime blossom (not lime citrus, lime as in linden, another name for the tree.) Linden is a known relaxer and is the main constituent in French ""tisane""--that tea made famous by Proust in ""Remembrances of Things Past.<br /><br />The spearmint is rather prominent after the chamomile. This is a very good blend and really does serve to soothe you at the end of the day. It's also a good digestive if you've had a meal that didn't quite agree with you.",1,1,2010-01-02,1.0
358891,B003CIBPN8,5,1275177600,Zico Rules on the Soccer field,"I didn't think they could improve on the original which has sustained me on the most hot and humid days in the mid-atlantic after a grueling soccer game. It works better that any Gatorade-type product I've ever tried. When I was in LA last month, I tried the new original flavor in the bottle and couldn't get enough of it. The only drawback is that it's in only a few stores on the Maryland area. Everyone has the Vita Coco which is always in stock--wonder why?",3,5,2010-05-30,0.6
504961,B003DVMYUW,5,1282867200,AWESOME ALTERNATIVE!!,"WOW - FINALLY!  I have my own specialty baking business - offering wholesome whole grain cookies and breads - after many requests for lower sugar content, from ""anti-splenda"" folks, I found IDEAL...LOVE it and am so excited to try the BROWN sugar version too... the POWDERED sugar version is good too - slightly different taste in frosting than reg. powdered sugar - suggest half and half... but NOT bitter at all... THANKS Hearland Sweeteners!",2,2,2010-08-27,1.0
525771,B00213DW0Y,5,1301616000,No More Spit-Up,"Breastfeeding did not work out for our family, so we use formula. The original Enfamil formula made our baby spit up constantly. We switched to the Enfmail Spit-Up formula and it worked like a charm. Rarely any spit-up. It is much thicker than the original kind. I wish special formula did not cost more though. This can be pretty expensive.",0,0,2011-04-01,0.0
148701,B001OCBT3U,4,1248307200,Good Candy Bar,"Planters Nut Bars are a good candy bar, not a healthy snack choice.  They are a chewy, peanuty, salty, sweet snack.  Just what you would expect out of the typical candy bar. The taste is sweet and chewy with a good peanut taste.",0,0,2009-07-23,0.0
262337,B001EPPJX8,4,1329868800,"Delicious, meets my standard","I was introduced to Oolong tea in Japan, and was looking for that same nostalgic flavor here in the States. The tea is good quality. 1 teaspoon makes about a cup of tea, so the tins last quite a while.",0,0,2012-02-22,0.0
165430,B000XB49U8,5,1343779200,Love this product!,"This is really a good coating on just about anything.  I bake instead of fry and this makes the chicken, veggies, whatever, much crispier.  I usually dip in egg or buttermilk, and roll in the cornbread breading mixed with oil oil or melted butter.<br />Works really good!",0,0,2012-08-01,0.0
76945,B001OCKIP0,3,1243555200,"Too sweet, even for a treat!","This granola was WAY to sweet, WAY WAY WAY too sweet, and it was lacking nutty goodness I expect in a granola.<br />The dark chocolate used in the granola was very good, I found myself picking out the bits, as the sugary coated oats was just too much for me.<br />Well, not JUST sugar, it really was evaporated cane juice (AKA a sugar), Brown rice syrup (AKA another sugar) and molasses (AKA another sugar) on top of the SUGAR and DEXTROSE already in the chocolate pieces.<br />I think my pancreas is in shock. Why so much sugar?<br />And why are the only ingredients (other than the sugars) basically oats and chocolate? How about some nuts?<br />This is basically dried oatmeal and chocolate bits held together with SUGAR.<br />I like a sweet treat, but this is overboard. I would think using 1/2 or less of the sugar in this would have left it tasting naturally sweet. And the addition of SOMETHING, anything other than plain oats would have been a welcome addition for the tastebuds.<br />Nope, for a wholesome snack this didn't do it for me. If I could describe it in two words it would be : SUGARY BLANDNESS.",0,0,2009-05-29,0.0
209658,B0035MZ6JK,1,1325808000,Really Terrible,"There isn't much to say about this variety of Knorr's pasta line besides stay away.  It's not very cheesy and there's no real bacon flavor.  I can only be grateful that I bought two packs of this at the grocery store to try first before ordering a case from Amazon, because it was so bad I couldn't even finish the first packet.  If you've got to buy a cheesy Knorr side, go for the <a href=""http://www.amazon.com/gp/product/B00099XOVO"">Knorr/Lipton Rice & Sauce, Cheddar Broccoli, 5.7-Ounce Packages (Pack of 12)</a>.  It's average, but unlike this pasta, edible.",1,1,2012-01-06,1.0
165403,B0029NSE3G,5,1340150400,Good food!,My dog is quite finicky on the food she will eat.  She won't really eat dry food but seems to like her wet food.  This was a very good deal for 24 cans of Pedigree.  Love the fact that I could choose the kind I wanted to buy for her. Would recommended ordering this item and from this company. Item came well packaged for shipping and for storage. Item arrived on time as well.,0,0,2012-06-20,0.0
417371,B000GG0BOI,5,1317945600,Best nightime sleep aid!,I drink this tea every night after dinner to help me relax and fall asleep.  The delicate scent is great on the nose and the subtle mint flavor agrees most favorably with my taste preferences.,3,3,2011-10-07,1.0
525980,B0015AUYS2,5,1295049600,Fantastic,"I am enjoying the chocolate covered cherries immense. They are a reminder of childhood growing up in the Bronx when these exact cherries were available at the corner candy store and were a special treat my dad got for me.<br /><br />Sincerely,<br />Howard",0,0,2011-01-15,0.0
376488,B001F2AV42,5,1347667200,Good food,My 35 pound lab/terrier mix loves this food. I used it as a mix-in with her kibble. Everything arrived from the vendor in tip top shape. Will order again.,0,0,2012-09-15,0.0
149616,B000E8WIAS,3,1309910400,not too bad,"I use this stuff pretty much anywhere--coffee, tea, plain water, oatmeal, you name it. It's tasty and cost-efficient.<br /><br />My one complaint is that, more than a few drops, and you get a really noticeable aftertaste, kinda like alcohol or something burnt. This stinks because I occasionally like to make really sweet coffee for dessert, but the aftertaste is horribly distracting.",1,1,2011-07-06,1.0
383777,B00451WLYI,5,1304553600,Great value for awesome instant coffee,"I love having Starbucks VIA around to supplement my brewed coffee.  Personally, I start out with a pot of fresh ground extra bold coffee in the morning.  It usually lasts me until around 3 in the afternoon, at which point I switch to using my VIAs.  They taste the most like fresh brewed coffee from any instant I've ever tried.  I also use the VIAs when I'm working late at night, heading out early for a meeting, or for Church on Sundays so I can avoid the ""burner coffee"".  ;)<br /><br />Being able to by them in bulk at $0.70 per packet makes this habit much more economical!  A big thanks to Starbucks for offering them through Amazon as well as their own store.  Finally, I received my pack of 50 on May 2nd, and it has an expiration date of October, if that helps any of you who are concerned about the expiration date problems described by others.  Perhaps it was just a backlog of product as people were discovering VIA available on Amazon?",2,2,2011-05-05,1.0
361641,B003YGTCXS,5,1282694400,Honey Stinger Chews make the difference!,When I'm riding and hit the wall where my legs are just out of gas (glycogen) I can eat a pack of these chews and within minutes feel relief and renewed energy!  I never go on a ride without them.  oh yeah...they taste pretty good too.,10,10,2010-08-25,1.0
318713,B001E5E33U,4,1235347200,Tea K-cups,"There are not many choices for tea in K-cups, but this one is a nice choice among the few.  My secretary drinks tea every day and loves the K-cups.  I think it is an expensive way to drink tea, but again, if you are going to use the K-cups for tea, these are very good.",0,2,2009-02-23,0.0
380040,B000TRHKGG,2,1204243200,WARNING: BUGS!!,"These contain insect extract. It is not listed on the sellers page, but it is listed on the package.",2,12,2008-02-29,0.16666666666666666
391454,B005CV7V8G,4,1345939200,"Spicy, but not hot","I have been eating Ritz Bits for years now, and have generally enjoyed all of their flavors. I actually bought these new 'Kickin' Cheddar' by mistake, thinking that they were normal cheese Ritz Bits. In fact, these treats are quite delicious. Largely speaking, they taste like the normal cheese Ritz Bits, but with a background of jalapeno spiciness.<br /><br />They are not hot, but then again neither is the spiciness just a ""hint"" of spiciness. I found the flavor to be really nice - spicy, but not hot. The box says that nine Bits add up to 150 calories (carbs 17g), so you can easily munch six for a quick 100 calorie treat.<br /><br />What can I say? I like these crackers!",0,0,2012-08-26,0.0
323393,B002GPJWFG,5,1317600000,"It's a ""keeper"".",For our family this is the perfect milk.  We like the taste and it does not need refrigeration until you are ready to use it.<br />When we get a box of 12 the experation date is 8 to 10 months ahead and that means we don't have to continually worry about<br />buying milk.,5,5,2011-10-03,1.0
275425,B005VOONI0,2,1332374400,Great Aroma; Mild Taste,"Marley Coffee comes with no directions on the package, only the statement that it's single serving. It doesn't state what system of coffee brewing this was manufactured for.  The aroma is wonderful, however, I'd describe the coffee as mild not medium roast.  I was, therefore, disappointed in the flavor. Perhaps if it was brewed in a cone system or similar, I might have had a stronger result.",0,1,2012-03-22,0.0
7740,B001E5DZTS,5,1318550400,CJ gives it two thumbs up!,"Decent price...arrived on time.  No complaints here.  We will continue to purchase this item.<br />My daughter loves her ""goat milk"".  :)",0,0,2011-10-14,0.0
243046,B005K4Q4KG,5,1321488000,Much better and less expensive than that ordered from Keurig!,"I recently purchased a Keurig and I bought the Cafe Escapes dark chocolate cocoa from their site, and it was not chocolately and had a strange aftertaste.  I saw the Grove Square brand and thought I would give it a try since I got 36 kcups for less than the 24 from Keurig. I received my purchase yesterday and immediately opened it up to try it.  The cocoa actually has sugar in it and the chocolately flavor is much better than the Cafe Escapes. I will be ordering this one again, and I hope my guest will drink the other kind to get rid of it!",0,0,2011-11-17,0.0
83686,B005ZBZLT4,1,1339545600,nasty stuff,if you buy this coffee you will know you made a mistake when you open the first plastic bag it comes packaged in. You can tell by the smell that it's.......NOT!,0,4,2012-06-13,0.0
285752,B0000V1B0C,5,1228348800,pfchangs ice tea,"I was turned onto this ice tea by the very popular PF CHANGS.I have replaced soda with this very refreshing drink. I have also stopped my habbit of starbucks tea ,instead i will go home and brew my own tea.MY 14 year old neice and I will fight over the last glass.",3,3,2008-12-04,1.0
472973,B005BSPXBM,5,1351209600,great coffee,A bit pricey once you add the S & H but this is one of the best flavored coffees I have tasted.  Got my daughter hooked on it too!,0,0,2012-10-26,0.0
165556,B001QE7J2G,1,1219017600,WARNING -- read reviews--Canidae has changed their formula.,"My husband and I switched our three dogs to Canidae earlier this year based on the many glowing recommendations that I found on the Internet.  Our dogs have done very well on it until recently (we always bought the 40 pound bags for our three LARGE dogs but now it's in the 35 pound bags) when they all became ill with diarrhea.  My oldest dog has had diarrhea and horrible hot spots all over his buttocks with the fur falling out and flaky dry skin for the last few weeks.  After one of my dogs was sick all over the house today, my husband mentioned that he was beginning to suspect it was the Canidae -- he suspected that Canidae may have changed their formula, so I checked the Internet to see if anyone else was complaining and there are complaints all over the Internet!  Apparently Canidae changed their formula without warning and many dogs who have tolerated it well in the past are suddenly becoming violently ill.  My husband is picking up a bag of another brand tonight, that we have used with no problems in the past, so that we don't have to feed them any more of the Canidae. Most dog owners know NOT to change their pets food suddenly as it can cause them to become ill, but apparently Canidae did it without warning anyone or allowing them the opportunity to gradually switch their dogs over to the new formula.  Apparently Canidae is blaming 'net hysteria as the reason why people are blaming their food for these dog illnesses -- but our dogs have been sick for several weeks now, way BEFORE we even suspected it was the Canidae.",20,23,2008-08-18,0.8695652173913043
59686,B000W5SLB8,5,1348704000,Best dog food ever.,My Australian Cattle dog is allergic to EVERYTHING. We started feeding her the Taste of the Wild brand and she has been the happiest dog ever  since we switched. There is no other like it anywhere. I am so grateful to the people who make this food. It is the ONLY food I will buy.,0,0,2012-09-27,0.0
481140,B000WN5L5E,1,1338854400,Brown weavels,"I didn't open this order for a couple of months ,,,I kept it with my other dog treats in a sealed tumbeware container. When I opened the bag not only where the treats really small (crumbs) but there were hundreds of small brown weasels in the bag I immediately through them out and checked out my other treats ...nothing else was attacked ....",0,0,2012-06-05,0.0
527777,B000CMFKNS,4,1329091200,Good coffee,"My Husband like this coffee. I just wish we could find other Turkish coffee brands or the Turkish coffee with Cardamom we used to get in Amman, Jordan. I would recommend this coffee to anyone",1,1,2012-02-13,1.0
191774,B0029NQTI8,5,1345075200,tastes great,I run an animal hospital and the dogs loves this dog food. My dog loves it too. I give a little canned on top of the dry food and the dogs love it. The chunks are a good size and it keeps the dogs stool regular.,0,0,2012-08-16,0.0
111404,B0006ZN52E,3,1258675200,Vital Wheat Gluten,I received this item in a timely matter.  Got the Vital Wheat Gluten because breadmaker cookbook recommend this to make wheat bread raise more was disappointed.  It might of made a little difference in breadmachine but i used a whole tablespoon more than recipe recommended. I made bread last night but just the dough in breadmaking machine then cooked the dough in oven and that seemed to work better.,3,23,2009-11-20,0.13043478260869565
78691,B00472I5A4,5,1328140800,smiles,"Smiles... Thank you Lord, for I have found another healthy snack food that is unsalted, and tastes great. I almost gave up on finding a potato chip like this. The only thing i would ask Kettle to change is the texture. It's slightly hard/crunchy, but not a problem at all. I would just prefer it to be softer. Kettle if you do make that happen, please keep everything else the same. Thank you.",1,1,2012-02-02,1.0
192795,B0031UBWLM,5,1314057600,Peaches + Bananas,"I just started buying this product. It is not available in local stores. I went to Target last Sunday and saw these so I decided to gave it a try. My baby happen to love these as much as Happy Baby products. I am surprised to see it here on Amazon. So next time I will buy it from here. It tastes great. My baby loves it. Yeah it is kind of expensive but if your child loves it then I would buy it for the child. They do go on sale too. If you have WIC ( Women , Infant and Children) You can buy these from Target Because only Target carry these here. I am not sure if Amazon accepts WIC.  Over all a great product I would recommend it.",1,2,2011-08-23,0.5
328690,B000E1DSUE,5,1311552000,Tastes less bitter to me than it used to,"I didn't eat any ""French"" type dressings for quite awhile cuz the only one I liked was Dorothy Lynch, and not the fat free one... But tried this one again just now and it's great - not tasting so much like vinegar as it used to.",0,0,2011-07-25,0.0
139885,B0061IUKDM,5,1333238400,"Just fine, couldn't detect lemon taste","Many people use green tea as an alternative to the more common black tea, feeling that the green offers health benefits. ""Camellia sinensis"" originates in China. It supposedly promotes weight loss, stimulating fat oxidation by boosting metabolic rate without increasing heart rate. In addition, it contains polyphenols which are claimed to be antioxidants, but it is not at all clear that scientists agree on this or whether, if so, they are useful to humans.<br /><br />So I steeped this teabag in eight ounces of hot but not boiling water for three minutes. The resulting brew was most pleasant, I think better than my usual attempts to brew looseleaf green tea because the time and amount were better controlled. Green tea becomes bitter if steeped too long. I could not taste the lemon grass, lemon balm herb or verbena at all.",0,0,2012-04-01,0.0
504609,B007I7YZJK,5,1334793600,Yummy mango tea,Delicious and refreshing with a fresh mango taste. I can't taste the pineapple at all which is too bad because I got this specifically for that. I'm not a big mango fan but this taste great. The green tea is just right. I plan on buying this on a regular basis.,0,2,2012-04-19,0.0
301156,B003Z6ZGZK,5,1345334400,Nothing better,I am so thankful to be able to buy Starbucks Via Italian Roast in bulk. Makes a great latte either hot or cold. One packet and 2 cups of your milk choice. Very refreshing to pour over ice!! Won't be without it!,0,0,2012-08-19,0.0
413382,B00106NDNY,1,1297382400,17 Hours and Still Not Done,"A package of Gourmet Valley Heirloom Beans Red Calypso Beans were purchased at the very tony Ferry Plaza in San Francisco in January.  For something like ten dollars.  We attempted to cook them over the weekend, but after 17 hours with the beans, which had been pre-soaked overnight, still quite hard, we pitched them, knowing they would be a joke forever.  We realize now that they are called Heirloom Beans because they are from some long ago harvest.  Perhaps during the Great Depression, when beans were carefully stored.  Caution:  Stay far away from even thinking about purchasing these beans!",1,3,2011-02-11,0.3333333333333333
77651,B001LG940E,4,1236729600,Soda Juice II,"In the Beginning there was Fruit Juice, and there was Soda Pop, and never the twain should meet... unless you mixed them yourself. But then somebody got the Great Idea -- when reconstituting fruit juice after Pasteurization, why not reconstitute it with carbonated water? Thus was born...<br /><br />Soda Juice!<br /><br />And I tasted it, and it was Good! Frankly, I found Black Cherry, Kiwi Berry, and Watermelon Strawberry pretty similar in taste, Orange Tangerine more distinctly tart, but I enjoyed all of them.<br /><br />In the cans you have 5 other flavor choices: <a href=""http://www.amazon.com/gp/product/B001LGGH2C"">The Switch Fruit Punch, 8.3 Ounce Cans (Pack of 24)</a>, <a href=""http://www.amazon.com/gp/product/B001LG943G"">The Switch Grape, 8.3 Ounce Cans (Pack of 24)</a>, <a href=""http://www.amazon.com/gp/product/B001LGGH40"">The Switch Kiwi Berry, 8.3 Ounce Cans (Pack of 24)</a>, <a href=""http://www.amazon.com/gp/product/B001LG945O"">The Switch Orange Tangerine, 8.3 Ounce Cans (Pack of 24)</a>, and <a href=""http://www.amazon.com/gp/product/B001LGGH54"">The Switch Watermelon Strawberry, 8.3 Ounce Cans (Pack of 24)</a>.<br /><br />Since virtually nothing is added, the slight nutritional differences must be due to the characteristics of the different juices being used. Fruit Punch, Orange Tangerine, and Watermelon Strawberry have the highest calories, 140; Kiwi Berry is next, 135; Black Cherry is next, 130; and Grape has the lowest, 125.  Orange Tangerine and Watermelon Strawberry have the highest total carbohydrates, 36g; Black Cherry and Fruit Punch are next, 35g; Kiwi Berry is next, 34g; and Grape has the lowest, 33g. Finally Watermelon Strawberry has the highest sugars, 35g; Fruit Punch and Orange Tangerine are next, 34g; Black Cherry and Kiwi Berry are next, 33g, and Grape is the lowest, 32g.<br /><br />Note: all of these are fruit juice blends so those with fruit juice health concerns need to be aware of more than just the title juice. All contain acerola, apple, and grape juice. In addition to their title juices Kiwi Berry contains raspberry and strawberry, and Fruit Punch contains cherry, lemon, and pineapple.  Orange Tangerine also contains soy.<br /><br />Compare and Contrast: a similar product is worth considering: <a href=""http://www.amazon.com/gp/product/B0014WYY1E"">Izze All Natural Sparkling Juice, Apple, 8.4-Ounce Cans (Pack of 24)</a>, <a href=""http://www.amazon.com/gp/product/B0014WYXYW"">Izze All Natural Sparkling Juice, Blackberry, 8.4-Ounce Cans (Pack of 24)</a>, <a href=""http://www.amazon.com/gp/product/B0014X5O1C"">Izze All Natural Sparkling Juice, Clementine, 8.4-Ounce Cans (Pack of 24)</a>, <a href=""http://www.amazon.com/gp/product/B0014WYXTC"">Izze All Natural Sparkling Juice, Grapefruit, 8.4-Ounce Cans (Pack of 24)</a>, and <a href=""http://www.amazon.com/gp/product/B0014WYXQK"">Izze All Natural Sparkling Juice, Pomegranate, 8.4-Ounce Cans (Pack of 24)</a>.  The difference? The Izze products are fortified with vitamins: B6 and Niacin in addition to C and have roughly three fifths the calories, total carbohydrates, and sugars of The Switch products.",19,22,2009-03-11,0.8636363636363636
138951,B0041CIR62,5,1327968000,Super thin yet excellent structure even in soup,"I'm not usually a big fan of rice noodles but I love brown rice so I thought these would be less starchy then the usual white rice noodles. I was right, they are much less starchy. I was surprised how well these noodles held up even after soaking about 6 minutes and then dropping them in a little boiling water for about 20 seconds. I used them in Vietnamese Pho soup and they were really wonderful. We were both surprised that as thin as they are they held together and were even a little firm and very easy to eat out of the big soup bowls with chop sticks. On their own they are not super flavorful like all rice noodles but they do taste like brown rice it's just subtle. They were a very pleasant surprise especially since we usually go for thick chewy udon noodles yet, I still felt very satisfied with these nice thin brown rice noodles. They are also great tossed with a simple seafood saute with some green onions, mushrooms and sesame oil and a touch of soy. I don't care for fried anything so we soak them in cold water while a little water is on the stove boiling and when it's hot we just drop them in for about 20 seconds and they are firm and tender ready to toss with fresh ingredients. I will definitely buy these again!",0,1,2012-01-31,0.0
335290,B003D4MW38,5,1314662400,Great Tea - Stupid Name,"This is an excellent ""everything but the kitchen sink"" blend.  It's my favorite tea.  High quality product and individual foil packaging to retain it.  Pity it was given such an idiotic name.",2,5,2011-08-30,0.4
37787,B000LKVDO6,1,1312243200,dont like the taste,I am not a big fan of pav bhaji but this tastes worse of all the pav bhajis I ate,0,0,2011-08-02,0.0
532328,B003IMARUK,5,1283385600,Muffin's food,"My dog's dermatologist put her on this food because she itches and scratches and a fortune in tests solved nothing.  She tolerates this food very well.  She doesn't care for the bagged form, but eats a can of this daily.<br />It is the only dog fod so far that doesn't cause problems.  She is very allergic, sensitive and can't eat grains,milk products and after a while beef, chicken and turkey didn't work for her.",4,4,2010-09-02,1.0
527823,B000GZUAIG,5,1238284800,"Quick, tasty, nutritious - what more could you want?","We are nearly out of our first order of whole wheat couscous - we really like this stuff, but it is difficult to find locally - it is such a quick side dish - ideal when we are in a hurry, but for quick food, it doesn't shortchange us on nutrients. We sometimes add curry powder - it depends on what the meal is like. Well, back to our order, we're about to order it again!",1,1,2009-03-29,1.0
150492,B000LQJKGS,4,1172016000,"just as with griotte, its a great filling","in a chockie coating that should be so much better!<br />this particular filling is mint flavored and really neat (don't remember that i ever tried anything like it) but again, the chocolate it's in is not so great..<br />damn shame.",0,0,2007-02-21,0.0
300413,B000FVMT3K,5,1325808000,Sudductively Addictive Spice,I originally purchased this for use in a single dish and found myself sprinkling a dash or two on stews and Mediterranean rice dishes that needed a little extra zing! You have to try it to really know what I'm referring to when I mean zing!,1,1,2012-01-06,1.0
407445,B0015VTGEO,5,1301270400,Excellent Drink,"This is Zola Acai with blueberry juice.  It is a 12 FL. Oz (354 ML) plastic bottle with an easy open twist off cap.  It is quite tasty, quite pleasant, just sweet enough and not overbearing.  (I hate things that are sickening sweet and I hate things that have the artificial sugars like aspartame and such.  This is neither.)  The bottle suggests you serve it cold.  I just threw it in my bag and took off for work.  I drank it at room temperature.  (It may be tastier when cold but it was great at room temp.) I selected this flavor because of the alleged health benefits of both Acai and Blueberry.<br /><br />The bottle says all kinds of good things:  All natural, USDA organic, Brazilian Superfruits.  Each bottle provides 1200 mg Omega 3, 6, and 9 Fatty Acids.  (That was pretty impressive and it was a lot tastier than those wild salmon vitamin tablets for Omegas--burp--ewww.) Ingredients in order listed (1st listed is supposed to be highest concentration of, and down the list): Organic Acai Pulp, Organic Evap Cane Juice, Organic Blueberry Juice Concentrate, Organic Guarana (24 mg natural caffeine), Citric Acid, Soy Lecithin, Natural Flavors.  There are 1 1/2 servings in a bottle, so calories for the bottle are about 146.  An 8 oz serving includes 1.5g total fat, .5 is saturated fat, 0 mg cholesterol, 26 mg sodium, 18 mg potassium, 27 total carbs (1g being dietary fiber and 20g sugars, and 1g protein. An 8 oz serving contains 4% vitamin A, 15% vitamin C, 2% calcium, 10% iron, 10 % vitamin E.  93% juice.  Refrigerate after opening (but you'll likely drink the whole thing--the bottle is only 6 1/2 inches tall.  It is produced in the USA and distributed from California.<br /><br />I think that pretty much says it all.  I will not hesitate to buy this product again.  I will not hesitate to try the other flavors available.  It is a good drink to bring for lunch at work (or a liquid snack).  If I had a school child, I believe it would make a nice, healthy drink to pack with his/her lunch.",1,2,2011-03-28,0.5
205531,B002YLK9OU,4,1325721600,Great for making wheat bread or rolls,"I have been trying to convert to more organic products but price is often a sore spot in my quest.  This flour is pricey but it makes great organic bread and rolls at half the cost of buying organic rolls/bread.  I use it to make bread, hamburger/hotdog buns and dinner rolls.  I add some extra vital wheat gluten to make things a little lighter and fluffier since I use exclusively wheat flour.  My family really enjoys the finished products.  I have it one subscribe and save now which makes it less costly and now I no longer have to buy organic bread products at the supermarket.",2,2,2012-01-05,1.0
3541,B000YPKODY,1,1318377600,"Love Cracker Jacks, hate them from Amazon","I don't know the deal is here but they are terrible.  I love Cracker Jacks and not just cause there is a prize, especially now that the prizes are pointless compared to what you use to get.<br /><br />These arrived and the first box I ate seemed very stale, checked the date and was not expired and the date was a long ways away so I figured maybe it was that box.  But I'm a few boxes in now and they are all the same it's like chewing on cardboard.  I event went to the local 7-11 to get some to compare and those at 7-11 were 1000 timex better.<br /><br />Since it was so cheap to get them it's not worth the hassle to send them back so I think I'll just give them out for halloween.",1,1,2011-10-12,1.0
76746,B0049ULB78,5,1280448000,Mother loves it!,"I buy this coffee for my mother. She has a Keurig. She likes a ""bold"" coffee and she really likes this one!",6,8,2010-07-30,0.75
246627,B003DNL9TC,5,1340409600,A refreshing and light raspberry flavored tea!,"We love Crystal Light drinks and we drink them all the time.  In the summer we drink a lot of iced tea but we also watch our caffeine intake.  This Crystal Light flavor is ideal for us as it is almost caffeine free and the light raspberry flavor just makes the drink better without overwhelming the taste of the tea.  This is one of our favorite flavors of Crystal Light and we think that you will like it also! It is best when served cold for the ideal taste.<br /><br />Benefits:<br />* Low Sodium.<br />* 99% caffeine free with only 10 mg of caffeine per serving.<br />* Non-carbonated and easier on your stomach.<br />* One packet makes 8 servings and there are 5 packets per container so you get 40 servings per container and this item features a pack of four.<br />* Only 5 calories per serving with 5 mg of sodium and less than 1 g of carbohydrates.<br />* Each serving provides 10% of your daily requirements of vitamin E, vitamin A and vitamin C.<br />* Less expensive than carbonated beverages.",1,1,2012-06-23,1.0
146045,B000SDKDM4,5,1278806400,Best espresso roast for the money,"I'm amazed, at its price point, that anyone would criticize this bean.  I notice one review that criticizes it, but then describes the reviewer as ""(I mean I'm not a novice for espresso) i own a semi-automatic espresso machine (DeLongi BAR32 before and now Saeco Aroma, Breville BCG450XL Conical Burr Grinder) about 5 years"" ... well wait ... he owns an $80 Delongi upgraded to a $250 Saeco, and a $90 grinder ... yuch!  You cannot get a setup that will do these beans justice for under $2000 (my setup is bare bones with a $2000 Quickmill Anita with PID and filtered plumbin; and a $700 Mazzer Mini ... all cleaned and adjusted obsessively).<br /><br />OK, if I had all the money in the world, I'd always get Black Cat from Intelligensia (the best bean in the world), but it is twice to three times the price of Lavazza.",0,3,2010-07-11,0.0
262437,B000NY9QLC,5,1244937600,first time sprouters,"The sprouting system works very well. We are eating fresh sprouts in just a few days as the instructions said. It's easy & fun plus you are getting high quality, fresh, nutrient filled food.",7,7,2009-06-14,1.0
251871,B000EVKHNA,5,1255737600,Great substitute,"My son has been on a gluten-free diet for ADHD for three years.  This flour is a life saver!  I actually prefer it to all-purpose flour when making cakes (my cookies do tend to fall apart easily, though). I use it for desserts as well as in casseroles and sauces calling for ""regular"" flour.",5,5,2009-10-17,1.0
221535,B002AYC7TG,5,1346976000,Tuffy Likes It!!!,"Tuffy, my 7 lb Pomeranian, has been the pickiest eater these 12 years and I have spent many hours searching for organic/natural products for him. It's been very difficult to find food he likes, but he went right to the venison and I am elated!<br /><br />I was unfamiliar with air-dried products and was surprised how dense the pieces are. He's eating a little more than recommended, but that's okay with me, it's good stuff.<br /><br />I highly recommend this product, not only because Tuffy likes it, but it is also a great value.",0,0,2012-09-07,0.0
73780,B000HDOPZG,5,1278374400,Irresistable!,"My husband and I just looked at each other after eating one of the lemon wafer cookies and sighed.  The flavor is pure deep natural lemon, tart and bright, with a sweet creamy finish--nothing like any other lemon-flavored cookie I've ever bought.  Honestly, these are just terrific little cookies.<br /><br />And when we thought it couldn't get better, we tried the chocolate.  Natural, dense, delicious, dark chocolate taste.<br /><br />We plowed through both bags just going back and forth: lemon, chocolate, lemon, chocolate....<br /><br />No gross artificial taste.  No waxy texture to the cream.  No meek, bland flavors.  Just all-natural goodness that will blow your socks off.<br /><br />Time for another bag.",14,14,2010-07-06,1.0
349532,B001BZ5UOE,1,1330992000,Peanuts weren't up to parr!!!,"My husband has eaten the superior nuts for a long period of time and was thrilled to find out he could get the large cans on amazon.com. He has always thought Superior  were the best peanut you could get, but this time they were hard and tasted a bit old, even though the date on the can indicated they weren't.  Needless to say, he won't be buy anymore Superior nuts, especially on line.  Linda Miller",0,0,2012-03-06,0.0
317319,B006L71NXO,5,1276819200,Real Customer Service,"I ordered this collection on 6/9/10 and it arrived on 6/12. Although it was was very well-packaged, this did not prevent the USPS from managing to break one of the tubes. The seller was contacted by email and a replacement requested. As this was a birthday gift and the occasion was only a week away, I offered to pay for expedited shipping. Seller responded immediately stating that a replacement would be shipped ASAP. The replacement tube arrived three days later in good shape. My offer to pay additional shipping charges was declined. In summary, this product is excellent and the customer service absolutely first rate. I highly recommend both the product and the seller.",10,12,2010-06-18,0.8333333333333334
221247,B000LKVS46,5,1252713600,great stuff,"Better than the pintos, and that's saying a lot because the pintos are awesome.  We picked up a box of these black beans on sale for the same price as the pintos and wish we had ordered more.  If you have never used these beans, they are very, very easy, convenient and delicious.  If you have never used them before, simply boil water, add to the desired consistency and by the time you can chop a tomato, pepper and onion, you have a burrito. Simple dinner in a pinch.  We have been stocking these beans for about three years now and are not about to stop.  Another product that is a must have is the Villaware Electric Tortilla press.",3,3,2009-09-12,1.0
382912,B002T0IHPO,5,1326585600,Diet Pink Grapefruit Sodamix Syrup,"Very, very good.  Refreshing and thirst quenching.  I Love It.  If you like Grapefruit, you'll like this drink. Just tried it in my SodaStream and it was delicious.  When you don't want sweet and you want refreshed,  this is the way to go.",0,0,2012-01-15,0.0
301691,B001CFMGGI,4,1314576000,Good product,"This has a great taste.<br /><br />The concentration is not a strong as one other brand I have tried, but this is the best I have found for the price using the subscription service. I use 1/month. I keep it in the freezer because it won't freeze and it will keep a long time.<br /><br />I mix it with plain yogurt, raw oats, almonds, and flax seed every morning, starts the day right as rain.",2,2,2011-08-29,1.0
419132,B002KAMLDM,5,1324166400,Numi Dancing Leaves Tea Pot,"As an avid Numi fan, I love giving the Dancing Leaves (or the Flowering Tea Gift Set) as gifts for the holidays.<br />Everyone I've given this to has loved the experience of watching the tea bloom after the hot water is added.<br />The tea pot and flowering teas are both handcrafted with love and care, and it shows when the tea blooms.<br />There's an added bonus too - the flowering tea is organic!  No steeping disgusting pesticides and chemicals along with this delicious tea.",1,1,2011-12-18,1.0
97119,B0017I1QDO,1,1322784000,Great salsa - what's up with the new price?,"This stuff is great. I ordered a three pack last week for $13.39 here at amazon. I went to re-order today and's it's $18.74. What's up with that? This stuff is good, but at the new price ...I will definitely pass.",3,3,2011-12-02,1.0
459125,B002OFU7W0,2,1245196800,sweet mcnuggets,these are good but verrry sweet.... they taste kind of chinese sweet bbq sauce... high protein,0,1,2009-06-17,0.0
224544,B000EQT574,5,1294185600,Delicious!,"These might be the best chips I have ever had.  The ""Used By"" date is March 2011, but I had to cut this bag open as it was sealed up so tightly (this is the first bag of chips I've had to cut open..if I really reeked on it I could have got it, but I didn't want it to explode in my face).  No worries, you will be happy you got these.",0,0,2011-01-05,0.0
366861,B003APAMBE,5,1305244800,Great pre workout drink!,I love this drink before working out. The price at the gym is to costly so I decided to order it from Amazon. This was a deal. The drinks came in on time and the package was in tact. I would definitly buy again from this company.,0,0,2011-05-13,0.0
339498,B00375LB9E,5,1290384000,These Are Great!,I bought these sprinkles for my cupcakes and not only are they gorgeous but you get a lot for the money. The silver is very true to color and they make a lovely accent to your cupcakes.,1,2,2010-11-22,0.5
347125,B001EQ5OAA,5,1307491200,Delicious,"I've only done this tea as a cold brew iced tea. There is no bitterness, just a smooth, refreshing, green taste. The ginger is very strong. I love ginger, so that is no problem for me. A second brew was significantly weaker, so I will stick to one brew per batch of leaves with this one (I am able to get three quality brews from many green teas).",1,1,2011-06-08,1.0
252409,B001EO614K,4,1323302400,Smooth in the decaffeinated version,"I can't comment on the regular, but I just bought a can of this at a local Italian grocery store in the decaffeinated and it is absolutely smooth, did not at all taste burned or bitter. It's better than any other decaf coffee in the grocery store aisle that I have tried. I picked it up because my employer brought back some coffee from Italy that was heavenly a couple of years ago but that is not available stateside. This was not quite the same, but again, was still better than anything else I've tasted from the grocery store!",0,0,2011-12-08,0.0
115426,B000Z3ODRI,1,1346198400,treats arrived in little bitty peices!,Not sure what happened but it looks like the bag had been crushed then shipped. Will return and try something else.,0,0,2012-08-29,0.0
100981,B000Z4SWII,4,1282521600,Pleasantly surprised by a unique tea!,"I bought this tea (as well as the apple cider variety) as favor gifts for an autumn tea party bridal shower. I wasn't sure if I would like it myself as I can never seem to get home brewed chai tea to taste like coffee/tea house chai. I was pleasantly surprised to find that this tea can stand alone without the milk, and although it is similar to chai, it has it's own unique flavor. I have tried it both with and without milk and enjoyed it thoroughly each time. Although this won't replace my favorite black teas, I found it a very welcome addition to my cabinet as a flavorful treat.",0,0,2010-08-23,0.0
530248,B0054YGWLI,5,1323302400,MAGNIFICENT snack,"I frequently snack on nuts while I'm at the computer, and these are a magnificent addition/substitution. I ordered all 4 flavors and only the chile is a bit much (although I think they'll be great mixed with the others). I'm thinking about using these in a homemade batch of Chex Mix for Christmas. Until then they're a terrific snack. (I'm not totally enamored of the modified corn starch, corn starch and sugar in the ingredient list but, as long as I concentrate on the calories -- 105 for 45 peas -- I'm happy.)",0,0,2011-12-08,0.0
508256,B006N3IE6A,5,1299196800,Jamaica Me Happy!,"I am a huge fan of Jamaica Me Crazy coffee.  There was a time in my life when I was totally caffeine free and off the dark stuff, but a customer in the bank I worked at brought in a pound of this coffee as a gift to the tellers.  Every time someone walked by my desk with a cup of this freshly made joe, the smell would really tempt me to go back to consuming coffee again.  Eventually it broke me down, and I am back to being a full time coffee drinker, and proud of it! Imagine how happy I was to find my favorite brew in a K-cup!  The only thing better than a cup of Jamica Me Crazy is a cup sweetened with the new Almond Joy flavor International Creamer in it to highlight the sweet coconut.  Unfortunately, we only have a Keurig at our office (I'm in Real Estate now), so I have to go to work to enjoy a cup.  I'm thinking I have a brilliant boss who knows how to get people to willingly show up to work! Now if I can just figure a way to use it to temp more buyers into our office - I'd have it made ;0)",2,2,2011-03-04,1.0
209440,B000BBS4GK,4,1330128000,Mmmmmmmmarshmallows,"I've bought several different flavors of Japanese filled marshmallows.  I recently bought this ""pudding"" flavor at a local Asian grocery store for a LOT less than this vendor is charging here.  The marshmallow part is very good, a typical marshmallow that has good mouth feel and texture.  Not too soft & squishy, not too chewy.  Pretty much like a typical American marshmallow.  The filling inside is very sweet and not at all like pudding.  It's more of a frosting/icing texture.  It is thick, smooth & creamy so it's really not bad at all.  Just don't expect a filling that is like Jello pudding.<br /><br />I would definitely buy these again but I would never pay more than three bucks a bag for them.  If you have a local Asian store, even if it's strictly Japanese, try that.  I get mine in a Korean owned store.",0,0,2012-02-25,0.0
83079,B007TGDXNO,5,1336521600,Excellent coffee,"These K-Cups arrived promptly after ordering; the are convenient to use, and the coffee tastes great. Highly recommend the product. Have had no problems.",1,1,2012-05-09,1.0
238423,B0049J2ADS,5,1314316800,YUM,Tastey & vegan! LOVE! Just the right amount of ginger & sweet..makes this a cool refreshing drink! Only wish the purchase size was smaller so I could buy a variety of flavors!,0,0,2011-08-26,0.0
460453,B001CWU9E2,5,1274745600,Best gluten free crackers,"I've tried many gluten free crackers and the ones by Glutino are without a doubt the best ones.  They are tasty, crisp and thick enough to hold up under cheese and fruit. They are a bit pricey for the small amount of product, but well worth it.  I love the two bag packaging, keeping them fresh longer.",0,1,2010-05-25,0.0
526626,B007PA30TG,1,1293667200,Yuck!,"I have ordered Breakfast Blend over the last three years.  The last order I received through Amazon was just awful! Bitter, burnt, undrinkable.....what are they doing to my once favorite coffee??",0,2,2010-12-30,0.0
268047,B002BC1YFK,2,1296172800,hmmm...not what I expected,"I love KC Masterpiece BBQ sauces, but I'm not impressed with this marinade.  Perhaps I'm not sure exactly how to use it...but it's too garilicy for the chicken dishes and seems to have an after taste I'm not fond of...<br /><br />I gave some to a co worker and she liked it, so it could just be me.",0,0,2011-01-28,0.0
285015,B0036QYBMS,1,1270598400,California Lifestyle Flax Soy Bread 24 oz. (Pack of 4),"I did not like the texture of this bread, a lot like spongy cardboard.  The vendor, however, was very responsive to my complaint and issued full credit for the three unopened loaves.",3,4,2010-04-07,0.75
440064,B000FPH1LQ,3,1294531200,Not sure about rawhides for dogs,I have heard some negative things about raw hides for dogs and associated stomach problems if they eat too much.  My miniature schnauzer never really took a liking to chewing on things for a long time so these are a good size and make me feel better that they limit how much she can eat.  It just worries me a little bit how fast she eats them.,0,0,2011-01-09,0.0
506776,B000F4DKCG,5,1325203200,delicious,"I like this tea very much. I ran out of it and am now suffering through a brand that supposedly has been around for over 40 years but to me it's bitter, harsh and not palatable.<br /><br />I will stick with twinnings, it has a relaxing aroma, is highly palatable and smells divine.<br /><br />I read somewhere that chamomile softens skin, maybe I'll use that other brand to bathe in.",0,0,2011-12-30,0.0
271101,B0009XQRUK,2,1327536000,Lacks flavor,"When I read the positve reviews on this product, I ordered it.  It is definitely low sodium and if you have a medical condition that requires very low sodium,  this soup would fit the bill.  If you are just trying to cut back on salt, again this soup will work fine.  I personally feel that most of our food has way too much salt and sugar in it so I thought I would give this product a try.  I like the convenience of it being ready to serve but I must admit, it has very little flavor.  It's almost like drinking water with a slight mushroom taste.  Truthfully, I miss the salt.  I think that soup, generally, needs salt but as I stated, most are much too salty, however, this soup is just too bland.  When I added a little bit of salt, that made a big difference.  Also, I noticed that the soup is very watery and thin.  I like my mushroom soup a little more substantial.  I do think this soup would work very well in casserole recipes.  I probably will not purhase the low sodium variety of Campbell's Mushroom Soup but I do like many of their other products.  However, and this is important, if it is an absolute necessity that you cut back on salt for health reason, then this soup would be perfect for you. Some non-salt seasoning could make it more flavorful.  I give Campbell's credit for trying to make their products more health conscious.  More companies should do the same.  Salt and sugar must and should be reduced -- a little can go a long way.",2,2,2012-01-26,1.0
294208,B000LKZ3GA,5,1302134400,great for kids,"My son loves drinking chocolate milk, and i encourage him in order to get an adequate amount of calcium and vitmain D for growth. I think these are perfect for him because the size is great and its organic! i dont want him to gain too much weight from all the sugar and overdoes of growth hormones. It is also extremely portable and i can store them anywhere, not just the fridge. I would sometimes treat myself one after workout as well and they taste great!<br /><br />Although it is a bit pricey, but considering the fact that they last for a long time and they are organic and individually packed, it is totally worth it when it saves you space, money and gives you health! AND the auto ship program offers a great price too.",0,0,2011-04-07,0.0
540440,B004CWO9Y0,5,1323388800,Closest thing to 'goldfish' and my toddler loves them!,"These things are savory and light.  Very similar to the Pepperidge Farms goldfish crackers.  Great for snacks and cooking.  My toddler, who barely eats anything these days, loves them.",1,1,2011-12-09,1.0
211895,B000CNB4LE,4,1330300800,Very good coconut water,"I went to Hawaii last Fall to see a friend who introduced me to fresh, young, coconut water. Once I returned to the mainland I craved the flavor of coconut water. It is yummy and so refreshing. So I found some at the local grocery store, but it wasn't very good. Then I found this brand on sale at the store and tried it and fell in love. It is SO close to the same refreshing coconut juice I had in HI and I love it so much I have it ordered via the Amazon subscription service so that I can save a little $$$ too. Definitely recommend.",0,0,2012-02-27,0.0
430812,B006Q7YG2O,5,1344988800,My cats LOVEEEEE this,"I have 3 cats. And they all are now obsessed with this. I got the chicken flavor and I crumble one biscuit up, splitting it 3 ways and put it on top of their wet food. I feed them wet food only, but one of the cats is a dry food/dry treat addict. I give her small amounts of grain-free dry food occasionally to satisfy her, but now I think I'll switch to this! I think she just needs something with a harder texture and this is perfect.",0,0,2012-08-15,0.0
272758,B0036VLZNG,2,1350172800,I'm sticking with Progresso for GF soup,"If you took a bunch of chicken broth, cut up one baby carrot, cooked 10 fettuccine noodles and cut them up, and cooked 1 small chicken breast, threw away 90% of it, and threw the remaining 10% in a pot with the aforementioned ingredients, you'd have a better version of this soup.  It's nearly all broth.  The chicken tastes way over-processed and rubbery.  And it costs about twice as much as a larger, heartier, tastier can of Progresso soup.  Trust me, I wanted to like this, as I haven't had chicken noodle soup in the 10 years since I've been diagnosed as a Celiac.  Well, I'll never crave this stuff again, so the only chicken noodle soup I ever eat again will be made by myself.<br /><br />The flavor isn't absolutely terrible (well, the chicken is), but for what you pay--even with the Amazon discount--it's a ripoff.  I'm glad I bought one can as a test before jumping into buying a 12-pack, because I'd have a hard time making it through 11 more cans of this stuff.  Step it up, Gluten Free Cafe.  And the picture on this can is hilarious-- I think if you took the whole 12 pack, boiled off the broth, and threw all the remaining ingredients into one bowl it may come close to resembling the picture.",0,0,2012-10-14,0.0
292328,B000QV2GRS,5,1307145600,Great product & fun,"Wonderful product - our kids love using it.  We fill it with glass ""jewels"" for the kids to earn as part of a rewards program for good behavior, helping out, etc...  They earn pennies, then get to collect their jewels from the machine. It's a fun novelty the kids enjoy, so it serves as motivation to do good = win-win. All $$ from gumball machine gets dontated to charity by the kids, and the kids turn in their jewels for prizes/special trips, etc.<br /><br />The machine is high quality- metal/glass construction, nice old fashioned look, easy for the kids (4 yrs & 6 yrs) to operate.  Looks nice on display. Our 'jewels' are smaller than gumballs, but bigger than M&Ms - we set the machine to the smallest opening in hopes of only getting one jewel out at a time, but two come out many times.<br /><br />Fast shipping & packed well - so no damage upon receipt. We would recommend for candy, decoration, treasures or whatever fun you come up with.",0,0,2011-06-04,0.0
234107,B001EO6E0Q,3,1212969600,Tasty but more work than needed.,"This homemade dressing is a good tasting product but not worth the trouble. You mix the seasoning with a light olive oil before using on a salad. There is plenty of flavor, full of ""italian"" seasonings.  However, it is troublesome to mix the product and store the unused portion.<br /><br />Pros: you can custom tailor the amount of flavor you want in a herb/oil dressing and use your favorite brand of oil.<br /><br />Cons: you still have to buy olive oil and a storage container to prevent wasting of the unused mixture.",0,0,2008-06-09,0.0
85888,B000633PTY,2,1233360000,"hmm... dogs enjoy, but there are healthier liver treat options","My dogs love these treats, and I do buy them occasionally because they are cheap and perched at the check-out counter of our local garden/feed store. But check out the ingredient list-- I don't think anyone can feel good about feeding their dog high-fructose corn syrup! Just not the healthiest option-- when so many of our dogs are overweight, it seems better to feed them a real liver treat, versus this product which is ""made with liver"".<br /><br />My dogs absolutely love <a href=""http://www.amazon.com/gp/product/B000255OIG"">Pro-Treat Beef Liver, Freeze Dried 14 Ounce</a> (the larger size packages are more economical). I just feel a lot better about feeding real freeze-dried liver that doesn't have all the extra junk in Bil-Jac liver treats.<br /><br />Specifically, these treats have chicken ""by-products""-- that means liquid slaughterhouse run-off and other non-human grade leftovers from the slaughterhouse. UGH! Bil-Jac also includes three preservatives, glycerin (?!), and the corn syrup.<br /><br />~~~~~~~~~~~~~~~~~~~~~~~~~~~<br />Here's the ingredient list for Bil-Jac liver treats, so you can make your own decision:<br /><br />Liver, Chicken By-Products, Chicken By-Product Meal, Corn, Chicken Fat, Glycerin, High Fructose Corn Syrup, Propylene Glycol, Wheat Flour, Phosphoric Acid, Salt, Sodium Propionate and Potassium Sorbate and BHA and Citric Acid (Preservatives), Iron Oxide.",2,4,2009-01-31,0.5
208389,B005CUU23S,5,1316476800,An innovative invention much appreciated by canines,"with the exception of my senior chihuahua that viewed the container of Lickety Stik as possibly a lethal weapon and, not wishing to take any chances, tore out of the room when she saw it for under-the-bed protection.<br /><br />""Oh well,"" I said, ""I've got three other dogs.  Let's try them.""  At first my toy bichon-poodle was also wary and stepped back.  But when she saw my shepherd and chow chow growing very excited and thrilled by this new offering, she relented and tasted some herself.  It was a decided hit.<br /><br />There are no directions on the small plastic container as to how to use, so I was uncertain if I should squeeze it and, if so, how tightly.  I quickly learned that squeezing it too firmly causes the liquid to pour out so, if squeezed, ""lightly"" should be the watchword.  I would advise the first time trying it to place a paper towel under the container until one gets the hang of manipulating the small plastic bottle and administering the treat to the dog(s), which will not be a problem as my two large dogs, and eventually the smaller one, just kept wanting to lick and lick and keep on licking.  They found this new-found gadget to be very exciting.<br /><br />What is most appealing about it to me is that it contains all natural ingredients - nothing artificial.  They consist of natural flavors, cultured milk, lecithin, rosemary extract and green tea extract.  It also contains Vitamin A.<br /><br />So this is a fun way to make your dog(s) happy, small enough to carry in your pocket, light enough for easy carrying.  Now I've only used it once, but I predict that the next time my dogs (chihuahua excepted) see me holding the by now familiar container, there'll be a stampede of sorts.  Just like in television commercials.<br /><br />Tail waggin' good!",1,2,2011-09-20,0.5
13404,B003D5JJEC,5,1283990400,Great cookies,I had never heard of Walker's biscuits before and I was really surprised how good they were.  The ginger cookies had pieces of ginger in them - delicious and the chocolate biscuits were different and tasted great.  The honey oat biscuits were also very good.  I would like to order them separately.,0,0,2010-09-09,0.0
157293,B0019QT66I,2,1310947200,"calm, yes... but at what price?","I am disappointed to report that although this product did seem to have an effect on my anxiety the first time I took it, the second time I took it, it made me very nauseated. It may be the stevia; I am quite sensitive to artificial sweeteners (although I thought stevia was natural). At any rate, I am going to have to get rid of this product because I'd rather be anxious than vomiting. Call me crazy. If you are sensitive to non-sugar sweeteners, you may want to try a sample of this beforehand if you can find one before you shell out the money.",6,8,2011-07-18,0.75
378850,B003VKT3RW,4,1318377600,"Great formula, just pricey","Good stuff, just pricey. It fluctuates week to week. I've seen it as high as $25.99 and as low as $19.99. when it's cheap, buy alot if you can. They last along time in storage",0,0,2011-10-12,0.0
206645,B001CTYT6E,4,1301270400,Really tasty,"this product is tasty, low calorie and high in protein. It is a little salty on the taste but that is probably because of the nature of being jerky.",0,0,2011-03-28,0.0
207172,B003D4IYSU,3,1305158400,"Same price as stores, lesser product","I am a fan of the double bergamot stash earl grey from stores in packs of 18.  This bulk box does not contain the same quality product.  I don't know if it just sits around too long, or my order contained an off-season batch, but when you can go to target and get the same 100 bags for about $1 more than the subscribe and save price for a better product, why buy in bulk?",3,4,2011-05-12,0.75
319862,B001LQNX4M,2,1290211200,Not Very Good,"I didn't care for these coffee pods. In fact, they are the reason that I abandoned using a coffee maker and switched to a French Press and freshly roasted self-ground coffee from a local merchant.<br /><br />...and when I say ""freshly roasted,"" I mean that they roast the beans while I'm standing there.",1,5,2010-11-20,0.2
238531,B000EONEU0,5,1328313600,lively and long lasting,"My yogurt always turns out perfect with this starter. After an 8 month hiatus from yogurt making I got a hankering for homemade yogurt and the only starter I had was a packet of this starter that was 3 months past expiration (but kept refrigerated). I whipped up a batch and the yogurt turned out PERFECT, as always.<br /><br />This starter makes yogurt that I think turns out particularly good for straining in a fine strainer to  produce amazingly creamy greek yogurt.",0,0,2012-02-04,0.0
377922,B002GJ9JY6,4,1341187200,Great Healthy Alternative,I've recently changed a lot of my eating habits in order to lose weight and cutting calories was key in my plans. PB2 was recommended to me by a friend who knew how much I loved peanut butter but had been abstaining from it due to the high calorie count. While PB2 is not exactly like normal peanut butter the taste and texture are very close and similar enough not to bother me. The product mixes together very well and the calorie deficit when compared to normal peanut butter makes this a no-brainer. Give it a try!,0,0,2012-07-02,0.0
119753,B000MIFRY4,5,1260576000,being from New England,I am a native of R.I. and this chowder brings back old memories of home.<br /><br />Doc Maynard,0,0,2009-12-12,0.0
272747,B0036VLZNG,5,1299024000,awesome!,"this soup is really good, and sooo convenient! I really can't remember what Non GF chicken noodle soup tastes like it has been so long...but this HAS to be close.",2,2,2011-03-02,1.0
406706,B000E63LDS,5,1341360000,Needs a discount,Our favorite tea flavor but there should be a discount over supermarket prices when puchasing quantity at a place that has no overhead!,0,0,2012-07-04,0.0
441282,B000EVQWKC,1,1257984000,Good Taste... Bad Reaction... Laxative for all.....Should be a warning before purchase and on the bag.,"Good Taste... Bad Reaction within 2 hours, like clockwork... Laxative for all.....There should be a POP UP warning before purchase for this site and on the bag. Gas, cramping, pooping for hours, upset stomach the following morning. I love this brand of Gummi's but I will no longer eat the Sugarfree items. Now I am stuck with 5 LBS and no refund.",2,3,2009-11-12,0.6666666666666666
408898,B000XSGMHO,5,1172102400,much better than expected,"These are very tasty indeed.  The flavors taste natural and fresh, better than I expected, and the texture is very good.  My young son has a real sweet tooth and these are a great treat for him. In fact my whole family enjoys them.  My husband about died when he saw I ordered a case of ""Pop Tarts"", but he was pleasantly surprised by the taste and the more healthful ingredients.  I will definitely keep these on my shopping list, and recommend them to anyone, especially families with children who want a quick and tasty snack that's a little more ""fun"" than a piece of toast and more wholesome than a donut or (most) cookies.",1,1,2007-02-22,1.0
265013,B000CQ5D1I,4,1301356800,Well pleased,"The beans arrived promptly and were well packaged in a sealed heavy plastic zip-lock bag.  They were approropriately fresh and full.  Several of them are currently ""doing their thing"" in a bottle of honey bourbon.",2,2,2011-03-29,1.0
322341,B003ZFG7E0,5,1299456000,Great for smoothies!,I do notice an aftertaste if I try to use this in my coffee but have found that it works great in plain yogurt or in fruit smoothies.  The raw version seems to have a better flavor (to me anyway) than the regular version.  My husband and kids don't even notice that the sugar is missing.,2,2,2011-03-07,1.0
172365,B001B3JAL0,4,1286064000,Love Popchips,"I really do enjoy the flavors and texture of these chips.  I don't care for the Vinegar and Salt flavor but everything else is delicious.<br />They have a wonderfully low point value for Weight Watchers, but are a little pricey.",0,0,2010-10-03,0.0
423101,B000FDB3VW,4,1215648000,Very convenient,"Very good and easy to use in receipes.  Unusual, but one of my cans was not artichokes.  Fluke at the factory, I'm sure.",1,2,2008-07-10,0.5
207360,B003D4IYSU,5,1320710400,Nice orange flavor,"This is a favorite of mine. The tea has a nice orange taste, with a light spice taste in the background. The flavors are balanced,no single spice takes over.",0,0,2011-11-08,0.0
172312,B001B3JAL0,5,1315785600,Awesome Alternative to Chips!,"I was skeptical from all the bad reviews and the warnings that these would never replace real chips (my one real dieting weakness) and I was worried my boyfriend wouldn't even try them. But, I got a box of 2 of each flavor to check them out.<br /><br />I was very surprised at the amount of flavoring on each chip, and although it's not the traditional crunch of a ruffle, it's perfect for tricking yourself while still maintaining a better food habit. The serving size is about 22 crisps, which is a lot if you actually count them out, and it's easy to portion out 3 servings per bag. My boyfriend even likes them now and we are impressed that the barbeque flavor (one of our least favorite varieties of regular chips) is still extremely tasty and satisfying.<br /><br />If you are on the fence about these and don't want to waste $20 in case you don't like them, pick your favorite flavor and buy just one 3 oz bag. I don't regret it since I haven't been depriving myself completely of my favorite cripsy snack, even when I go to parties I'm not overly tempted to stuff a handful of salty, greasy chips into my mouth. Since I've been bringing the bags into work, I've gotten coworkers hooked as well :) Overall, a really good find.",3,3,2011-09-12,1.0
44614,B001EQ55RW,5,1213747200,excellent taste without a whole lot of extra calories,"I really believe this product lives up to its manufacturer's claims: tasty, sweet, chocolaty, but sans all the extra fat and calories. The nuts were roasted with cocoa powder, which is indeed an excellent idea! In fact, I like the idea so much I'm planning to experiment with this method in my own cooking. The almonds are quite high-quality too, they are fresh and with no irregularities. I would heartily recommend these almonds to any almond-lovers.",0,0,2008-06-18,0.0
135217,B002910N6Y,5,1285027200,"Sooooo good for ""non-ice cream"" ""ice cream""","Yum.  Chocolate and Mint Chocolate are my favs.  Best when a little ""melty"".  Quick shipping and arrived super frozen.",0,0,2010-09-21,0.0
55928,B002B8AX7Y,4,1281484800,great tasting but too expensive on here,keep in mind these are 25 cent boxes of candy... 24 units at 25 cents each would be $6 retail... But if you cant find them this is one way of getting them. They are delicious,0,0,2010-08-11,0.0
94850,B0029NM8KQ,1,1296345600,Crazy people buy this!,"I bought this because it was on sale, and I was helping my mother-in-law save money. She feeds this garbage to her dog three times a day. He is addicted to it and won't eat anything else. Dry food is much healthier. This stuff runs her 70 cents a pack at wal-mart. That  is almost 850 dollars a year just for this garbage. Table scraps would be better than this garbage. You are nuts if you feed your dog this stuff.",0,3,2011-01-30,0.0
48301,B003Z8PR9I,5,1314662400,Nice fix for those between visits or lazy days,"Almost as good as the real thing from Timmy H's!<br />Since there is no Tim Hortons within 1,000 miles of me this will have to do.<br />Not overly sweet, not acidic like some others.",0,0,2011-08-30,0.0
189914,B000LLHQW8,4,1319846400,All good but use less vinegar,Have made two batches the first was good but had too much vinegar.  The second batch we put half the amount and it was great.  I went a purchased gallons of diced tomatoes.  It was very easy and good!,0,0,2011-10-29,0.0
308526,B0000UVRDY,5,1168473600,The best marmalade I've ever tasted...,"I always keep a jar of this excellent marmalade in my house.  It's, without question, the best marmalade I've ever tasted.",0,0,2007-01-11,0.0
249353,B004TPKAN4,4,1319500800,GINGERY!,"The only reason that I give this 4 stars and not 5 is personal preference, I like soft cookies, and maybe a bit bigger than these which are a silver dollar size.<br /> But dipped in something hot, these cookies are amazing! YUM! I can even chew little pieces of ginger in them.  My mouth is rather alive at the moment, sort of like eating a piece of real ginger or candied ginger. I can see that there's a limit to how much I want to eat, but I like ginger and well, they don't skimp on flavor!<br />  I have to say that really, on a cold night with a hot drink... these are addicting!<br />Okay... I need to put them down now.... yes... that's what I'll do, but maybe have one more first...",1,1,2011-10-25,1.0
75589,B0025WGHEE,5,1318982400,Cant beat the value or convience!,Not sure how much I would save getting a pallet of these from some big box store but I sure love ordering it from Amazon and getting free two day shipping. Yummy Lemon-Lime!,1,2,2011-10-19,0.5
440774,B000FDMVPO,4,1192924800,Very Good Pretzels,"These are very good pretzels.  They could be just a bit saltier, though.  I only gave them 4 out of 5 stars because I like the Newman's Own Spelt Pretzels a bit better.",1,1,2007-10-21,1.0
8597,B003VXFK44,4,1294617600,Strong Dark Roast Coffee,"This is about the strongest K cup I've purchased.  I like my coffee strong, and before buying a K cup coffee maker, always purchased French roast whole bean and brewed strong coffee.  Brewing this in a K cup machine at an 8 ounce cup will definately provide you with a strong cup of coffee.  Since I brew a cup for my wife and I at the same time, I run two 8 ounce cups with one of these K cups into a small decanter, and then pour into two coffee cups, which still yields a strong flavor, but not enough pop your eyeballs out...<br /><br />Of course, brewing two cups with one K cup drops the price down in half, which at less than thirty cents a cup is on the cheap end of K cup brewing.  I find most K cups are good for up to a 12 ounce cup, and 16 ounces would weaken them too much...  But this works for my wife and I since I have been fixing a cup for each of us for years, and brewing two cups with one K cup is economical.",0,0,2011-01-10,0.0
224461,B000EQT574,2,1197936000,Nothing but crumbs!!,"Do not order these online.  They are shipped in the flimsy box that the grocery stores use.  No additional packaging is used to protect the inside.  My box was crushed on three corners, adding to the already crushed chips.  I wound up feeding them to the birds.",1,2,2007-12-18,0.5
246788,B0015ZLKX0,5,1287187200,cheese basted Dingo bones,My cairn terrier Daisy loves these basted bones. Having trouble<br />finding them in retail. I hope its not a sign that the product<br />is discontinued. She also likes the peanut butter basted flavor.,0,0,2010-10-16,0.0
246228,B00078VAMW,5,1310083200,This Works!,"My dog was never bothered by thunder and fireworks, but now that we live closer to the action, as it were, I wanted something without having to go to my vet and getting anything heavy-duty for her.  This product was recommended on an online group I belong to about Corgis, and it worked great for my own 8 year old PWC.  It calmed her without making her groggy, and it wore off in an hour or two.  Perfect!",1,1,2011-07-08,1.0
99862,B003Y19D82,1,1323216000,Stale,"Wasnt happy with this purchase. Coffee was completly stale I guess thats why they price was good, But wont purchase again.",0,0,2011-12-07,0.0
395551,B001TZU2Q2,5,1315526400,Key to Italy,This key ingredient in Tiramisu made my evening table rich with amazing Italian flavor of sweet and love. Try to make for your loved ones. They will be with you specifically tender that night.,0,0,2011-09-09,0.0
284257,B0051COPH6,5,1330300800,It's Wonderful,"My grandson just loves these packets. He carries it around with him. He calls it his juice.<br />It's convenient to take to the park or any outing. When they were delivered, they were still a little cold which was nice. They are healthy too. They are gluten-free, nut-free, and dairy free. My grandson had health problems when he was born so he's had problems with eating. Anything that he likes to eat and that's good for him is a blessing. This is a blessing.<br /><br />]",0,0,2012-02-27,0.0
150152,B000K8PNSG,4,1267833600,Great Snack!,"These cookies make a great snack.  They are satisfying and do not leave me searching for more food.  They are enough to fill a sweet tooth, yet a healthier option than traditional cookies.  They are also the perfect size at 100 calories.",0,0,2010-03-06,0.0
228402,B003VXHGPK,5,1332633600,Breakfast Delight,Great product to start your AM with as its not too strong but just the right tast for your morning wake us up.,1,1,2012-03-25,1.0
174835,B0037QGKSK,4,1276905600,Berry-licious; nice treat,"We enjoyed these bars - the date content isn't overpowering, but keep it in mind in case you don't like dates.  Bars were filling without causing the heavy sensation in the stomach.",0,0,2010-06-19,0.0
524529,B000EQT5JM,5,1253404800,great popcorn without the grease!!!,"Bearitos Lite popcorn is light tasting and lightly salted, yummy, without the grease and fat that normally covers your hands, lips and arteries! I buy by the case and eat as my indulgence as a late afternoon snack. I have lost 125 pounds -- no pills, no surgery, so this is a wonderful indulgence that does not make me feel tired and lazy like so many fat laden snacks.",0,0,2009-09-20,0.0
360456,B000LT0STS,5,1323043200,Our favorite gum!,"We do not use artificial sweeteners, and this is the only gum that we chew!  It's great for your teeth.  The cinnamon is our favorite flavor.  The flavor lasts a long time and freshens your breath.  It is not exactly like regular gum and will not last as long when compared to the artificial sweeteners in other gums.  But there is really no comparison since we don't use these types of gum.  My whole family loves it, from my husband and I to our 6 year old and teenager. Our second flavor is peppermint.",3,3,2011-12-05,1.0
426348,B003BJOORW,5,1324944000,the only cat food I buy,"My 2 indoor cats have been on this food forever.  They do not get any canned food supplements.  However, with all the Science Diet flavors I often find that the large bag of this one is not in stock when I go to buy it in my local pet stores including the big box stores like Petco or Petsmart.  so finding it on Amazon and eligible for Prime shipping made my day.",0,0,2011-12-27,0.0
168473,B0001ES9F8,3,1223251200,So so compared to other Senseo coffees,I bought this new addition to the Senseo coffees and was a little disapointed.  If you like a milder brew you may enjoy this coffee.  I however like rich/bold flavored coffees.,0,0,2008-10-06,0.0
64012,B000NHYNNU,5,1159488000,"Tasty, soothing and actually helps enhance immunity!","Traditional Medicinals Echinacea Plus is an herbal remedy in tea form designed to support the immune system.  Echinacea is a Native American herb and is one of the most commonly used herbal medicines in the US and Europe.  This tea delivers the immune boosting properties of organic Echinacea in a pleasant tasting blend of organic West Indian lemongrass leaf and organic spearmint.  Echinacea Plus has a serene and subtle lemon-mint flavor that is exceptionally comforting for colds, and soothing to scratchy raw throats.  Echinacea provides a slight tingle on the tongue due to the presence of alkylamides.<br /><br />Traditional Medicinals recommends drinking 5-6 cups a days as soon as symptoms appear and then gradually reducing the dosage as symptoms improve.<br /><br />Numerous clinical studies have examined the effects of Echinacea.  Echinacea stimulates activity of cells that fight infection in our bodies and increases the number of these cells such as the white blood cells and lymphocytes. These immune cells attack bacteria, viruses and abnormal cells, including cancer.  Echinacea has a positive effect on wound  healing, lessens symptoms and speeds recovery from viruses.<br /><br />Echinacea also has anti-inflammatory properites which aids recovery from psoriasis and eczema and may help arthritis.  It also may increase resistance to candida, bronchitis and herpes and other infectious conditions.  Echinacea should not be used continually for any longer than 5-8 weeks.",1,2,2006-09-29,0.5
290975,B005HG9ESG,4,1350345600,Don't Know About Health Issues - But Tastes Fine,I honestly don't know or really get overly concerned about PH balance or electrolytes. But I do keep this handy for my husband when he does his long 20 mile bike trips.  Both of us like the tastes and I'd rather he drink this than the Gatorade (and he prefers water over flavored water).<br /><br />I also don't know about silky smooth taste - it tastes like water which is what we wanted.,0,1,2012-10-16,0.0
416549,B001E6GFKI,4,1161993600,A very healthy breakfast cereal with just a few minor drawbacks...,"Product 19 is an excellent breakfast cereal. It has absolutely no fat, no trans fat, no cholesterol, and it is rather low in sugar content. Excellent! Product 19 even has 100% of vitamins C, E, B12, B16, iron and other nutrients as well. Very impressive! (Amazon states that it has only 10% of these nutrients but that is incorrect.)<br /><br />On the other hand, the cereal is low in fiber and it contains sodium and carbohydrates. Check the label to see if you're comfortable with the amounts of ALL the ingredients in this cereal before buying it. Product 19 is something that grew on me; I initially didn't like it but I kept eating it in the morning for health reasons. Over time I appreciated the taste more and more. This may be true for you, too. Not everyone will find this cereal to be tasty the very first time they eat it. You could add a few strawberries or blueberries on top of the cereal to make it sweeter; these berries are also very healthy for you, too.<br /><br />The packaging is attractive. The sealed plastic bag inside the box keeps the cereal fresh even a couple of months beyond the expiration date on the box.<br /><br />Overall, Product 19 is an excellent cereal for people who care about what they eat. It may take a little getting used to because of the taste and the consistency of the cereal flakes. Despite the ""taste factor"" and a few drawbacks concerning sodium and carbohydrates, I highly recommend this cereal as part of a healthy diet.",9,12,2006-10-28,0.75
388241,B007RTR8UC,3,1340668800,Not the Best Product for Me,"As I have long, thick somewhat curly hair, I am always looking for a great conditioner that can handle a hard job. This product looked promising according to its claims. I used the conditioner everyday until it ran out (which took close to two weeks for me).<br /><br />Pros:<br /><br />I think this has potential for the person with the right hair type. It claims it is for all types of hair, but that is not the case with mine.<br /><br />Though some have complained regarding the bottle design, I rather like it. To get all the conditioner out of a bottle, I usually have to keep it upside down anyway. This bottle is designed to stand ""upside down"", and consequently, I felt that I was able to use the whole bottle of conditioner.<br /><br />Cons:<br /><br />I do not see any difference in hair health between using this conditoner and the ones I have used before. My hair does not have a marked change. I will grant that I did not use the companion shampoo, but even so, I expected at least a little improvement in the health of my hair.<br /><br />This conditioner is heavily perfumed. I am not usually sensitive to things like perfumes, but every time I used this product, it made my eyes water and itch slightly.<br /><br />It seemed oily to me (though this may be a plus for some people).I prefer creaminess to oiliness. It has an appearance of being creamy, but feels oily.<br /><br />I won't be using this again, mostly due to the heavy perfume/itchy eye issue. Conditioners certainly are not a  ""one size fits all"" type thing; this conditioner may very well be great for the right hair type, but it isn't for my hair.",0,0,2012-06-26,0.0
37028,B000ARTNRE,4,1311206400,Good for a LACTOSE FREE formula,"Our second daughter was having severe gas cramps, she would cry when she ate and would struggle to pass gas. We decided to try a lactose free formula (we were on Good Start initially, which my first daughter did wonderfully on). So far, it's been a week, it has worked to eliminate 99% of her gas. She still has an occassional bout here and there but she's 3 months old and that's to be expected. She has the occasional green bowel movement, which is perfectly normal for a formula supplemented with iron.<br /><br />Regarding the sugar content. I'm not crazy about the sugar but having looked around, every lactose free formula I've seen has some type of sugar as a starting ingredient. I spoke with both Similac and Enfamil and they use sugar because they need to add a carb to replace the removed lactose (which was the sugar stripped from the formula). Babies need loads of carbs so they need to replace the sugar with something to keep the formula balanced.<br /><br />Things I like about this formula""<br />- Similac's 32oz liquid containers and powder containers are completely BPA free (confirmed this on the phone recently), no other major formula maker can claim that<br />- Easy to find this formula because of Similac's popularity in all forms; RTF, concentrated and powder<br />- It's working to decrease my child's gas, which was obviously due to lactose<br /><br />Things I don't like about this formula:<br />- Sugar content, though I don't think there's anything anyone can do about that... choose higher sugar or a screaming kid<br />- The ready to feed is a little foamy but that's resolved with a couple drops of Mylicon in the bottle<br /><br />I'm keeping my child on this formula for a couple months until her digestive system matures then we'll try a ""regular"" formula again. I would recommend this formula for a child struggling with lactose, either due to immature digestion or a lactose intolerance.",4,4,2011-07-21,1.0
370657,B001GINOP8,5,1228348800,Great snack!!,"I actually got some of this as a gift myself and was instantly addicted.  I am also amazed to have seen a review saying it was hot.. I don't know what that guy was eating but it was NOT this product.  It is not hot and all (and not spicy).  Soon to try it as a salad topping.  It is really nice to finally find some snacks that are satisfying, tasty and nutritious as well.  Heck...I'd eat the stuff even it wasn't nutritious... it's that good!!",0,0,2008-12-04,0.0
427157,B000216O16,5,1331856000,Better gluten free baking,I have been baking gluten free for two decades. Using this ultra fine flour eliminates the sometimes gritty texture of regular rice flour. I have used this flour for popovers and flour tortillas with very good results.,1,1,2012-03-16,1.0
396778,B000E4ARAU,3,1253232000,Golden Valley Jerky Orginal,"If you are into hiking, bike riding or traveling. I don't recomand this beef jerky. First once you open the package, you must keep it refirgerated. The instructions say ""for best taste use within 3 days."" It is good, it is tender, but again the down fall is keeping it in a refrigerator. You are better off going to your nearest Wal-mart or Target, etc. and pick up one of the brands they carry and forget about refrigerating and eating it in a hurry. I hope this helps some of you from ordering to much like I did, I order 2 lbs, and sorry I did.",0,1,2009-09-18,0.0
494571,B003G1ZRTY,3,1327968000,THEY'RE EXTREME!!,"I just opened the box last night while waiting for dinner.  The crackers are dense with a good bitey texture. The first bite I ate plain, and it was like eating sand. FIRST TIMERS, DO NOT EAT THEM PLAIN; YOU WILL BE TURNED OFF!  I hurried to get some almond butter on the cracker.  That was fabulous. I plan on eating these daily as part of a weight management plan. Right now I am eating these crackers SOLELY for the nutritional benefits and absolutely NOT FOR THE TASTE. But they are edible and are supposed to be really good for you. I hope so...",0,0,2012-01-31,0.0
299381,B005UUYKBU,5,1343260800,Holy smokes it's smoking hot!,"And delicious! I also dusted some tomato plants with this and the deer won't touch them! Tomatoes now have a small spicy hint, too ;)<br />This is a ten-year supply unless you own a restaurant, though!",0,0,2012-07-26,0.0
73987,B004JRKEH4,5,1314662400,Delicious!,"This sauce is spicy, and very tasty - with a hint of smokiness flavor. I used it as a dip for veggies and it was a hit, my son and his friends used it on sandwiches and they raved about it.  This is very tasty, and I think it would be delicious on pork or chicken.  Something I will buy again.",0,0,2011-08-30,0.0
141003,B004DBS2TI,5,1342224000,Dad's favorite,"I buy these for my dad...they are his favorite.  We normally buy Caribou Blend for ourselves, but these are a close 2nd.",0,0,2012-07-14,0.0
105074,B000SARJJ2,3,1317427200,christmas tea?,this tea was very a very strong peppermint and clove flavor not what i would call a good christmas flavor.  i like it but was disappointed that it wasn't more a traditional flavor.  i don't think of peppermint as a normal christmas tea flavor.,1,2,2011-10-01,0.5
348269,B003GS3VQ8,1,1204588800,AWFUL!,"Sorry, but I really thought these were awful.  My husband didn't like them either and he's really into natural foods.  It wasn't the spice & sweet mixture that we didn't like - it just didn't taste good at all.  One bag we got was very stale but the others seemed fine.  I ended up selling them on ebay!",1,2,2008-03-04,0.5
102139,B00120Y2SS,1,1313539200,Is this really the brand it describes?,"I'd really love to buy these rawhide chews...if indeed they are Wholesome Hide brand.  That was the title of my search and this product came up.  Yes, Wholesome Hide is what is in the description but not the title.  The price is also almost 2/3rds lower than the nearest competitor's price, which makes me wonder.  Also, is this being sold by KV Pets or by Southside Pet Barn?<br /><br />I'm confused...and can't take a chance.  I'm only posting this because some Amazon users don't always read the fine print.  Buyer beware!",1,1,2011-08-17,1.0
273698,B002CJO8T6,5,1325894400,Chef Michael dog food,"I use this dog food along with food that I make and feel that my dog is getting his full nutritional requirements.  The price ordering from Amazon is better than stores where I live, not to mention the fact that I cannot find the larger sized bag here.",0,0,2012-01-07,0.0
57326,B00817GPWQ,5,1282348800,Wonderful flavor,This is a great smooth flavorful cup of coffee.  I favorite in my house.  Will continue to purchase this.,1,1,2010-08-21,1.0
300336,B004QDQZJC,5,1346544000,I love this product!!!,The GU SPorts Brew Electrolyte Tablets are fantastic!!! They are easy to use and much more tasty than other electrolyte tablets I have tried!!,0,0,2012-09-02,0.0
205147,B004AO9EJU,5,1332806400,Best Decaf Coffee Pods,If I had been given this coffee in a cup I wouldn't have guessed it was decaf.  It is strong & good!  I have the regular version too and they taste about the same.,1,1,2012-03-27,1.0
133847,B002AR14WO,4,1254268800,"Smooth, chocolatey tea, with a high price tag","I am truly more of a coffee drinker, but I do enjoy tea sometimes. I have found that I really enjoy teas that have a chocolate flavor. They seem more rich and satisfying to me. One I had been enjoying is this one:<br /><br /><a href=""http://www.amazon.com/gp/product/B00113FULO"">Good Earth Cocoa Chai, Black Tea, Cocoa And Spice, 18 Count Tea Bags, 1.43-Ounce Boxes (Pack of 6)</a><br /><br />It is good, and you could somewhat compare it with the one I am reviewing today.<br /><br />This one, the Numi tea, is even better. Richer, smoother and more full-flavored. I had company last weekend and several of my guests tried some and everyone wanted to take an extra teabag home. That said, it is very expensive compared to other chocolate teas, like the Good Earth brand. About 3 times as much per bag, comparing with the Good Earth subscribe & save price!<br /><br />I would not purchase this for every day, but it is definitely gift-worthy if you have tea lovers on your gift list this Christmas and want to get them something special. Even the box is lovely and special looking. I will be ordering some more for gifts, as well as some to keep around specifically for company. (I may have to hide it to keep it from disappearing in between company visits!). I can't afford it for everyday use--I'll probably keep buying the Good Earth for that--but this one will still have a place on my shopping list.",0,0,2009-09-30,0.0
313351,B004GWEBBC,5,1298678400,"The best conditioner, hands down!","This conditioner smells great on my dog for weeks!  I have an Australian shepherd who is always in the mud, woods, dirt and getting wet.  He smells great even after a swim in the pond.  I would purchase this item if it were $20 a bottle!",0,0,2011-02-26,0.0
56072,B000NM1RD4,1,1337558400,Not as advertised,"I love Stroopwafels and have tried all sorts. The kind that come from this shipper are Stroopie stroopwafels (a nice brand), but instead of the 40 count advertised, only 8 arrived (in a fancy blue tin, for which I have no need). The tin even has a sticker on top that says 40 count. Either someone is embezzling stroopwafels, or this is just misleadingly advertised. So BE AWARE! This should read 8 count, not 40 (which makes the price point pretty different!!!)",1,1,2012-05-21,1.0
371604,B000EDM6KU,5,1347062400,High Quality Gluten Free Thickener,"This stuff is great.  It claims that it is tasteless, but this stuff makes whatever I am adding it to taste better.  Perhaps this ""tasteless"" thickener allows the true flavors of the dish shine, where other thickeners have a flavor of their own which actually changes the flavor.<br /><br />No need to make a slurry or fuss with this stuff.  Just sprinkle on towards the end of your cooking and stir it up.  It thickens quickly and easily.",0,0,2012-09-08,0.0
24323,B0023UL7S4,5,1347321600,Awesome Rawhide Treat!,"I don't get how some people say the rawhide does not last? I have a BIG Black Lab who can chew up a store bought 2 foot rawhide in less than an hour. That being said this one has lasted a week now. I am so pleased with this product that this is our 8th purchase of the different styles offered. Our furry baby just loves them. A PLUS to this product, it is not only good for his hips and joints, but he digests this one easily. Unlike the cheap store bought ones he has choked up and has gotten sick from. We have no complaints about this rawhide at all. Just wish they came even bigger. Best rawhide we have ever bought and we will not go back to the store bought ones now.",0,0,2012-09-11,0.0
475559,B003M63CCW,5,1292889600,Ingredients,"After reading the review about the change of ingredients, I contacted Holistic Select to double check the information and they clearly state that there are no pork products in this food. The only change they made was to add canola oil as a secondary fat source. Here is the list of ingredients that they sent to me:<br /><br />Anchovy, Sardine & Salmon Meal, Oatmeal, Ground Brown Rice, Ground White Rice, Canola Oil (Preserved with Natural Mixed Tocopherols), Dried Beet Pulp, Menhaden Fish Oil, Flaxseed, Dried Egg Product, Carrots, Sun-Cured Alfalfa, Peas, Potassium Chloride, Organic Quinoa, Apples, Blueberries, Cranberries, Dried Kelp, Yucca Schidigera Extract, DL-Methionine, Vitamins [Beta-Carotene, Vitamin A Supplement, Vitamin D3 Supplement, Vitamin E Supplement, Riboflavin Supplement, Vitamin B12 Supplement, d-Calcium Pantothenate, Niacin Supplement, Pyridoxine Hydrochloride, Thiamine Mononitrate, Folic Acid, Ascorbic Acid (Vitamin C), Biotin], Minerals [Polysaccharide Complexes of Zinc, Iron, Manganese and Copper, Cobalt Carbonate, Potassium Iodate, Sodium Selenite], Choline Chloride, Lecithin, Rosemary Extract, Glucosamine Hydrochloride, Inulin, Dried Lactobacillus acidophilus, Lactobacillus casei, Enterococcus faecium, Bacillus subtilis, Bacillus licheniformis, Aspergillus oryzae and Aspergillus ni  ger Fermentation Products, Mixed Tocopherols (a natural preservative).<br /><a href=""http://www.amazon.com/gp/product/B0000TSQ6G"">Holistic Select Radiant Adult Health, Anchovy, Sardine, and Salmon Dry Dog Food, 30-Pound Bag</a>",13,14,2010-12-21,0.9285714285714286
273940,B0034L4YD6,5,1288742400,Good enough for dessert!,"These were easily the best-tasting protein bars I've had yet. The bars themselves are comfortingly hefty and substantial, there is no bad aftertaste (or any artificial taste), the consistency is brownie-like, and those who don't mind the amount of sugar in the product will be pleased.",0,0,2010-11-03,0.0
524762,B002DHNIBG,5,1334016000,Favorite Granola Bar,"I have tried a good amount of granola bars in my time. I usually use various granola bars when doing everything from backpacking to snowbarding for hours to simple snacks throughout the day to full meals at times. Being a huge fan of both dark chocolate and coffee, this natural bar from Kashi is a great snack at any time of the day. Quality ingredients and a reasonable price is great for what you get out of these bars. The chewy texture is great when you bite into an occasional almond and there isnt too much dark chocolate bits, but just enough to go well with the mocha flavor. I usually eat one with my coffee in the morning while at the office when I am short on time or in the evening when I dont want a big meal, but want something reasonably healthy. The bars are great when short on time and need a quick pick me up. I use them with some juice in the morning when just waking and going for a spin class. Easy on the stomach at least for me. Great buy!",1,2,2012-04-10,0.5
550474,B001SAXPEO,5,1193443200,Best Chips I've Ever Tasted,"Fantastic tasting potato chips. I love the individual bags, great for kids and adults too. No trans fat, no cholesterol, no artifical stuff.<br />Low in sodium and high in potassium, which is great for people like me with HBP.<br />Only problem is Amazon is out of stock some times and price is high.",2,3,2007-10-27,0.6666666666666666
541780,B004FGTEP2,2,1320364800,Grounded Out!,"I have purchased K-Cups of Tully's Coffee previously but not the Breakfast Blend. For some reason almost all of the K-Cups in this Pack of 2 purchase I made have had grounds coming out in my coffee mug! I notice that when the cups are pierced the seal is not tight enough to prevent an opening at the rim, thus the fine coffee dust and also some grounds are escaping. Not very happy with this so I am not sure I will buy any more of this particular brand.",1,3,2011-11-04,0.3333333333333333
327147,B001HTKNR8,5,1255305600,Amazing chocolate,"Wonderful taste. like any high quality chocolate. Not so much like a milk chocolate as much as semi-sweet, or dark, but amazing gourmet taste. No funny texture, aftertaste, or other symptoms of ""allergy free"" foods.  Highly recommend!!",1,1,2009-10-12,1.0
442932,B0006345PW,5,1321660800,vomiting cats?,"We have several cats, one of which has had a vomiting problem for many years.  We tried many cats food.  Science diet sensitive is one of the foods that works.  There are 2 otherss.  1 is Purina 1 Sensitive which is also great.  the other is a Royal Canin Oral Sensitive.  I think the Science Diet and the Purina 1 are the best.  We also give the cat Prednisolone under a Vet prescription, as the vet said it was inflamatory bowel disease.",0,0,2011-11-19,0.0
421898,B001NAW0VS,5,1285372800,Creamiest,"I ordered Hazlenut, Pistachio, and Walnut through Fastachi and this nut butter stays creamiest the longest.",1,1,2010-09-25,1.0
64377,B000FPJ4M0,5,1318464000,My Babe like it,Its taste and smell is good.<br />Maybe my Babe likes the strawberry in it.<br />We have taken several types of Gerber 2nd foods.,0,0,2011-10-13,0.0
368221,B001ZWHGFO,5,1303430400,Great price & they do the job,Poop bags are poop bags.  They do their job well and they are a good size.  Some bags get to feeling pretty small to use when your dog is 100 lbs. This one does not.,1,1,2011-04-22,1.0
38255,B0030EGQAG,1,1344038400,Shipping snafu or what?,Just received this product in a box with 4 cds that I ordered. No packing material in the box. What I got was a box of cookie crumbs! Not one cookie was whole or intact. I will not order this again!!! Will not eat these crumbs either. Very disappointed.,0,2,2012-08-04,0.0
376955,B00141WJBM,1,1233532800,My dogs won't eat this!,"My dogs love the Dogswell supplements made from chicken, so I assumed they'd also like the sweet potato supplements.  Neither of them would eat it!  Even my aggressive chewing lab didn't like these.  They're almost impossible to chew (unless I soak them in boiling water for at least 30 minutes, which presumably would leech the nutrients from the chews).  When the lab first tried these, they cut her gums, and when she would leave pieces of the chew on the floor, if I stepped on them before noticing them, they'd cut my foot!  I noticed this about ALL the varieties of Dogswells Sweet Potato Chews.  I threw them all out.",0,0,2009-02-02,0.0
558115,B007JT7AIA,4,1337731200,Weaker mixture of Head and Shoulders and Tea Tree,"Clear Men Scalp Therapy has the same ingredient as Head and Shoulders for dandruff control, Zinc pyrithione, and the ingredients from Paul Mitchell Tea Tree, menthol and ginger. However this product has a weaker mixture of the two, so you do not get the same dandruff control of Head and Shoulders and the tingling clean feeling of Tea Tree.<br /><br />I have jet black hair and once a friend who was in beauty school needed a victim...I mean a volunteer to do a hair coloring. Well I got a real good chemical burn on my scalp and had to go to a dermatologist. She told me that for scalp treatment the over the counter brands contain the following: Head and Shoulders: Zinc pyrithione, Selsun Blue:Selenium sulfide, and T-Gel:coal tar. These are the most common anti dandruff shampoos and there are store brands of each one. She prescribed for me Nizoral Shampoo which has Ketoconazole as the active ingredient. Since then there is a non-prescription version of Nizoral for sale at stores.<br /><br />So, as far as this product goes, it will be good as a mild scalp conditioner and hydrator, but if you have serious scalp issues then the Nizoral is the best of all brands on the shelf. If you are looking for a shampoo that really leaves your scalp tingling and cool feeling then Paul Mitchell Tea Tree is what you should use. This product is fine if you are looking for something that has the mild qualities of those shampoos. It does leave you with a nice clean feeling and the price is reasonable.",2,3,2012-05-23,0.6666666666666666
104256,B002C4C67C,1,1314576000,Scam Marzano tomatoes!,"If you are just ordering canned tomatoes, then so be it.  These, however, are depicted as ""Product of San Marzano"" tomatoes.  What arrived were just canned Italian tomatoes with no indication that they are from San Marzano, because they aren't.  The labels are identical, except where the one in the illustration says ""Product of San Marzano"", these just say ""Product of Italy"".<br /><br />For those who buy California ""champagne"", Dominican ""Cohibas"" and salmon ""caviar"", please enjoy these tomatoes, as you probably won't notice the difference.  They are not, however, San Marzanos, so if you think you've uncovered a great deal, you haven't.  All you've found is a pure and unadulterated example of ""bait and switch"".<br /><br />Also beware the blanket Amazon disclaimer: ""Actual product packaging and materials may contain more and different information than what is shown on our website. We recommend that you do not rely solely on the information presented and that you always read labels, warnings, and directions before using or consuming a product.""  Nice!  Not sure how exactly one can rely on information other than what they provide or read the labels BEFORE one places one's order.<br /><br />Anyway, you've been warned.  Caveat emptor.",9,14,2011-08-29,0.6428571428571429
375389,B000V4ZY6U,5,1221091200,Delicious!,"I'm a popcorn freak and I've been using Johnny's Popcorn Salt for years. Every once in a while I switch back to plain salt just for variety's sake, but I always come back to my Johnny's. It enhances the flavors of the popcorn and butter - there's really no way to describe how good it is. No other popcorn salt I've tried has been this yummy.<br /><br />I ordered a large supply some years ago from Johnny's website when I stopped being able to find it in stores, but now that Amazon has it in bulk for a decent price and no shipping, I'll be stocking up here. FYI, it does contain MSG, lots by the taste of it. I've never had a reaction to it and absolutely love that good old MSG savor. Try it and see!",2,2,2008-09-11,1.0
412359,B004U8Z4MM,4,1351123200,Very convenient,"Before I order anything online, I try to research as much as possible.  There were so many comments complaining about the packaging, stating that the litter was spilling out of the box when it arrived.  I was under the assumption that the Arm & Hammer box was shipped alone.  And that may be the case if shipped from another supplier, but I have a monthly subscription from Amazon. The 40lb litter box is placed in a different Amazon box before it ships.  Some of my litter spilled out too, but I just simply poured the 2 tablespoons back into the original box.  The subscription saves money and makes things so convenient, since it's delivered right to the door each month.  Then the shipping is free on top of all that.  Lifting 40lbs is no prob for me, but my girlfriend sure does appreciate the free delivery.<br />  Pertaining to the effectiveness of the litter......  I am a dog person, so being around cats is new to me.  I made my girlfriend try at least 10-12 different types of litter, and found that none of them work perfectly.  Arm & Hammer works for us since it meets most requirements better than others.  (masks odor better than any other I've tried, clumps well, inexpensive)  Then the subscription makes it so convenient.  This is a real unsolicited review....the type that I look for when I scan other reviews to help me make a decision.  I hope this helps someone.",0,0,2012-10-25,0.0
138559,B0089SPENI,2,1308441600,not the best chai tea I've tasted,"This India spice chai tea wasn't my favorite purchase. In fact, I am thinking I would relist the unused teas in the container and get rid of it. Hopefully someone out there loves it. It's almost a new box.",0,0,2011-06-19,0.0
57776,B000EVOSE4,5,1188172800,This is the way to buy gummy bears,"I didn't know what I was going to do with this many gummi bears.  But I found something--I ate them.  And they were every single one delicious.  I think I might get another bag soon.  This is definitely the best kind of gummi bear available, too, but perhaps that is just because Haribo defines gummi bear to me.",0,0,2007-08-27,0.0
328423,B004HLCKMY,2,1320105600,not very good at all!!,"I got the hot cocoa k-cups for my kids and my son said to me ""mom yours is better""!  While they enjoy the novelty of it they don't really enjoy the taste of it and my version of hot cocoa is swiss miss!!  Wouldn't reccomend, may have to try another brand!",4,4,2011-11-01,1.0
508155,B006N3IE6A,1,1340841600,Ew.,I bought a 24 pack of this an drank almost all of them before realizing what the flavor reminded me of. It tastes like hotdog water.,9,11,2012-06-28,0.8181818181818182
405606,B005K4Q4LK,5,1348790400,Best Deal Around,"I usually buy caramel coffee creamer to go in my cappuccino but with this product, it is creamy without it. Buying by bulk like this offers, saves me money too. I would recommend this product and I will be making another purchase soon.",1,2,2012-09-28,0.5
411602,B000G1CPZQ,5,1229731200,Great product,"This is a great canned chili.  It's a little pricier than standard canned chili, but I think it's worth it from a taste and quality standpoint.<br /><br />I like really spicy stuff, and I don't think it's very spicy.  If I were getting it for myself, I would definitely get the hot, but my wife doesn't like stuff as spicy.  The medium has flavor, but is definitely not that hot to my taste.",0,0,2008-12-20,0.0
147274,B000GZUBAS,4,1328227200,grandson loves mum-mum,"I  found these at walmart and my grandson loves these ,when surfing on amazon and found them to be delived to me  that was even better ,now I never run out of them because I alwas have mum-mum  for my Bentley<br />I open the cabinet and he sees them and knows they are for him",1,1,2012-02-03,1.0
483403,B0006Z7NOK,1,1298332800,didn't receive item,"I never received the item.  It was in my area for at least 5 days, I had tracked it and talked to the UPS people.  Still, it never got to me.  I called the company it was produced by, they said call UPS and/or fill out complaint to Amazon.  I called UPS numerous times but didn't contact Amazon because I want nothing to do with Pay Pal.",2,39,2011-02-22,0.05128205128205128
306315,B005FC75X8,2,1318377600,Meh; noodles too firm,"I didn't hate it, but I didn't like it. The noodles are a little too firm for ""ramen"". The broth was ok...again, didn't hate it, but didn't like it. It didn't all dissolve (I followed the instructions completely) and it got kind of grainy at the bottom. I will eat the rest but will definitely not order it again.",3,5,2011-10-12,0.6
195693,B000CQC0BE,5,1323907200,Great tea,Great product. Used the tea for a mother- daughter holiday tea and it was a hit. Would order this tea again,1,1,2011-12-15,1.0
286098,B008GRIB0A,5,1287446400,One of the best K-cups!,"My family likes the Keurig coffee system very much.  This one of our most favorite flavored coffees.  And, we like AMAZON.COM's prices on K-cups.",0,0,2010-10-19,0.0
175702,B003EJ9KLO,5,1294876800,Best pancake Mix ever,"My 19 grandchildren LOVE these pancakes and waffles.  They insist on having them whenever they come over so I had to subscribe to always have them on hand.  I like the complete mix that only needs water so I can easily make a few or a lot easily.  I Like, as well, the fact that the ingredients are all natural and healthy without added fats or sugars.  Good stuff!",1,1,2011-01-13,1.0
76849,B0045DLOLC,4,1327449600,Good Gift,This gift bag was filled with great treats for the man in my life.  I just wish you got more for that price.,0,0,2012-01-25,0.0
41446,B0088YBUOU,4,1159660800,"Quick, easy, taste great",We had these along with Omaha prime rib. Both were great. Two where plenty to fill up. Made them in toaster oven in less then 20 minutes.,4,5,2006-10-01,0.8
101118,B0014B0HWK,5,1267660800,The best!,"I started drinking this tea after a Doctor of alternative medicine recommended it to cure a Yeast Infection. It worked! I did not had to do to a GYN to cure my yeast infection. Also, it helped me in other way. After I started drinking the tea I stopped craving sugar. Needless to say, I lost like 15 pounds while drinking it. Is amazing and very medicinal. It also helps me with menstrual cramps. I love it! You can find it here online or in any natural health food store near you.",5,5,2010-03-04,1.0
126855,B001FYUVLI,2,1331251200,NOT long lasting,"I was very disappointed by the product.  They are NOT long lasting as I was lead to believe.  I was going to buy Chewlotta's which take my dog about 2 hrs to go through 1, but I thought it was too pricey at $3 a pop.  My dog could eat this whole bag in less than 2 hours.  He does enjoy them though.",1,1,2012-03-09,1.0
54410,B004725QD8,1,1320019200,Bad Cookies,This product came in expired and of course stale.  I purchased this for a school party and ended it using it as bird food.  I was very disappointed. The only reason I didn't send it back was because I opened them before tasting it.  I will never buy anything from this seller again.,1,1,2011-10-31,1.0
535970,B003VXHGDM,5,1300492800,Fave K-cup French Roast,"Love this blend, so was delighted to find it on your ""Subscribe & Save"" program (at a better price<br />than w/Keurig.  So REALLY disappointed to learn today it was no longer available on said program.<br />Shame on manufacturerer!",0,0,2011-03-19,0.0
550048,B000YPKRW2,4,1238716800,Boxed meal that is better than average,"This flavor of Pasta Roni is the best of what they make. The noodles don't stick together like their Alfredo variety, and the flavor of the sauce is quite good, especially if you add some fresh garlic. I also prefer it made with olive oil instead of butter; it's better for you, and tastes nicer, especially with good olive oil. I've added black olives, chicken breast, fresh oregano, mushrooms, and other ingredients and they've all turned out fine.<br /><br />For a Pasta Roni, this is a great meal.",0,0,2009-04-03,0.0
392945,B003VXL0V6,5,1327363200,I would order again!,Wolfgang Puck makes the BEST coffee! The package arrived on time and in perfect condition! I would definitely order this again.,0,0,2012-01-24,0.0
311286,B000F6SOZ2,4,1328140800,Impeccable Taste but unhealthy,The taste is very very good and it is quite addicting.<br /><br />But...<br /><br />Eating 3 of these a day can't be terribly healthy.  There is a lot of sugar and fat packed into each bar.<br />There had to be a reason why they are so dang good.,0,0,2012-02-02,0.0
128551,B007L3NVKU,4,1299801600,A nice addition to my K-cup repertoire,"This is the fourth different type of coffee I have tried with my Keurig coffee maker. At this point, it is tied for my favorite with Starbuck's vanilla coffee (I use the attachment for ground coffee to brew this).<br /><br />Is this peoduct extra bold? It certainly has a smoother taste than that of some of the other coffees that I have tried. It does not have the acidic edge that another company's product manifests.<br /><br />One of the nice things about a Keurig machine is that--through outlets such as Amazon--one can experiment with a variety of brands and tastes to find what works best for one. And this Newman's Own K-cup is a highly successful experiment!",1,1,2011-03-11,1.0
302331,B002GWHCNS,5,1256774400,"Great coffee, very fresh",I bought this coffee for my husband and he just loves it.  It comes in a air sealed bag so its very fresh.  Its not to strong either<br /><br />Great coffee will definitely buy more when we finish this one,0,0,2009-10-29,0.0
50231,B000YV9QMI,5,1211414400,Vegan Natural Kosher Choice,"Vegan. Natural. Kosher. Gave as a gift to someone who really appreciates high quality macadamias. Very positive response. ""Best quality"" mac nuts (and this is from someone who has been to Hawaii frequently and has sampled many ""macs"" in her time.) This review is out there for those for whom this makes a difference. See all of my reviews for more great choices. Check out ""Vegan Grocery Favorites"" and ""Vegan Grocery Top Ten"" in Listmania. Your ""helpful"" votes count and will be greatly appreciated to benefit the search of others. Thank you.",11,12,2008-05-22,0.9166666666666666
57488,B0045GZH8U,3,1333497600,a little salty,"I cooked noodle soups using the chicken soup as the base. The chicken soup turned out to be a little salty. I added noodles and vegetables into the soup without adding extra salt. But it is still a little salty. So, I had to add water and make it more tasty.",0,1,2012-04-04,0.0
480090,B002YZXUPG,2,1280966400,Great Flavor - Terrible Gum,"The flavor is great, but after 15-20 minutes of chewing, it feels like it starts disintegrating. Definitely will not buy this flavor again.  I guess I'll stick to my mint flavored gums.",1,2,2010-08-05,0.5
332094,B0045XB4AI,3,1299283200,Pick-me-up Mystery.,"This item claims to contain as much coffee as a cup of premium coffee. I had never had it before, but I had had 5-hour-energy before, and it seemed similar.<br /><br />It contains 10mg of niacin (50% dv), 20mg B6 (1000% dv), 200mcg folic acid (50% dv), 250mcg B12 (4166% dv) and 1600mcg of an ""Energy Blend.""<br /><br />I only received one to review, but I took it on a day I was tired, and then I was not as tired afterwards. It is hard to give an accurate review though having just had it once.<br /><br />I prefer to know what I'm eating though, so I don't like the fact that it has an unexplained ""Energy Blend"" There are sparse regulations on dietary supplements that are ""natural"" or ""herbal"" and you don't really know what you're going to get. One thing I liked about 5 hour energy is they didn't mess around with that. This one apparently does.<br /><br />Taste was fine.",0,0,2011-03-05,0.0
433313,B004DBT12A,5,1315180800,Great coffee that's not quite so strong!,We have ordered this coffee several times now and it is our favorite.  It isn't as strong as some others are and we enjoy it every morning.  We highly recommend it for those who don't like the stronger coffee.,1,1,2011-09-05,1.0
10148,B003EML8PM,5,1310515200,Great taste!,I bought these years ago at Walmart<br />and then they stopped carrying them.  I was searching the internet and found them at Amazon.  We ordered a box of each.  I like the spicy and my husband likes the orginal.  A learning process will be a sure thing until you figure out how many minutes for your microwave.  They are great and we love them.,0,0,2011-07-13,0.0
148265,B000XK8MCA,5,1313798400,high quality puppy food,This was recommended to us when we got our puppy a year ago and I love it.  The ingredients are real (not fillers) and there are no strange oders or fake colors.  My puppy self-serves from her food bowl and has stayed lean and healthy on this food.,1,1,2011-08-20,1.0
383931,B0030VJ8PE,5,1328054400,I sneak it in!,"My youngest loves this flavor straight out of the pounch and my older kids enjoy it without even knowing.<br /><br />My youngest often takes this in her lunchbox to preschool to enjoy during the day since she can recap it as many times as she would like.<br /><br />For my older kids, this is my favorite product to hide in all of their ""treats""!  The apple & cherry flavoring is delicious in smooties, brownies, cupcakes and makes everything healthier.",0,1,2012-02-01,0.0
355098,B00712NJ4E,3,1347580800,mousse of duck,Very fast delivery time.<br />Tast was bland but nice color & consistency.  Lots of mousse for the price.  Would buy it again if having a party.,0,0,2012-09-14,0.0
109243,B007PA31TK,5,1350691200,"Really good flavor,","This coffee has a really good flavor and two 5.25 oz. cups from one unit isn't bad, costs less and still makes a good cup of coffee.",0,0,2012-10-20,0.0
495669,B0098WV8F2,5,1336003200,Almost as good as the real thing..,I read about this product and decided to try it.  It tastes almost as good as regular peanut butter.  Although it is more expensive than regular peanut butter I think it is worth it considering how little fat and calories it has!  I haven't tried the chocolate version yet but considering how good the regular PB2 I am confident I will enjoy the chocolate version just as much.,0,0,2012-05-03,0.0
332602,B003GS5FMQ,5,1327795200,Scrumptious!,"Just bought my first pouch today at my local Publix and they're already gone!  It's hard to describe what a treat these are with the combination of sweet and savory, salt, vanilla, and pomegranate flavors. I just wish it was an organic product, but flavor-wise, no complaints! The price on Amazon is 20% less than at my grocery store.",0,0,2012-01-29,0.0
94125,B0002DGRPC,5,1335398400,My snobby hound loves these,"My beagle/lab mix is fairly picky with treats, but she goes nuts for these. I've been trying to find something other than chicken jerky from China (after reading reports from the FDA showing illness/death in dogs) that my dog really loves, and these seem to fit the bill nicely.",0,0,2012-04-26,0.0
131961,B000CQIDHY,5,1215993600,Revitalizing,"Although I have sampled numerous Earl Grey teas, I always come back to Stash Double Bergamot Earl Grey Tea. I agree that it is not for the faint-hearted or those with a hypersensitive palate. Unlike teas such as jasmine green tea or chamomile which are soothing and relaxing, this tea is revitalizing and vivifying. So, if you want a bold and full flavored tea experience, this is the perfect tea for you.",0,0,2008-07-14,0.0
150722,B000O7Z71G,4,1260230400,"Creamy, sweet Chai Tea Latte","My favorite tea of those offered by Tassimo.  Delicious, creamy chai flavor, that satisfies my urge for something sweet.  May be a bit too sweet for some.",0,0,2009-12-08,0.0
41152,B000E65OJM,5,1209686400,great taste,"New look, but same taste !!<br />A wonderfull cup of tea whit black cherry berry flavor<br />it's a must to have.",0,0,2008-05-02,0.0
177143,B0030VJ8E0,5,1310688000,Great organic on the go snack,"My daughter, who is in preschool, loves these Happy Baby organic pouches-her tops flavor are the apple-cherry, pear, mango, banana kiwi.  They are perfect chilled and very nutrient dense.  Easy to throw in bag as the package is soft and BPA free.",0,0,2011-07-15,0.0
169454,B000LQMXEO,5,1342137600,filo,loved it but it arrived thawed but still good. I have difficulty finding it in this part of Texas so it was a real convenience.,0,0,2012-07-13,0.0
281705,B007RTR9DS,3,1346544000,"It works, but leaves my hair oily- Great as a skin softener","OK- to be fair I ordered this thinking it was for all hair types, but I suspect it is meant to be used for more coarse, thick hair- not my Swedish blonde strands. While it does work very well, it leaves my hair with an oily appearance. Something I a not looking for. I also liked the gentle smell of honey and Shea butter. When left with the dilemma of having so much left in the container after deciding it wasn't made for my locks I wondered if it could be helpful to other dry skin areas. I rubbed a bunch into my feet (I teach and am on them all day long so they were cracked heels and sides) and put on a pair of socks for bed. When I woke up the next day they were so much better looking! I repeated this process three nights in a row and my feet look pampered and soft. While I understand this is not the ""recommended"" use of this product it REALLY works for dry skin too. I would continue to buy it just for this use.",1,1,2012-09-02,1.0
64273,B000FFM7U6,5,1153008000,The best herbal tea on the market.,The first time I drank this tea I couldn't believe all the flavor.  Even without sugar it's not too tart.  It's very difficult to find in stores.,7,7,2006-07-16,1.0
477554,B003B4JFS0,5,1273536000,Best snickerdoodles on earth,"If you like Snickerdoodle cookies, you will love these they are very large single cookies coated  with cinnamon and sugar . Highly reommended",3,4,2010-05-11,0.75
250937,B004DOXI9O,3,1316476800,"Tasty, questionable texture, chocolate was melted","Like so many other reviewers have noted, the cookies I received had melted chocolate that had hardened all over them. The cookies were stuck together, so I couldn't truly indulge in the flavor - some bites were pure cookie, some were pure chocolate.<br /><br />These cookies were a bit tasty - the ginger and chocolate fit well together. The texture, like so many gluten-free products, was disappointing. They were very mealy, gritty - almost sandy. Not the fault of the cookie, but the problem that every gluten free product has due to the flours that are used (rice, tapioca, etc).<br /><br />The cookies were just a little chewy, which made me wonder if they were stale or if they're just not supposed to be crunchy. The chocolate was very good, high quality chocolate, which was a nice touch.<br /><br />These aren't cookies I'd keep in my house all the time, but they weren't bad. My main issue was the condition in which they were delivered, which was disappointing.",2,2,2011-09-20,1.0
538321,B0061IUIDY,5,1335916800,A Wonderful Tea,"I drink a lot of coffee and tea, I start the day with coffee and graduate to hot and ice tea depending on my mood.<br /><br />I had afternoon tea yesterday and loved my first cups of the delicious Higgins & Burke Earl Grey tea.<br /><br />I then brewed two pots of this tea for glasses of ice tea this afternoon and I love the taste.<br /><br />It's a strong, yet smooth Black Tea with the tasty oil of Bergamot to set off the wonderful Earl Grey taste experience.<br /><br />I Love it!  Let's have another cup...",0,0,2012-05-02,0.0
345218,B0076MLL12,5,1350345600,Thanks for the best hot cocoa outthere!,I finally found a hot cocoa for the keurig that isn't too sweet. I made a cup the day it came in the mail and from the first sip I was hooked. From now on this will be the only hot cocoa I drink.,0,0,2012-10-16,0.0
231768,B00113L7J8,5,1220745600,"Good tasting, very satisfying","For health reasons I've been looking, but having a hard time finding, a decaffeinated green tea that was full flavored and actually tasted good.  Well, this one hit the spot.  And to top it off, it's organic, so all the better.",5,5,2008-09-07,1.0
544929,B002VTE7JI,5,1292457600,One of the healthiest and delicious noodles soup,I just received Pack of 40 and planning to order it again.This noodle soup is the healthiest noodle soup if compare to other noodle soup.No fat or just total fat=0.5 g to compare to other noodle soup with total fat=12 g to 22 g .And this noodle soup is delicious too.,1,1,2010-12-16,1.0
255271,B0029NVJX8,5,1344384000,Hairball treats,My cats love these Whiskers Temptation treats and Amazon is the only place I can find them.  As I have five cats it is much more convenient than the  hairball gel.,0,0,2012-08-08,0.0
1827,B001RVFDOO,3,1271721600,weight?,"I have not ordered yet, my question is, from the description, it is 24 bags at 0.8 ounces. How does this equal 192 ounces in total weight?",2,5,2010-04-20,0.4
409956,B004AWTR6M,5,1301184000,Good,"I have searched high and low for this product. and it as worth it. For me, I just have to add a sweetener and it is fine,I will order more. I cannot find this cider in any store, Thank you.",0,0,2011-03-27,0.0
368167,B000OYF2I2,4,1211846400,unexpected,"I have never seen a beach housewarming gift before.  It came at the right time.  I wasn't looking to buy my boss a gift, but when I saw this it was perfect.  It was so unexpected by all as to the uniqueness of the theme of this gift that everyone kept saying..........""I have never seen anything like this before.""  ""Where did you get it.""  The price was good and the look was good.  The delivery was pretty quick.  It was packaged well.  Thank you.",0,0,2008-05-27,0.0
54275,B001H0FI22,2,1303084800,Great Tasting Coffee,The coffee is great tasting but is expensive in my book. If Nestle hadn't sent me the machine for free I wouldn't have bought it. It leaks and is not a great machine for an office. Our office doesn't like it because you have to keep going to the bathroom to refill it with water because it only holds two cups worth of water. It does make a hot cup of coffee in a very quick time though.,0,1,2011-04-18,0.0
151702,B00315WGNK,5,1298332800,Very Tender & Tasty,The flavor of the sweet & hot is the best spicy jerky I have yet to find. It is also very tender. The only issue I have is sometimes you get quite a few pieces in a row that have alot of grisel in them.,1,2,2011-02-22,0.5
352553,B001FA1KGC,5,1350432000,Perfect for traveling,"Love these Foldgers coffee bags, especially for traveling. Especially when I go to Europe. Can't drink their coffee. It is just too strong. So this is a perfect solution. I also take it with me when I visit my kids overnight. They are not coffee drinkers so this is a perfect solution for my morning coffee. It is difficult to find the decaf in stores.",0,0,2012-10-17,0.0
535627,B003WEHUHW,5,1297814400,The Best Flavor from any Grape Drink Mix!!!,"If you are reading this, then you are wondering about the taste... there are many types of sugar-free drink mixes, and this is by far the best. Avoid the store-brand, which tend to be flavorless, and also the Crystal Light brand (a bit better, but also bland). This Ocean Spray has the best flavor of any of those. It tastes sweet but is not very tart. The grape flavor is aromatic. This typically is more expensive than the alternatives, but once you've tasted it, you won't be going back to the others.",3,3,2011-02-16,1.0
364902,B000RL2W0I,5,1315958400,A gum that can HEAL your teeth. Who'd a thunk it... :-),"This is the only Xyletol Bubble Gum I have found. Its delicious and makes great bubbles. It also has the added benefit of being sweetened with Xyletol which is nothing less than miraculously healthy for your mouth and teeth (and body). It will alkalizes your mouth... which is necessary for healing, as opposed to sugar which is acidic and rots your teeth and damages your body. If you want to know its effect on the teeth read ""Kiss Your Dentist Goodbye!"" written by a dentist who says this stuff has been shown to not only NOT cause damage but actually repair teeth. Worth checking into and you can buy Xyletol on Amazon.  Tastes virtually the same as sugar by the way. No funky taste like some of the ""fake"" sweeteners. This stuff is all natural.<br /><br />Nancy Rector<br />Author of ""A Painful Truth - The Entrapment of America's Sick""<br />(How Being Ill Got Me Arrested)",1,1,2011-09-14,1.0
224346,B004IJFZ54,5,1221177600,THE Best Healthy Cookies Out There!,"These chocolate chip cookies are addicting! They are the best tasting cookies out there, and they are healthy for you too! They are crisp, fresh, and have an even amount of chocolate vs cookie flavor. They are not animal crackers by any means.<br /><br />The only thing I would suggest is to make sure you have them delivered to some place cool (not to your door step on a hot July day!) as one batch came out a little not-so-crisp, and I'm pretty sure it was because of that.<br /><br />These cookies are almost twice as expensive in the stores where I live if I buy them by the bag. Forget that! I'm sticking with them here on Amazon!<br />Thanks, Amazon!",3,3,2008-09-12,1.0
539416,B001BDDT8K,4,1229040000,"Five out of six cats say ""Yummy!""","Both entrees were popular at my house, with all my furkids except ""Mr. Picky!""  This product line should also be popular with humans, because it has a pleasant odor, and it looks like ""people food,"" as the box says.  If you're concerned about issues such as ""gluten free,"" it's that, too.<br /><br />I did feel that the ""Chicken Pot Pie Entree"" had a lot of liquid in proportion to the amount of solids, especially for the price.  About half the can is broth.  Kitties who prefer minced meals would probably not like this.",1,1,2008-12-12,1.0
331448,B000EVT08S,4,1313712000,Yum!,"As you'd expect from Haribo, these Gummi Bears are high quality and taste great! My only complaint is the blue variety, mostly because I have a strong distaste for blue raspberry flavoring (although this is one of the better blue raspberry flavors out there).<br /><br />Beyond flavor and quality, the 'techno' effect (metallic coloring) gives these bears an added level of interest, making them all the more fun to eat/play with.<br /><br />I'm not sure I'd order this large of a package, but I would get this variety again!",0,0,2011-08-19,0.0
9583,B002C6DWP0,5,1291161600,If you have a brown thumb . . .,". . . like me, you can still enjoy the delicate beauty of bonsai. Carefully preserved, these are real bonsai preserved in suspended animation. They need no feeding, pruning, watering or plant care, merely cosmetic care. For those of us who don't have the time, patience or skill to cultivate plants, these make a nice surrogate, and they make nice gifts, too. Preserved bonsai can reach into the hundreds of dollars. This one is double-trunked, reasonably priced, and very attractive.",9,9,2010-12-01,1.0
400449,B001EQ5FO0,4,1236470400,Vanilla paste - who would of thought!,"This is a great product - the paste, more like a Vanilla goo, has all the little bean specs and a very strong flavor - this is geat for baking and my fav-- Creme Brulee",2,2,2009-03-08,1.0
470679,B005GLKAGC,2,1330732800,should be 18.99,"I really like these sets with the meats and cheeses.Unfortunately this one was way overpriced for the size of the contents.The photograph really makes it look like you are getting a deal but you cant read the weight of the products for a reason.The set should be less than 20 dollars because after shipping your paying 40,i am sorry that i got it.In this economy when you don't get what you pay for it hurts a litle more, i work for my money and to see this kiddie sampler arrive made me feel like a moron.I write reviews a the time this is my first bad one and i hope i save someone a buck.<br />  I will say that the ham was very good,the tiny sausage was o.k,the mustards were stellar,block cheddar is mediocre and the spreads were suprisingly tastey.The candies and chocolate did hit the spot,it was a good way to add a little extra to an anemic set.All in all the food wasnt bad if you can find out the weight of each item you can figure out and compare.This set is awful do not buy it but the product is average to good.Having had different brands i will stay with what i know, it really is the best.",2,2,2012-03-03,1.0
55879,B002Y2QTNO,5,1317168000,great coffee,I found this coffe to be excellent in body and flavor and highy recommend it to others. the dark roast I and the other I've tried of this brand were all worth the money,1,1,2011-09-28,1.0
150150,B000K8PNSG,5,1331424000,Fabulous cookies,These are great cookies and healthy too. I use them as a meal replacement when on the go or just need a snack.,0,0,2012-03-11,0.0
423242,B004729CVA,5,1334534400,Addicting,"I am in love with the cheddar cheese fries.  They remind me of a long forgotten snack food of the 1980's, a spicy crunchy bag of fries, only without the spicy.  As other reviewers have said, ""YUMMY!""",0,0,2012-04-16,0.0
329894,B002QWHJOU,5,1274227200,Greenies - Buddy's #1 Treat,"Greenies Bones are the best treat my dog of 11 years can think of!  Even after all of these years, they remain his #1 favorite - looked forward to - every evening - extra special - treat - no bones about it !!!!! Very affordable pricing and shipping.  Would recommend seller and will be buying more from them myself!",0,0,2010-05-19,0.0
415538,B001SB0X20,5,1336780800,great ribs,We use tex joy on BBQ ribs.  We sprinkle it on and cook the ribs wrapped in plastic wrap and put on a rack with some water underneath and cover with foil and cook in oven for an hour or more at 350 degrees.  Then put on grill to crisp up.,0,0,2012-05-12,0.0
361844,B006N3HZ6K,4,1333065600,Jet Fuel bold and dark,"Jet Fuel is a bold and slightly acidic offering from Coffee People. I prefer its higher [than other roasts such as the ""donut shop"" blend] level of acidity in the morning to leave a sparkle on the tongue and kick in my step. The taste is robust even when brewed at the 12 oz size, and it has a clean and satisfying finish. Highly recommended.",0,0,2012-03-30,0.0
39978,B001TZJ3OE,5,1081555200,Classic Condiment,Mae Ploy Sweet Chili Sauce is becoming a standard condiment on my dinner table. It has just the right blend of sweet and heat; Mae Ploy enhances the taste of all meat and fish foods. Catsup is almost a condiment of the past. Salsa and Mae Ploy are the answers!,1,2,2004-04-10,0.5
358507,B0051C16V4,5,1345161600,My Secret Weapon in the Battle against Toddler Meltdowns!,"Order teething biscuits from England? Sounds crazy, right? If you're wondering why I  pay almost 69¢ per cracker, it's simple: no mess!<br /><br />I am not mess-adverse, but it was becoming ridiculous to see how much sticky-chewed-bits of brown mush my daughter could rub into her dresses, stroller, furniture, my clothing, you name it.<br /><br />After a trip abroad, a friend shared a package of these teething biscuits with my then six month old daughter. My daughter loved them and I was hooked!<br /><br />Yes they are yummy and offer organic options (from Heinz no less, go figure,) but they don't make a mess.<br /><br />Let me say this one more time: They don't make a mess!<br /><br />All of my friends use mummums or other domestic brands and their darlings either choke at first or wear telltale brown mushy spots all over their clothes.  My daughter is the only one who is both happily munching and clean. The cracker barely even leaves crumbs. I don't know how the recipe differs, but I am so grateful to have found these!<br /><br />Yes, the shipping is pricey, but so is having to change your child every time they teethe on something. We reserve the biscotti for when we're out to dinner and need to distract her until the food arrives.<br /><br />My daughter is now fifteen months and is teething badly. These biscotti save the day any time she starts to throw a fit.<br /><br />While the ingredients do include sugar, they are much less sweet than the other biscuits out there.<br /><br />I include a package of these in baby shower gift basket I give. They're always a hit. I would feel guilty for getting my friends hooked on such an expensive product, but they're worth their weight in the wipes you save!",0,0,2012-08-17,0.0
135605,B0029NIOYU,2,1309132800,Junk food,"If you read ingredient labels, you would know this is basically cheap by-products, calcium CARBONATE (chalk) and a bunch of additives, colors and preservatives. NOT a healthy diet for anyone interested in good nutrition for their pet. BUT...our 18+ tiny rescue mutt isn't long for this world and has taken a liking to this doggie junk food above all else. It was either cave in and buy it, or she was going to starve. But don't get your healthy young pet hooked on this slickly marketed product, designed by Mars to use up the waste products that aren't good enough for human consumption. There are much better choices that will provide better nutrition at the good pet specialty stores!",0,0,2011-06-27,0.0
371058,B000NV82MY,5,1327276800,The Best Stuff.,"I cannot say enough about The Honest Kitchen. I have used all of their dog food products and a lot of their treat line and would, and do, highly recommend them to anyone who asks me what I'm feeding my dogs.<br /><br />I have a 7 year old Beagle and a 4 year old Plott Hound and I get a lot of compliments on how shiny their coats are, and how healthy they look. The Plott Hound has been on THK since she was a puppy, my Beagle since he was 3. My Beagle had severe food allergies and seasonal allergies, and I had a hard time getting him to eat until I switched over to THK. He use to get really bad hot spots in the spring and summer months as things were blooming, which were treated with a wide variety of antihistamines that can't be good for his little system. He had anal gland issues due to gastrointestinal irritation, (probably from all the pills). Thanks to THK's Preference, the anal gland issues are a thing of the past and he's happy to eat every time I put a bowl in front of him. (Salmon Oil has helped tremendously with the skin irritation).<br /><br />I feed THK Zeal, (white fish), Embark, (turkey) and Preference, (base diet that you add a protein source to). My dogs love them all.<br /><br />This is a great product for someone who is seriously thinking about feeding a raw diet, but like me, doesn't have the nerve to fully commit. THK is the only dog food on the market that is FDA Approved for human consumption -- and that's important in this day and age when commercial dog foods are full of who knows what and are prone to toxic contamination.<br /><br />This product saved my Beagle from miserable summers and a lot of visits to the vet, (and has actually saved me money in the long run by preventing the problems).<br /><br />If you care about what your dogs and/or cats eat, give it a try.",4,4,2012-01-23,1.0
232524,B001P2KCXC,5,1286668800,Dogs love them!,"These and the Dingo stix are the same thing just about. Great product. Healthy ingredients, no bad preservatives.  A+++++",0,0,2010-10-10,0.0
467502,B004ZYDB5I,5,1323216000,Nespresso coffee maker,It was a gift for our friends. They love it.<br />How do I know? I have one just like it.,2,7,2011-12-07,0.2857142857142857
344366,B0026KNQSA,5,1328659200,Delicious and not bad for you,"I don't like sweet potatoes but I do like sweet potato fries.  I love these Popchips Sweet Potato Chips, they are very tasty.  There isn't a lot of salt, fat, or carbs.  My only complaint is each bag only contains .8 ounces, but I guess they wanted the bag to be exactly 100 calories.<br /><br />The rest of the Popchips line is great too.  Not fried or baked, and reasonably healthy.",0,0,2012-02-08,0.0
28109,B007POT6RM,4,1344470400,Nice and sweet,"The Maple and Brown sugar flavor is very nice. Here are the nutrition contents for a single 43g packet:<br />Total Fat: 2g (1g mono-unsaturated)<br />Sodium: 260mg<br />Total carbs: 32g (3g dietary fiber, 12g sugar)<br />Protein: 4g<br /><br />There's 12g of Sugar in each packet, so I tend to not add anything but water and it's good enough for me.<br />Overall I would recommend trying it out.",0,0,2012-08-09,0.0
413840,B0026KPDG8,5,1292025600,Great Flavor,"I have tried a couple of flavors and the cheddar is by far my favorite.  The Sour Cream/Onion has an off-putting sweet yet salty powder.  These are a little high in sodium and they are not like regular chips, but they are a delicious chip-like snack.  I recommend the individual serving packs because it is very easy to eat more than one serving of the larger bags.",0,0,2010-12-11,0.0
32086,B0009F3SAK,5,1233792000,Good tasting,My husband both love the taste of this tea and my daughter came over and I gave her a cup and she asked me the name of it. She doesn't usually ask that. I save a dollar a box over the grocery store price where I buy my groceries. Good deal- Great taste. I  like Yogi teas in general.,7,7,2009-02-05,1.0
23726,B0013NUGDE,5,1268438400,Tasty!,"We all have our vices, mine has always been chips.  Specifically, Bettermade BBQ chips, so as I'm trying to eat healthier I've tried to find a replacement for that craving.  I decided to give the popchips a try, thinking if they were at least okay I could replace my cravings for them.  They are better than okay!  These little guys are full of flavor and crunch!  And not to sound like a pig, but I could eat a half a bag of Bettermade in one sitting, but these little 8 oz bags, even though they are small, they fill me up!  I was shocked!  I am not kidding, I am eating healthier, giving in to my craving, and getting full from one small bag.  You cannot go wrong with these, even my kids love them!  I am thrilled to have found a healthy alternative to fatty chips!",1,1,2010-03-13,1.0
481247,B00375LB7Q,5,1335052800,Great Looking!,These sprinkles make a great presentation and are tasty too!  Used them for my french chocolate balls.  Would recommend them highly.,0,0,2012-04-22,0.0
449598,B001D0GVAO,5,1273536000,Wonderful decaf!,"Emeril's Jazzed Up Decaf - comes in K-Cups for Keurig brewers - this is really great coffee!  We love it.  Can't have but one or two cups of regular coffee in a day, so drink decaf in the afternoon or evening.  This Jazzed-up Decaf is impossible to tell from a great cup of any favorite.  Our family is impressed!",0,0,2010-05-11,0.0
98470,B004GW6O9E,5,1306281600,lara bars are the best,i have tried about a DOZEN different gluten free bars. i eat these for breakfast and lunch. lara bars are my favorite. i like the cherry and apple the best.  blueberry is good too if you can find it.,0,0,2011-05-25,0.0
286333,B002OG1NUO,5,1242950400,The Best,"This is the best beef jerky that I have found (aside from and elderly man that sells his homemade jerky once a year from a road-side stand). This is exactly what I want in a jerky. Sweet and Spicy. The texture is not too dry, which is a problem I find with a lot of jerkies. All around, a wonderful product!",0,0,2009-05-22,0.0
221476,B002JGBC96,5,1309305600,Amazing!,"We're HOOKED on this stuff.  This stuff is really great, and I love that it doesn't have a ton of sugar.  It's way better than nutella and much healthier.  Highly, highly recommend this!",0,0,2011-06-29,0.0
189334,B004DKQNMC,5,1329696000,Great coffee variety pack!,This was a Christmas gift for my father and he absolutely loved it. He likes to try different kinds of coffee so this was perfect for him. He talked about the different kinds for weeks afterward. Great product at a great price from Amazon. Would definitely recommend.,0,0,2012-02-20,0.0
296201,B000EQT77M,2,1196035200,Don't Buy These,"I bought these for my husband. He thought they were plain. I didn't like the taste at all. The spiced sweet potato ones are better, but my husband who loves sweet potatoes didn't like them at all.",2,4,2007-11-26,0.5
311720,B000EVG8H4,5,1181260800,Best Bread Ever!,"I make at least two loaves a week,in a Breadman bread maker.  It is the best bread for people who must be gluten-free. It is much like the bread Mother use to make.  I think everyone could enjoy the flavor and texture.  It has my vote.",6,6,2007-06-08,1.0
536284,B0051ZCNIQ,1,1338336000,"Dog Food was excellent - but, don't count on it...","Our dog has many allergies, and - finally - we found a dog food that he can tolerate.  Happy Days!!  But, Wellness wasn't selling enough of the Salmon and Rice - so, they took if off the market.  No Warnings, no advice to begin to seek out an alternative - just, gone.  He is now vomiting on the Wellness replacement - and we're seeking yet another alternative - but, it won't be from this company.",0,2,2012-05-30,0.0
512057,B002VC23FU,1,1347580800,it's capri sun,"Wow...I cannot believe the price-gouging on Amazon for Capri-Sun...plus 1-2 other food items I've price-checked on Amazon...normally everything is so much cheaper on Amazon (movies, audio/video equipment, etc)...I just starting buying the Apple Juice Capri Sun for my boys instead of the normal Capri-Sun sugary drinks...a normal Capri-Sun 6oz-10pk box at Walmart is like $1.98....the apple juice is like $2.50...this Amazon item is for a 4-pack...so I'd expect the price to be under/around $10, not $25 plus $14-15 shipping (that's $10/box). You can buy a 4-pk from Sam's Club of the normal drinks for $6-7 dollars. on my way now to Wal-Mart to get more Capri Sun apple juice.",0,0,2012-09-14,0.0
233686,B0044CZ6UO,4,1346198400,easy and yummy,I am not sure about the yummy part personally but my daughter loves them.  They are a great on the way to school morning treat.  Little does she know she is getting fruits and veggies.  I love them because they are great on the go snacks that I can feel good about giving her.  I am a repeat orderer of this product!,0,0,2012-08-29,0.0
302953,B002HK5EW0,5,1313020800,Lasts forever!,"I love this mild flavor.  Use it for baking, smoothies, cocktails.  This gallon will last FOREVER!!!!!!!  I also bought a gallon pump for easy dispensing.",0,0,2011-08-11,0.0
525629,B001ABUYB8,1,1248048000,A weak Mocafe offering,"I made this frappe with chocolate soy, lite chocolate soy, plain soy and 2% milk and the result is always the same - it tastes like sour milk.  I finally threw it out.",3,6,2009-07-20,0.5
455261,B000E682D2,4,1294012800,Good Tea With Convenience,"I love to drink this tea especially on a cold day after a long walk with the dog, or curled up in bed in the evening letting the soft smells and gentle taste roll over me.  This comes in a multi-pack, so no more surprises that I am out and a trip to the store is in order, with a multitude of great teas to sample.  As far as herbal teas go, you cannot do much better than these simple but timeless teas.",1,1,2011-01-03,1.0
225094,B001LNTY70,3,1260230400,"Not As Balanced As Other Bold Flavors, But Not Bad","I went out on a limb trying Blue Diamond Almonds Bold - Wasabi & Soy flavor.  I had never had wasabi before, but I have like many of the other ""Bold"" flavors Blue Diamond makes (Jalapeno Smokehouse and Habanero BBQ) so I decided to give them a try.  The flavor is definitely bold.  It reminds me of the horseradish flavor that is common in many deli mustards.  It has grown on me over time, but I would like to see a little more balance with the ""soy"" flavor.  This is where I like the other flavors that I mentioned better as I think these are bold but better balanced.  If you love wasabi or horseradish, this will probably be right up your alley.  Combine that with almonds being one of the healthier snack options, and you've good a good treat.  Much like the other flavors, the bold flavor makes moderation fairly easy as I could not imagine going overboard on these.  Enjoy!",1,2,2009-12-08,0.5
451401,B003QDRJXY,5,1328832000,aponi,"I so love this coconut oil! I first tried coconut oil (NOW Foods brand) from my local natural foods store. The NOW coconut oil was also excellent but costlier. I then made the mistake of purchasing LouAna brand from Walmart. What a difference! After realizing the error of my ways, I did some research and found that many people recommended Nutiva brand because it is unrefined (unlike LouAna and Spectrum brands at Walmart) and it can be purchased from Amazon in bulk at a reasonable price. I have already used half the first container because I love this stuff so much. I use it as a replacement for butter, shortening and cooking oil in almost all of my recipes. It has just a slight coconut smell and flavor that adds to some foods nicely but is not noticeable in other foods. I find that my son and I especially love it in place of butter on popcorn because it coats the popcorn rather than being absorbed by it and making it wet. It's also much healthier and tastes better too. Of course, taste is a subjective thing, so others may not agree about that. We also use it in place of butter on toast and sandwiches, and it is perfect for homemade no-cook fudge. I even make my own chocolate chips using coconut oil. It is so versatile and healthy, I am sure that I will keep finding new uses for it all the time!",1,1,2012-02-10,1.0
124995,B000AQSTPC,2,1350864000,Don't fit.,"I bought these toy box balls because my cats had over the course of a year, finally gotten the balls out of the box. I put the balls in the box the other day and they are way too small. Just rolled out of the box themselves without either kitten even trying. They are the kind of balls my youngest kitten especially likes to dig her teeth into and I threw them away. Guess I need to find other toys that are a challenge to get out of the toy box because I don't want to spend another eighteen dollars or more for another one. I am very disappointed because the original box and original balls were great fun for both of them.",0,0,2012-10-22,0.0
313433,B0012XBDH8,4,1284249600,Delicious,I bought as a lightning deal because I needed a good snack at work.  These are delicious.,0,0,2010-09-12,0.0
82322,B0060JMVM0,5,1320710400,awesome quality olive oil,I have used lots of brand for the olive oil. I love the salad and cook with olive oil.<br />This one is very reach and good quality for all kinds of food.<br />I have seen reviews and I didn't regret buying this brand oil.<br />I strongly recommend this product and the price also is very reasonable.,1,1,2011-11-08,1.0
524073,B004JGQ15E,5,1304899200,Great snacks!,These are great snacks for the following reasons:<br /><br />1. Each package contains more than I expected.  Seriously its a good sized little snack.<br /><br />2. They are low calorie.<br /><br />3. These are totally delicious!<br /><br />The combination of caramel corn and fudge is an outstanding idea and finding a way to make it that good AND low calorie is pure genius.  I highly recommend these!,0,0,2011-05-09,0.0
104781,B006N3I69A,1,1331164800,worst coffee ever!,"dont buy this stuff, the price might seem attractive but I was so pissed when I opened the box and heard the rattling inside the k-cup, its not even packaged correctly, not filled to the top of the kcup and no coffee filter, no coffee grounds, and when using it in the Keurig machine you just get a yellowish colored watery instant coffee, not even the real thing. shame on them! I would give a negative rating if I could, they dont deserve a 1 rating.",2,2,2012-03-08,1.0
450828,B0000V8IOE,5,1348617600,Excellent,Ground and made some right away. Tastes just as good as being in Hawaii. If you like the earthy fresh coffee of Hawaii this one is fantastic,0,0,2012-09-26,0.0
422757,B001BM4NAE,1,1284595200,Taste really stale,We had ordered this chips before and really loved them in the past. For some reason our last order (despite not being expired until December of 2010) has tasted horrible and stale. I am really considering whether I'll order them again.,1,1,2010-09-16,1.0
99606,B000COCLYM,5,1294444800,Shed Stop,"The English Bulldog is probably the best pet man can have, but the hair loss due to shedding causes him to be less than perfect.  If you have been around an English Bulldog you certainly know the meaning of Shedding dog hair.  You don't play with the dog before going out for the evening that's for certain.  Theo, the bulldog, was given ""Shed Solution's""  Skin & Coat Supplement and what a difference in just a couple of weeks.  Now after a month he sheds very little.  He has become a delight to have around.  Daily vacuuming is no longer needed. My English Bulldog is now the perfect pet and man's best friend. No doubts.  Thank you Shed Solution",1,1,2011-01-08,1.0
555928,B004RYLQSA,5,1246060800,Great Coffee--competetive price!,"I've had my Keurig brewer for 5 months and have tried a lot of brands and the Coffee People Donut Shop regular is among my favorites. Green Mountain Nantucket Blend and Timothy's Italian Blend are also favorites.<br /><br />One reviewer remarked about Subscribe & Save costing less. It's only a dollar and a few pennies cheaper than this packaging and Subscribe and Save does not offer Donut Shop ""regular"" but instead has ""Extra Bold"". Also, this packaging gives you 50 k-cups as opposed to 48 (2) 24 count packages in Subscribe & Save.<br /><br />Another reviewer complained about not having the standard boxes to dispense the coffee. I purchased a K-Cup carousel, available on Amazon for $19.95 that holds 26 k-cups; it looks nicer by my Keurig than cardboard boxes.",105,111,2009-06-27,0.9459459459459459
516211,B002VC22UG,5,1226361600,great for keeping family fingers out of the cookie jar,I love these 6 packs. I have three kids and I can easily make a snack bag for school with 2 each. And the benefit is there is not a bag left behind for mom and dad to graze on from the cookie jar. Great packagign for hiding in spots around house so the snack hungry teens do not eat them all in a day.,2,2,2008-11-11,1.0
34013,B00412W76S,5,1328745600,I'm a believer,"I ordered this product because of the Dr Oz show for anti-aging, a nice by product is I swear my knee pain has improved since I started drinking a cup a day, oh yeah and it taste good.",1,1,2012-02-09,1.0
107893,B007FRE5N4,5,1283212800,I found my tea!,"I was looking for a strawberry tea that I tried long time ago and absolutely loved. That tea was brought from Germany so I thought I will not find it here. This tea is exactly the same - flavorful, little sweet and tart at the same time and smells like heaven. Has fresh dried strawberries and tea leaves. Would recommend to berry lovers. It is DELICIOUS!",9,9,2010-08-31,1.0
477746,B00025YVPI,5,1347148800,My cats go crazy for these!,"I don't know what it is about these little plastic toys but my kitties go crazy for them.  They get so much joy out of flicking them and chasing them all around.  Sometimes they take them and try to hide them away from each other.  I will say that I do not leave these out.  When they are done playing with them I put them away in case of any choking hazard.  Better safe than sorry.  5 stars though, they love them!",1,1,2012-09-09,1.0
394625,B001B4VOQI,5,1298505600,Puppy loves these,"My dog loves these treats. He's really picking with his treats so it says a lot that he loves these. I had been buying him bags of the freeze dried treats at petco, etc. and it was costing a fortune, not to mention they were smashed. These are great quality. You get tons!! in the 14 ounce bucket and my little dog is in love.",0,0,2011-02-24,0.0
87191,B001F6KGLG,4,1328659200,"Great taste, different texture","Served on it's own, like straight black coffee, it's great.  However, I wouldn't recommend adding creamer, milk, sugar, etc., whatever you would normally add, as it tends to take Away from the taste.  If you really have to have a sweetener of some kind, try a hazelnut creamer, as it helps make it palatable to those who need a little sweet with their coffee.",1,1,2012-02-08,1.0
366952,B001AIQP8M,2,1262131200,NOT MY FAVORITE,"I was expecting something a little more snappy and a little less sandy. The flavor was okay (I personally love strong ginger flavors, which I am yet to find) however, they were too sweet for my tastes. I don't know, but it seems like Americans have a strong taste for excess sugar. It would have been better if there was less sugar and more spice, as well as less sandiness and more snappiness, imho. For those who like chocolate, try the extreme chocolate cookies, but be careful as they may cause burning of the stomache; esp. if many are eaten. Not my favorite Pamela's product.",3,3,2009-12-30,1.0
154112,B005IDLJCW,5,1350345600,Really good vanilla,"This is really good vanilla extract, in a bottle size that's much better suited to the amount of baking I do than the much smaller bottles available in my local grocery store.  Not a bad buy, either.",0,0,2012-10-16,0.0
291811,B001EO5Y8Y,5,1341532800,Good to the Last Drop,Like I said good to the last drop and just 'bold' eoungh to shake out the cobwebs in the am. And now they say a couple of cups are good for the heart. Sortda like dark beer. Anyway it was another excellent Amazon transaction.,0,0,2012-07-06,0.0
430283,B005K4Q1T0,4,1323648000,Not bad. Not bad at all.,"I have read some really funny reviews about this product.  Some complain that there is noting left in the pod after it has filled the cup, so 'therefore' it must have been an instant mix!  Brilliant deduction, Sherlock!  What did you expect...to see choco-grounds in the cup?  Yes, it is no doubt cheaper to go some other route, that's why 4 instead of 5 stars.<br /><br />But the taste is what you want to know about, right?  The Dark Chocolate flavor is fairly robust with little 'grittyness' to it.  Plop a marshmallow in the cup before brewing and you'll have a real treat!  It comes out strong enough on either the 6 oz or 10 oz setting of the brewer.  Not surprisingly, the milk chocolate flavor is not as strong and a little smoother.  Marshmallow trick has a little different effect making the milk chocolate not only creamier and smoother but a little dilute too.  So, maybe a few mini-marshmallows instead of a full-sized one for this flavor.  Oh, and definitely go 6 oz cup.  My oldest granddaughter and I contest for the peppermint chocolate.  She wins, of course, but it's pretty good when I can get one.  No marshmallow needed.  The hint of peppermint is just enough.  6 oz cup on this one is the best way to go, too.<br /><br />I think I got the cups sizes right.  If I didn't, you'll figure it out.  Btw, I'd imagine the reason it's always out of stock is because people keep buying it!  I've dipped into the supply well a few times myself.  Pretty good. Pretty cheap. Pretty hard to get at times.  I'll buy it again!",14,14,2011-12-12,1.0
510727,B004IRGD3O,1,1323993600,Typical Folgers,There are no aromatics.  The coffee tastes like it is old.  There is no aroma when brewed and it tastes stale.  Just like all the other Folgers coffee.,0,0,2011-12-16,0.0
407119,B000LKXRW2,4,1245628800,A good replacement for milk!,"Having recently discovered that I had a milk allergy, I quickly looked to find other sources for calcium that didn't involve me having to swallow a horse-sized pill. A friend of mine suggested Silk & I took them up on that recommendation. Being a coward, I decided to go with the chocolate version first as it's hard for anyone to mess up the chocolate flavor.<br /><br />I absolutely love this drink! It's not the same as drinking milk, but after a few days of having this for breakfast I didn't much miss the old stuff. It's got a nice smooth taste & goes along well with the typical breakfast items or as a nice drink later in the day. The carton travels well & I had no problem hauling it along with me when I was out & about.<br /><br />There is a bit of an aftertaste sometimes, but it's not really that bad. I'm tasting it less & less as I continue to drink the product, so I'm guessing that it's less of an aftertaste as much as it is just me getting used to an unfamiliar product. This product is great for those who have dairy allergies, are lactose intolerant or are vegan or vegetarian.",1,2,2009-06-22,0.5
116688,B002YJ0118,5,1324598400,Theater pop corn,"Convenient, cost effective and delicious.  I went to the local grocery store and for the same amount of money, the ingredients weighed about half the weight of Great Northern.  Worth the buy and I recommend it.<br /><br />I just don't recommend following the included instructions.  Before you turn it on, add the oil, then turn it on and add the rest of the ingredients ... you won't accidentally melt the plastic package. IMHO",1,1,2011-12-23,1.0
227301,B000256DPE,5,1297123200,My dog loves them!!!,"My dog is so picky when it comes to chewing bones and such.  I thought he would never chew these but wanted to give them a try.  He loves them and since I can't manage to effectively brush his teeth, I am very thankful.",0,0,2011-02-08,0.0
310345,B008JKTH2A,5,1349740800,Perfectly Delicious,I have been buying Kind Bars for over a year and must say each and every bar is wonderful. I use them as a snack or a breakfast and find it keeps me satisfied completely.  The Almond Walnut Macadamia bars are perfectly delicious with whole nuts in every bite...heaven on earth!,0,0,2012-10-09,0.0
473418,B0030VJ79Q,5,1347148800,Awesome!,"My 18 month old and I LOVE  this pouch. Now, she's not picky, but I am: you just can't beat the nutrition and quality for the money. This little pouch has 90 calories, with fiber, protein and Omega 3's! I've got these suckers on Subscribe & Save - LOVE 'EM!",0,0,2012-09-09,0.0
480001,B0015IZGWI,3,1297987200,zimbabwe BLEND,Zimbabwe is my fav coffee bar none. I was excited to see it and order it. When I got it it said blend and the description did not mention that it was a blend. Its a sin to blend zimbabwe.,1,1,2011-02-18,1.0
191718,B002Y2SM3Y,1,1322179200,Very Acidic coffee gave me indigestion,"I tried the community coffee beans and found them very acidic and was so bad that it gave me indigestion and I almost NEVER get indigestion! Layed off the coffee for awhile maybe 2 weeks and tried again and bam, indigestion again, did this one more time used another brand for a couple of weeks and then tried this coffee again and indigestion returned. The taste was just ok in my book as well. I will not order this brand again because of the indigestion issue.",0,3,2011-11-25,0.0
15082,B002DHL6II,5,1344470400,Great nutritiousbar,"Super tasty, great consistency and hardy bar.  The tartness of the cranberries plays a great balance with the nuts and grains.  Perfect 140 cal snack.",0,0,2012-08-09,0.0
284204,B0051COPH6,5,1331769600,Baby loves it & mommy too :-),What's not to love. My son loves it and it's organic. I like that they include healthy leafy greens with pear so it is palatable yet very nutritious. There is no sugar added so it's good for baby too.  No complaints and it's cheaper than many of the other organic brands that are comparable.,0,0,2012-03-15,0.0
38944,B004VLVFHG,5,1345507200,We love this stuff!,"I have a preservative allergy that stops me from being able to buy store-bought bread, so I got these for my fiance since he bakes for me. He loves working with this. The flavour is outstanding and he's able to make some great creations (for example, adding beer to the batter) and I'm very happy every single time. We love this product.",0,0,2012-08-21,0.0
405236,B000QUZ9K0,5,1275004800,They do what they are supposed to do,"These are bouncy balls.  They bounce very well as bouncy balls should.  Maybe the other reviewer received a bad batch, but mine are superb.",2,2,2010-05-28,1.0
283857,B004EE0TYK,5,1322179200,Cafe Mocha,This is now my favorite way to drink coffee! I love it over ice and often mix it with a 'regular' coffee and sit out on the patio and enjoy the morning.,0,0,2011-11-25,0.0
110476,B00438XVGU,5,1350345600,Always good,I consistantly use Starbucks Via at work. They allow me to be able to make a great cup of coffee in less than a minute.,0,0,2012-10-16,0.0
337095,B003J9QPPS,1,1281830400,septic shart-like cookie,"This cookie was flacid, soggy and dismal. It tasted like dough, was overly sweet and lacked the choc depth ""indulgence"" normally implies",1,1,2010-08-15,1.0
487031,B000PDWBKO,5,1256601600,Fantastic popcorn,"My mother gave me one of those old-time, stand up popcorn makers like you see at carnivals or theaters. Even though we enjoyed it, the popcorn never approached the taste of theaters. That is, until I found this stuff.<br /><br />I came across them in an online recommendation and bought a case. We've never looked back. The stuff is delicious and it makes eating popcorn while watching a movie just like going to the theater.",5,5,2009-10-27,1.0
503413,B000UXMNBQ,1,1316217600,Poorest Nicoise olives I've ever seen,"I've bought Nicoise olives at grocers and gourmet shops for 30+ years.  They have always been black and tasted good to incredible.  Very few of the olives in this six pound can were black, mostly ranging in color from green to brown. One was yellow.  They are nearly tasteless, except for having far too much salt.  Buy a handful of Nicoise olives elsewhere and enjoy them.  This can is a ripoff.",1,1,2011-09-17,1.0
339980,B000EYPNCC,4,1168819200,Good when fresh,This is a tasty on the go snack if you are lucky enough to get good fresh batch. The last bunch I got wasnt as enjoyable as I was used to. I realised it was because it lacked crunch. Would buy it again though. Great guilt free snack. Great for kids too.,2,2,2007-01-15,1.0
298492,B006N3I0DM,5,1318464000,Bam!,"A bit more expensive than other Keurig K-cups, but Emeril's Big Easy bold is my absolute favorite.  I love the rich flavor.",0,0,2011-10-13,0.0
496133,B008JKU2CO,5,1323043200,these are amaaaaaaazing!!!,These are fantastic! I would recommend these to anyone! They're a great healthy snack for on the go! So yummy!,0,0,2011-12-05,0.0
268942,B004SRFYMK,1,1323648000,i want plain coconut water,"I like the coconut water plain it is the best thing that has happened to me as I was having leg cramps at night ,i am drinking one before bedtime and wow no more cramps!!",0,3,2011-12-12,0.0
295127,B002LL7OXM,4,1303344000,delicious and fragrant tea,I can't attest to the long term effects of this tea but I just bought and tried it and I must say I love the taste. It's fruity and sweet with a nice aroma. Anyone saying this tea is bitter is probably not used to drinking tea without any sweetener. A true tea lover will find this tea sweet and delicious.,3,4,2011-04-21,0.75
216864,B008EG5ADY,5,1340064000,Tasty and Healthy,"I'm usually a cereal man when it comes to breakfast. That is, unless of course, there's donuts or pancakes. But most of the time I try to stick with a healthy type of cereal rather than Lucky Charms or something of that nature. My two favorites are usually raisin bran or frosted mini wheats but this has worked its way into my regular rotation. They are nice and cruncy with just enough brown sugar sweetness to be tasty without overpowering your taste buds. Sometimes I mix them 50-50 with the cinnamon flavored and have a nice brown sugar & cinnamon flavor. Also, it's nice and hearty so it doesn't leave me hungry after only 30 minutes. Definitely recommended.",0,0,2012-06-19,0.0
23021,B004ZIER34,4,1314576000,Try a cup or more,"As an avid coffee drinker but not quite a connoisseur, I found the Dark French Roast to be delicious.  There appears to be nothing out of the ordinary in terms of its aroma and taste, possesses the somewhat typical characteristics of a dark roast with its smoky and slightly bitter flavor; add a little sweeter and the bitterness may subside.<br /><br />Having made a cup of Puroast, this may be a good alternative for coffee drinkers who may experience acid reflux or heartburn.  There appeared to be no difference in taste to other regular coffee brands that I have sampled, and I recommend this brand to those seeking relief or wanting to try something different.",0,0,2011-08-29,0.0
562131,B0001TMJ3Q,3,1344816000,too much,"I like this product. However, it is much cheaper at the local health food store which I can drive to. The price is too high.",0,0,2012-08-13,0.0
161434,B000CRQRT4,5,1286323200,nearly indestructible,"This toy holds up pretty well to the antics of my extremely chewy ""destructo dog"" Luna.  She's a lab-pit mix and she can destroy nearly every toy, even the ones that are marked as super tough or indestructible.  She is on her second of these and it's looking pretty worn, but it lasted for several months.  With her, that is pretty much miraculous.  Plus a high energy dog gets a lot of joy out of a frisbee.  My girl loves to chase it and carry it around for as long as you have the energy to play.",3,3,2010-10-06,1.0
315752,B002BHSKAC,5,1297296000,Amazing Grass Amazing Product!,"I have been using the Berry flavor in smoothies regularly for about 10 months, and Amazon is the best place to get it. The first couple of times I tried it, it was okay. By the third time, I was really looking forward to it in a yummy way and missing it if I didn't have it. I started on it after a friend was treated for breast cancer, and her cancer doctor told her to get and stay on a green superfood. My husband had lung cancer and needed all the help he could get. I researched green superfoods on the Internet, and preferred the contents of this one because it had both fruits and veggies (most have only veggies) with great extras and minimal filler. I bought all the flavors to test, but he didn't like the smell (friends say it smells like wheat grass) and refused to try any of them. My daughter and I tested each and preferred the berry flavor in daily smoothies. The chocolate flavor tastes good, but has less fruit/veggie value. In blender: approx. 1/2 cup of orange juice, 1 banana, squirt of honey, 5 +/- frozen strawberries and Amazing Grass green superfood. Add ice cubes if you like it thicker. It's great! On the cancer subject, I studied cancer survivors and what they attributed to their survival. Result: Consume lots of Flax Seed or Whey, lots of fruits/veggies, remove stress, and remove white sugar and processed foods from the diet. Cancer loves white sugar and fake sugars (Splenda, etc.). The American diet is killing us. Amazing Grass Green Superfood contains flax seed along with lots of natural antioxidant and immunity building fruits and veggies to ward off illness. I used to average two colds per winter. Since taking this (10 months), I can't remember the last time I was sick. My body feels good taking it, and yes, it does keep you regular in a good, natural way as it flushes the toxins out of your system. Just what the doctor ordered. Unfortunately, my husband refused to do any of the things learned from my studies and he succombed to cancer. I'm staying on the Amazing Grass Green Superfood because I don't want that to happen to me. And because it keeps my body feeling good.",29,30,2011-02-10,0.9666666666666667
276224,B003S1TN0G,1,1289952000,ugh,I never write reviews but in this case I had to make an exception.  To put it simply this stuff was HORRIBLE.  It was like drinking pink paint but not as good. After 1 cup I lined my garbage barrel with the rest.  If my barrel had taste buds it would have puked it back on me.  Stay away!,4,4,2010-11-17,1.0
275871,B001IZM8Z6,4,1329523200,Great turkey trick!,I was disappointed that the brining bag was not included as it is if you purchase it at the market.  It really helps to make a turkey delicious!,0,0,2012-02-18,0.0
171333,B000WFORH0,5,1183939200,My cat Nigel does not throw up anymore !!,"After my vet recommended switching from the basic Petsmart variety lo quality dry food, I tried Wellness canned cat food (even though the price was at least 3 times more expensive than the old Pro Plan).  My one cat would regularly throw up immediately following a meal of Pro Plan dry food.  The results now are that my cat has not thrown up in the 3 weeks since he has been on this food. I trust my vet and will continue to feed this food. My local Food Co-Op carries this food and it is cheaper than the vet's price.  My cat's health is important to me.<br />I switch between the chicken and the salmon varieties.  My 4 cats get 1/2 can(of a 5.5 ounce can) each - a day, plus, I also give them 3 tablespoons of the Wellness dry food a day.  Try it for a month and you will be pleased with the results!",1,1,2007-07-09,1.0
506580,B001MJWTJS,5,1312502400,Worth it!,"My milk supply was good for everyday feedings, but I needed to start stocking up for going back to work. This did the trick! Highly recommend!",1,1,2011-08-05,1.0
94365,B0015YHFU8,5,1224806400,YUMMM!,"You can't go wrong with Madhouse Munchies! The sea salt & vinegar is our favorite. You know a chip is amazing when you think ""what's wrong with my 4 year old eating these for breakfast?!""",0,0,2008-10-24,0.0
428978,B00164URGG,5,1268784000,Best added to dry food,"My Golden Retriever has a tendency to pile on the pounds, so we watch her diet carefully.  She gets two cups of Canidae dry food each day and is usually happy with that.  But this winter she was sick and stopped eating, so the vet suggested adding a very small amount of canned food to the dry.  That worked, but it meant having to store a can of dogfood in my refrigerator between feedings, and heating it up for about 6 seconds so that I could mix it into the dry food.  Most canned dog food turns into a cold chunk when it is refrigerated.  When heated it gives off a nasty odor that I don't like.  Spot's Stew looks and smells like human stew, even when it is heated.  It has enough ""gravy"" that it mixes easily with the dry food.  I like that because I don't have to add very many extra calories.  It only takes a few tablespoons to send my Goldon into doggy heaven.  Spot's Stew is not readily available, however.  My local ""natural food"" store used to carry it, but no more, so I have begun purchasing from Amazon.",0,0,2010-03-17,0.0
85737,B002AUBJFI,5,1320883200,Mareblu,Excellent product.  A healthy good tasting choice for snack time.  I would love to find this in a larger size.,1,1,2011-11-10,1.0
463255,B009O753WA,5,1350777600,Shhhhh...it's a surprise!,"I recently had the set of Apple Blossom Amaryllis' shipped to my aunt, and when the flowers started to bloom, she was speechless.  The colors were so gorgeous that she ordered more to have an entire room filled with them.  Thank you for the great bulbs!",0,0,2012-10-21,0.0
290901,B005HG9ESG,3,1345593600,Tastes just like water,"I decided to try this bottled water to see if it tasted differently than my tap water.  It didn't.  It's just another water in a bottle.  Nothing wrong with it, but nothing to get excited by.",0,0,2012-08-22,0.0
560692,B00473VOKG,5,1334102400,Best Salt Around,I really love the taste of this salt. Fast shipping too. I got these small shakers to share with my friends!,1,1,2012-04-11,1.0
538709,B000Q5X8DK,5,1210550400,My daughter loves it !,"We tried this product sample at my daughter's daycare and she loved it. So I ordered a pack from amazon (along with another item to get the supersaver s/h discount) and its a nice treat for her. She calls it ""fruit jelly"". I tasted it and like it too !",0,0,2008-05-12,0.0
274005,B001O1Q0NA,4,1341792000,Great product,"I won't bore you with stats about salt, the good bad or ugly. Yes, you are supposed to take it in moderation, so when you do salt your food, it should be done with this salt. It is a really high quality pure, and tasty treat. It offers a little more distinction that your Kosher Sea Salt, which is a bland NaCL. This is chock full of trace minerals that your body needs.<br /><br />Bottom line: good product.",1,1,2012-07-09,1.0
440669,B004QKPCYE,4,1346544000,Great product but beware of poor packaging.,"The product is amazing.  It's the consistency of creamy peanut butter, but it tastes like cookies.  Other reviewers rave about it, and I agree with them.  It basically tastes heavenly on anything or even by itself.<br /><br />The bad - the seller packaged both jars together with no protection between them, which caused one of the jars to break.  Fortunately, the other jar is fine, but essentially, I got one jar for the price of two.  I could get a refund if I return everything, but I don't want to return the undamaged jar, because the product is so good.",0,0,2012-09-02,0.0
98801,B000YPO8FY,5,1262995200,Fabulous!,It's great to get a nice supply of cheesy grits and have them available any time my husband wants a nice hot bowl of grits for breakfast. He loves them.,0,0,2010-01-09,0.0
186745,B00474CSVE,5,1325116800,Great Tasting Coffee,"I bought this for my hubby, he loves dark rich coffee & Dark Magic offers it. Great convenience of the Kcup makes it that much nicer.",0,0,2011-12-29,0.0
143993,B0034VQTIY,5,1327017600,O.....M.....G  These are DANGEROUS (in a good way),"WOW... a friend down under sent me a couple of packages of TimTams.  These aren't your grocery store cookies. They're more like the US candy bars with cookie bases, filling and chocolate coating. The chocolate coating is CHOCOLATE- not some brown wax as can be found in some cookies.  I've tried 3 flavors- and while I can't indulge very often, they are a real treat.  They do cost more than our standard cookies- but these aren't standard cookies (or 'biscuits', as my Oz friends  call them).  Notably better :)",0,0,2012-01-20,0.0
323130,B000OQ2DL4,5,1326585600,Calm it works!,"I have used this before, it keeps me from getting leg cramps. I have used it for several years. I find that when I am dieting I tend to get leg cramps at night, taking this nightly completly stops them.",1,1,2012-01-15,1.0
170155,B002ZOG29C,5,1336176000,Some of the best tasting smoothest coffee I've ever had!,"I heard about Eight O' Clock's Colombian ground coffee on a Consumer Reports radio segment, and I knew I had to try this. I'm the guy who buys the coffee for our office and I'm always on the lookout for something new for the staff to try, and this one was a BIG hit. Flavorful with a smooth richness one would expect from a more expensive brand but, without the price tag, and the burnt aftertaste of some of the other coffees to include Starbucks, this is one that made the office shortlist in well short order!",3,3,2012-05-05,1.0
410452,B00473OR6O,5,1339113600,Love it!!,It makes my potatoes and sauteed mushrooms taste off the chain!! So hard to find this flavor now locally since high end store chain has closed....must have staple.,0,0,2012-06-08,0.0
436883,B007KIOBMS,5,1347840000,Works For Me,The folks in Austria have come up with a fine product. I gulp down a can of this sugarfree Red Bull every morning about an hour before I make my daily walk. It has made the walks much easier to complete and also increases the walking speed which in turn burns more calories with which I am glad to part. I happened to be over at Sam's club a while ago and they carry this product for 33 bucks and some change so I picked up a case while there. I live about 10 miles from Sam's so with gas prices ever climbing plus the state sales tax it would not be worth a trip just for the Red Bull. For only a couple bucks more Amazon will deliver a case right to my front door. Kinda pricey but the benefits to me are worth the cost.,0,0,2012-09-17,0.0
430922,B002KDQXLK,5,1348185600,Totally and Completely Satisfying.,I concur with the other reviewer: this is the best brownie on the planet. Until I tasted these I was a snob for homemade brownies. I can no longer consider baking my own brownies. Previous attempts were good enough but never approached the sublime nature of the Dancing Deer Chocolate Chunk Brownie. They are moist and chocolatey; the chunks merge into the rest of brownie. I am not a fan of hard chunks of chocolate in soft foods and I really could not detect chunks of chocolate. My affair with Dancing Deer's Caramel Sea Salt Squares is seriously compromised.,0,0,2012-09-21,0.0
442854,B008QLRIQY,5,1335312000,The best K-cup coffee!,"This is the best K-cup coffee I have found yet.  The Pike Place is a close second, but the Sumatra holds up well to a larger cup (either the mug or large mug size).  If you're using a travel mug, stick with the dark roasts.  Wish it came in decaf - I love my Keurig, but I can handle only so much caffeine!<br />Also, I have found the Starbucks K-cups disassemble easily (more so than some of the other brands), the foil removes very cleanly, you can compost the grounds and paper filter, and recycle the plastic.",1,1,2012-04-25,1.0
294015,B001HTKZT4,5,1316131200,Best orange chocolate i have tried,"Someone gave me a bar as a gift.  I had no idea it would be this good.  Better than other orange/choc combos, it has a nice crunch to the peel bits. Yum.",0,0,2011-09-16,0.0
79168,B001N3UXUA,5,1327536000,I've never tasted its equal,"I found this at Whole Foods once, years ago, and my wife and I were spellbound.  We'd always tried to buy good olive oil, and seldom buy the same oil twice, but we'd never had anything like it.  Didn't know olive oil could taste this good.  It's hard to find anywhere anymore without paying outrageous shipping costs, so this is an excellent opportunity on Amazon.",0,0,2012-01-26,0.0
560588,B000CQID1K,2,1348531200,slim jims review,Stale and Thats unusual cause i get them all the time this time was waste of money very disappointed most likely will not recorder them because of this order which is a shame.,1,1,2012-09-25,1.0
134974,B004HOQE64,5,1245196800,My mouth is watering while writing this review,"I just tried these for the first time last night...and wow, what a product! The lime and chili combination for these almonds is AMAZING. The flavor is INTENSE, powerful and oh, so delicious!! I am going to buy a bunch more of these to snack on, and I have to say, I will be snacking on THESE almonds for a long time to come. And seriously - I'm salivating while I write this!! I'm going to go eat some right now!",3,3,2009-06-17,1.0
510284,B001ULOTKU,5,1265068800,A great Trio of Flavors ...,"I really love the Brothers Crisps simply because they are preservative free, and I have preservative allergies! To be specific, these are sulfite-free, not to mention: gluten-free, vegan, nut/tree-nut safe, dairy free, Non GMO, and even Kosher.<br /><br />This particular variety contains three of my faves, so instead of ending up with 72 bags to get the entire assortment - I ordered the variety and got 24, a much more manageable number!<br /><br />Here's the rundown on what's in the package<br /><br />Strawberry/Banana - contains 1 banana and about 4 strawberries. These are an interesting combination of tart and sweet, and are my personal favorites. I've occasionally even used these on my oatmeal, although I enjoy them straight out of the pack. (45 Calories)<br /><br />Fuji Apple - most kid friendly. Strong and sweet apple taste, nice large pieces that look like apple slices. The package contains 1 1/2 apples and really would make a good substitute for potato chips in a lunch. In fact, most kids would consider it a treat. My sister's grand-kids raid her cupboard for these. (39 Calories)<br /><br />Asian Pear - about the same sweetness of the Fuji apple but without the apple (or strong pear) taste. Once again, this contains 1 1/2 pears, so it really gets you going on your fruit requirements. (40 Calories)<br /><br />The highest nutritional level is the Strawberry/Banana Combo since the strawberries are such a great source of vitamin C, but all of the packs are great choices.<br /><br />Because these are freeze-dried instead of dehydrated, there is no sticky residue to worry about. They are perfect for carrying in the car, sitting at a desk, hiking, backpacking, wherever you want an easy-to-grab healthy fruit snack.",5,5,2010-02-02,1.0
112482,B002ZJSWO0,4,1157328000,THESE ARE TRUE 'MAINSTREAM' DIET SNACKS --,"FIRST THOUGHTS: BRINGS BACK OLD MEMORIES<br /><br />When I recently tried these little wafers I recalled when I worked in an office nearly 20 years ago. Whenever the Director skipped lunch, he ran all through the department pleading with all the ladies to pull something out of their handbags or desks that might get him through till 5 O'clock. He usually ended up with a couple of packaged saltines which had long since turned stale and were mostly crumbled from being crushed at the bottom of a handbag or desk drawer. I came to realize that some of the girls kept stale crackers just for him - I guess they really admired him. These 'Nabisco Oreo Thin Crisps, Baked Chocolate Wafer Snacks' would have served his purposes much better than the saltines, but I would rather he have more of his old favorites.<br /><br />IN A NUTSHELL: NICE FOR A DIETER AT COFFEE BREAK TIME -- BUT NO CREAM & SUGAR PLEASE<br /><br />Basically, this is a minimalist snack for people who have to eat something in-between meals and they don't want it to be a 600 calorie confection. That's why the biggest print on the label says, ""100 calorie packs"" -- 4.5 inches across!<br /><br />WHAT'S THIS STUFF ALL ABOUT: ENRICHED FLOUR + SUGAR + ""ARTIFICIAL FLAVORS"" & ""ARTIFICIAL COLORS"" & A LITTLE CANOLA OIL<br /><br />2 GRAMS OF FAT & 9 GRAMS OF SUGAR in a 23 GRAM PACKAGE = 100 CALORIES<br /><br />BOTTOM LINE: NO PRETENSES -- SIMPLE LEAN SUGAR WAFER WITH THE USUAL ADDITIVES<br /><br />As diet snacks go this is okay stuff to carry with you. One can avoid more calorie dense alternatives with these wafers on hand, making them a sort of antidote or vaccine against dropping energy and blood-sugar levels in the late afternoon which may lead to a large unplanned snack. For that purpose this is a great product and I know that our Director, 20 years ago, would have given anything to have these modest wafers available instead of the usual stale saltines that he subsisted on for many a long afternoon. When the Director didn't find any saltines around the office he'd head straight for McDonalds and the rest was history.",1,1,2006-09-04,1.0
306447,B001BOQ3QY,3,1291334400,dogs just didn't like it!,"I have 4 dogs and nobody wanted to eat this... I'm sure it's great quality, but I want my dogs to eat something they like... I will stick with my royal canin! 3 Stars because the package is a thick zip-lock.",3,3,2010-12-03,1.0
368535,B005K4Q1W2,4,1325808000,Pretty good,"We have these at work. the owner's wife gets them at WalMart (I think) and brings them in for us. I like them. I don't know what product the people who are dissing it are trying.<br /><br />It is not apple cider, but it is as close are you are going to get in a sugar free product. I can't drink real apple cider because I am on a low carb diet and apple cider is basically just liquid sugar, so is completely inappropriate for me.",0,0,2012-01-06,0.0
414928,B005VOOLXM,3,1335139200,Decent coffee,"As the description says: this is for single-serve ""pod"" type brewers, and it will be quite the pain to use if you're using a Keurig or a Mr. Coffee. Keep that in mind...<br /><br />Now, to the coffee: it was good in a 6-8oz brew, with the flavors being pretty much as described. However, at 15 pods to a pack, this a week's worth of coffee if you drink a 15 oz mug every morning, as I do. So, while it is a good coffee when made properly, the value just is not there for me with this product.<br /><br />If you're okay with that, because you see value added by the social marketing related to this product, then go for it.<br /><br />If you're just after good coffee, you can probably get just as good a cup with a different brand for a little less.",0,0,2012-04-23,0.0
359259,B0027UDYMM,5,1315785600,Wonderful coffee at a great price,"Only coffee I want to drink.  Great taste and always frest with a price that just can't be beat. I prefer to buy the 250 pack for greatest value, they stay fresh and are so easy to use.",3,3,2011-09-12,1.0
360435,B000FPDYQM,5,1236988800,Cherrybrook Kitchen to the rescue!!,"It is such a joy to know that I too can prepare a good chocolate cake my kids feel proud of which does not contain egg, peanuts, or treenuts.  Cherrybrook Kitchen makes this a possibility for the Mom's (in a hurry) of children with severe allergies-a never fail, easy to use Mix!  I highly recommend all the Cherrybrook Kitchen Cakes and cookies and feel great comfort knowing that this company exists as an option to those allergic and their families!!",2,2,2009-03-14,1.0
405400,B005K4Q4LK,5,1335657600,We love this product!,"This is such a wonderful break from regular coffee.  We enjoy being able to ""switch it up"" from time to time -- it's quick, convenient and yummy!",0,0,2012-04-29,0.0
109293,B0032AM8JG,5,1338508800,It works!,"I love this tea! I have been exclusively breast-feeding for 3 months now and this tea has helped me maintain my supply through my babies growth spurts as well as allow me to pump. I prefer the tea warm with a splash of lemon, but you can also drink it cold. 1 cup a day is all you need to keep your supply up.",0,0,2012-06-01,0.0
403169,B000MW6JXI,5,1346544000,The Untimate Coffee Expereince,"I love a cup of great coffee in the morning but my husband doesn't drink the stuff. I went through all the options. Making a pot for one person. Nope, too much coffee and time. French press--great coffee but the clean up is agony. I settled on a plastic cone with a filter. The coffee was good but not great, seems like it didn't spend enough time in the filter. Then came the Cold Brew concentrate. I read an article about 3 months ago about how pure the system was especially for iced coffee. Amazon had the product. Incredibly priced--32 cups for $10 bucks, about .32 a cup but even adding shipping which is a little expensive only brings it to $$.60 a cup. It is shipped in a cold pack because it needs refrigeration. The company ships in a flash too.<br /><br />But the most incredible part is the coffee itself. I use it for hot coffee and lattes. It's pure perfection! Smooth as velvet, with no acid or harshness and strong enough to make any coffee drink you like with one shot. The bottle it comes in, like a giant flask, is genius. It has a measuring device built in so all you do is squeeze the bottle and a shot appears in the top to pour. No clean up at all. Great coffee at a great price with great service. I'll never go to Starbucks again. This product is AMAZING.",1,1,2012-09-02,1.0
430432,B005K4Q1T0,2,1323561600,"Not worth it, bad concept","Found my kids actually cutting open the pods and dumping them into a cup to add hot water too.  They complained that lots of the good stuff stays in the pod.  Kind of defeats the purpose of the packaging, so we switched back to packets.",1,5,2011-12-11,0.2
535964,B003VXHGDM,3,1303344000,"Good flavor, but bad pod quality","The flavor of this coffee is good, it has a nice balance of Vanilla without being too strong.  It's not the boldest coffee, but it's a nice afternoon treat.<br /><br />That being said, I have had problems with several pods.  When you hold them up to the light, you can see that there are grounds outside of the filter portion of the pod.  This causes a cup full of grounds when you brew the coffee, and also clogs up the pin at the bottom of the pod chamber.  I'd say about 1 out of every 5 or 6 pods has this problem.",0,0,2011-04-21,0.0
126282,B000F8GWRM,1,1253145600,Taste like the real thing but dont eat it!!,"I ate maybe 10 pieces and felt fine for about an hour and after that i had a stomach ache, cramps, gas and diaheria for a whole night and half a day. I thought it was just me even though ive had it before and it was fine, so i took it to work and warned everyone that they taste great but dont eat more than one or two and the girl is now in such severe pain, i know its not just me so if you had it before and it doesnt bother you great but its not for me darn it why cant the candy manufactors have this quality of snack sugar free snack, without having stomach cramps and the runs from something that taste so good! YOU HAVE BEEN WARNED!",8,11,2009-09-17,0.7272727272727273
385418,B005KRXJSS,5,1337472000,My favorite cooking & baking oil!,I've bought Hain's Safflower oil on many occasions in the store before & was delighted to find this great deal on Amazon for three bottles. Will take me through the summer for all my baking & cooking needs (Safflower oil is great for cake baking!).,3,3,2012-05-20,1.0
347860,B000ZT15EQ,4,1348012800,Delicious and healthy treat!,"I wouldn't call these almonds sweet, but they do have just the right hint of sweet flavor that the almond is elevated and feels like a treat.  The taste and texture of almonds doesn't particularly appeal to me, but they're such a healthy snack that I'm glad to find this delicious option.  Also, the small container is the perfect size to have on your desk or keep in the car, or use as stocking stuffers like I plan to do for a couple of my healthy eating conscious friends!",0,0,2012-09-19,0.0
393858,B003LSM98O,5,1316304000,As promised,Newman has another great product.  It is bold yet not bitter.  I make the large 12 oz cup size and will sometime add 4oz size with the same kcup to reheat my morning coffee.  One kcup goes a long way!,0,0,2011-09-18,0.0
149854,B006QG53Z4,2,1343347200,a little gummy,"This company has great stuff, but this bread is a little gummy.  It is really good toasted, however. Untoasted it is too thick for me...",0,1,2012-07-27,0.0
256063,B0025VQK42,3,1280880000,just not for cupcakes,"I have only one real issue with this cake mix: it doesn't make good cupcakes. I've made three separate batches (one with baking-approved margarine and two with regular butter) and the tops are flat, even indented, but run out onto the muffin pans. You have to cut circles around the top to get them out of the pan, and they just aren't attractive. Each time I've also gotten some crumbling when I've iced the tops, probably because of the light texture and the trauma from getting them out of the pan.<br /><br />I get compliments on the taste, and the texture is very light. This mix would probably be a fine cake for most uses. But if you want to make cupcakes, especially to decorate, pick another mix.",1,1,2010-08-04,1.0
117556,B0016B7Z32,5,1311897600,Alvita Senna Tea Bags,"I love this tea and drink it all the time. The taste is very nice and I do not even have to sweeten it or use lemon, as it has an almost sweet taste all it's own. I take alot of medicine and have much trouble with my bowels. When I drink 2 cups of your Senna tea I am opened up within 2 hours.<br />Thank you very much, I would not use that much laxative.<br /><br />Pat Kamadulski",2,2,2011-07-29,1.0
272560,B007OXJL0G,5,1328227200,Big Fan of this Blend,"I'm not a ****bucks regular, but when I do, it is the caramel machiatto for me.  I just can't resist it.  I was curious as to how close this would come to that favorite of mine.  My expectations were low, but this totally surprised me.  It has the smooth caramel taste with just a hint of the vanilla.  It's not overpowering at all.  Thoroughly enjoyable.<br /><br />Now, if they could just figure out how to get that whipped cream on the top, I'd really be a ""happy camper"".",0,0,2012-02-03,0.0
148659,B001OCBT3U,4,1255564800,Payday with a little something extra,"This product reminded me of nothing so much as a Payday bar--the candy bar that is essentially skinless peanuts embedded in a caramel core bar. The difference with this bar, and what makes it marginally a snack bar, is the addition of crisped rice to soften and texturize the chew just a bit. I found it to be tasty and satisfying, though the peanuts did not taste quite as fresh as I would have expected from a Planters-branded product. The ""Big Nut Bars"" name is obviously intended to appeal to young hungry men, and I'm sure it will satisfy.",0,0,2009-10-15,0.0
1534,B00116629A,4,1234742400,Good but way too expensive,"Good product and decent shipping. However, the price was $15.95 and I later found the same item in a local store for $6.95. What a gouge.",2,2,2009-02-16,1.0
360303,B000WVYB8Y,1,1282089600,Beware: 8 oz only!!!,"The weight of this product was not specified by the seller and the picture is too blurry to see the details. The product description says 10+ oz, but it's only shipping weight. The actual bottle you get is only 8 oz.<br /><br />I was very disappointed when the product arrived and saw the tiny little bottle. Won't purchase this item again.",11,24,2010-08-18,0.4583333333333333
550413,B001SAXPEO,1,1325894400,Kettle Brand Potato Chips - New York Cheddar,"Kettle Branch Potato Chips New York Cheddar:  These are good if you like kettle fried potato chips that are waaaay salty, on the burnt side, and taste rancid, either because the cheese flavoring or the oil it was fried in was already old.  I want to like this brand of chips and try their new and other flavors every now and then.  But, after having tried all sorts of other brands of kettle cooked chips, these just don't hit the spot for me.",2,2,2012-01-07,1.0
338869,B0000D9MR9,3,1135296000,Wrong items in Amazon's Description,"This is what you really get as per igourmet.com web site:<br /><br />Cheeses<br /><br />Paladin Blue from Germany (8 oz)<br /><br />Monte Veronese from Italy (8 oz)<br /><br />Camembert from France (9 oz)<br /><br />Red Leaf Cheddar (8 oz)<br /><br />Other<br /><br />Serrano Ham (3.5 oz)<br /><br />Tegole Italian Cookies (1.7 oz)<br /><br />Belgian Chocolates by Ovidias (4.4 oz)<br /><br />Les Trois Petit Cochon Mini Toasts (.9 oz)<br /><br />Jar of Canadian Mustard (250 ml)<br /><br />Jar of Grandma Jones' Pepper Jam (10.25 oz)<br /><br />I just received this today. I give Igourmet 10 stars! Amazon, 3. I had no way to track this package until I called Igourmet. Customer service is wonderful! I had used ""Expedited Shipping"" when I ordered on Sat. When I called Igourmet on Thur., wondering where my package was or how to track it, Customer Service was great. Because of the delay in shipping on Amazon's part, Igourmet added an extra meat, gift cert. & 10% off my next order. Which I will use, but through Igourmet.com<br /><br />The products themselves are wonderful. Very nice sizes, not ""sample sizes"".  Everything came chilled & the taste is so fresh & truely a ""least one time in your life"" indulgence.",5,5,2005-12-23,1.0
560513,B000CQID1K,5,1254960000,A PERFECT LOW CARB SNACK,"Slim Jim's<br /><br />I enjpoy Slim Jim's as a low carbohydrate snack.  I'm a diabetic so low carbs is a necessary way of life.<br /><br />I highly recommend these.<br /><br />Gunner, October, 2009",2,4,2009-10-08,0.5
522383,B002H05LVY,5,1295654400,Del Prado Juices are the Best,"I am from Panam&aacute; (PTY), so i was lucky enough to have this juice everyday in my lunch box and every morning 4 breakfast. The juice is DELICIOUS. You can know is high in pulp bc of its consistence/thickness.<br /><br />I have been living in the US for 12 years, and, unfortunately, I cant find it here.  Every time I go to PTY, I buy cases and cases to bring because my son also love it. Today I checked amazon, and I realized it is for sale here. So I hope you continue selling it.  I will let know my other Panamanians friends.  I am sure they will buy too. My mother wants Guayaba juice.<br /><br />Gracias por ofrecernos la oportunidad de comprar esto x ac&aacute;.  Sigue, por favor, vendiendo esto...<br /><br />Tambien tengo una tienda x ac&aacute; y ser&iacute;a bueno tenerlo en stock. as&iacute; que ser&iacute;a para uso personal y negocio.",0,0,2011-01-22,0.0
414674,B000F3Q8YE,2,1167177600,Mediocre at best...acceptable for the price.,"I started using Amazon groceries to order various healthy snacks directly sent to me in the office.  It has paid off enormously as I am in great shape eating lots of high energy food (low/ no sugar) throughout the day and this lets me a very light lunch.<br /><br />That being said I guess I was expecting more from these when I ordered them off of Amazon groceries.  The price was right but the biggest problem for these is that they are kind of tasteless.  You really need to eat them with something else.  The other major problem is that they come all broken and at best 20% of the crackers are intact.  You really end up eating the box as a ""cracker chips"".  Also the box has no clasps or folds so there is no way to actually close the thing which isn't exactly a bastion for freshness...<br /><br />Bottom Line:  They are alright and if your expectations are prepared before getting these you might be surprised.",3,3,2006-12-27,1.0
26412,B001JYVT60,4,1285372800,Awesome bones,My dogs beg for these treats every night after dinner.  I always make sure I have plenty of supply at hand.,1,1,2010-09-25,1.0
28345,B003JFN5M8,5,1319241600,Definitely purchase again,"Very nice buying from this merchant- first they sent the wrong item- a very similar item, when I let them know they were very apologetic and quick to send the right item. Great customer service, I will be buying from them again!",1,1,2011-10-22,1.0
525179,B000WLXMVQ,1,1309132800,Absolutely DISGUSTING! TOO SWEET!!,"I have to give it 1 star because they wont allow for any less... this ranch dressing is also waaaaaayyy too sweet, the chemical taste of the Splenda overtakes the taste of the actual product itself...I could never understand why they have to add soo much artificial sweetener to something such as a salad dressing, this is one of the five Walden's Calorie Free product I have tried and been VERY disappointed with... I was already taking my chances knowing it was sweetened with Splenda instead of Stevia but for God's sake why make it soo unpalatable?!  there are soo many alternatives out there and why kill it with soo much sweeterner?  My other reviews for these products may be around the same... but darn... I best just make my own dressing, might not be 100% calorie free but at least it will be consumable.  Why does RANCH need sugar?! WTF?  I have made ranch from scratch and never once did I add any sugar to it!  Also there is a dry chemical flavor that comes with this...  I am sooo lucky my healthfood store has a nice return policy because after tasting all these dressing products I could NOT use them and felt jipped because these aren't that cheap..",0,0,2011-06-27,0.0
239623,B002ZALJZI,4,1290038400,I love Mexican Spiced cocoa!,"This is a very good brand for Mexican Spiced Cocoa.  I have had better brands, but they are more expensive as well.  Mexican Spiced cocoa is soooo much better than traditional hot cocoa.",0,0,2010-11-18,0.0
141456,B0047RQ9M0,5,1295395200,Satisfied customer,Received this item in a timely manner.  Was what I expected. Gave as a Christmas gift.  Would purchase again.,1,2,2011-01-19,0.5
422735,B001BM4NAE,1,1235606400,No thanks,The first shipment was stale.  The second case was not as stale but stale nonetheless.  I'm not sure if it is staleness or just plain grossness.  I like other chips by Garden of Eatin'.  Will the birds eat them?  What do I do with all these chips?  Amazon was great about sending me a replacement when I complained about the first case.,9,10,2009-02-26,0.9
568446,B001EO7N10,5,1268006400,Five Spice Powder,"You can make this mix yourself, but the Star Anise is often difficult to find.  Usually I use this mix to make Oriental-style pork or chicken dishes, but today I added a little to some fish boiled with lemon juice and black pepper.  It was very good without being actually Oriental in overall impression.",2,2,2010-03-08,1.0
351738,B002EY5TTW,5,1313798400,Satisfied,I am very satisfied with this tuna.  I search the engine for tuna with low mercury and found this brand.,3,3,2011-08-20,1.0
231446,B005CA2N3K,5,1351123200,Organic Sprouting Seeds,"These came fresh, and sprout well for me. I am very pleased with them. They make a tasty and nutritious addition to our salads. As usual, Amazon delivery and postage was great with the super saving shipping option. All of the seeds I have ordered from Sprout House have given me great results so far.",0,0,2012-10-25,0.0
92572,B001AHJ2D8,4,1270944000,crunchy & delicious!,These are one of the most delicious & healthy chips I have purchased.,0,0,2010-04-11,0.0
458428,B0001VVCV4,5,1277251200,A Visit to the Peppermint Room,"Several years ago, I went on a tour of the Celestial Seasonings tea factory in Boulder, Colorado.  The guide showed us the bales of tea as they arrived, machines that ground and mixed the tea, and a machine that put the tea in tea bags.  The tour included a visit to the room where the peppermint tea was stored.  Our guide told us that peppermint was stored separately so that it would not contaminate the other teas.  He did not tell us what was to come.<br /><br />The doorway into the peppermint room was surrounded by bright red stripes. This should have served as a warning to us.  We all innocently strolled into the peppermint room.  The smell of peppermint was overpowering.  It entered my nose, my head, my lungs, and then my whole being was infused with peppermint.  What a rush!  The crowd stampeded out of the room in a hurry.  For the rest of the day and into the next, all I could smell and taste was the mint.<br /><br />I am now addicted to <a href=""http://www.amazon.com/gp/product/B000E63L8S"">Celestial Seasonings Peppermint Tea</a>.  Every time I have some, I am reminded of that fateful day in Boulder.  The events of that day have changed my life forever.  Amazingly, the tea is still legal, openly sold in stores and on the Internet.  I think that the tea is great, but then again I am not an unbiased observer.  On your next visit to Boulder, take the tour.  Or go a safer route; buy the tea from Amazon.",0,0,2010-06-23,0.0
41431,B000QUN7AO,5,1345939200,Excellent Product,"Due to health issues, I have a constant problem with constipation. Just one cup of this, each day, assists me in a 'natural way' (no strain/pain).<br /><br />This tea has a pleasant taste and I drink it with a small amount of honey. I've been using it, for over a year, and have had NO side-effects from it's use. I recommend this to anyone with occasional or daily problems with constipation.<br /><br />Also, ""Shopping"" the Amazon site, I was able to find this product at a price that was a lot cheaper than my local health food store.<br /><br /><a href=""http://www.amazon.com/gp/product/B008ORZOVQ"">Yogi Get Regular Soothing Mint -- 16 Tea Bags (Quantity of 5)</a>",0,0,2012-08-26,0.0
402629,B000MANI4S,5,1233792000,Delicious,Tastes great and is only 1 WW point!! I have to share with everyone in my office when I make it!,1,1,2009-02-05,1.0
102461,B0032BFAMM,5,1329004800,FAIR PRICE,This dog food pricing is getting out of hand and the manufacturer of the top quality dog food products are NOT offering many coupons or breaks on pricing. AMAZON is almost ten dollars cheaper and (to date) no taxes and as a PRIME MEMBER free delivery? No brainer and prompt service. Now if you guys could only come and cut my English Bulldog's nails!,0,0,2012-02-12,0.0
415351,B0012KH0H8,5,1339113600,Very effective for hairball maintenance,These treats really do work. Getting my cats to take Laxatone was impossible. They are a little oily so dont feed on something that might stain. Recommend several a day to prevent hairballs.,1,1,2012-06-08,1.0
405166,B000UVKX9C,5,1271980800,Favorite Flavor,"I have used Agave nectar for about a year. It sweetens, no aftertaste and it supposed to not have the impact on with Blood sugar levels like other sweeteners. I really like using it and was glad to find the flavored. This flavor is my favorite.",0,0,2010-04-23,0.0
64026,B000FPKXK2,1,1344643200,Gerber's fruits are cooked,"I've been giving my daughter Gerber fruits, veggies, and meat as everyday-meals since she was 6 months old, thinking that she's got enough vitamins and prebiotics. However, she developed digestive problem and chronic constipation; she almost stopped gaining weight since she was 9 months old. I took her to GI and she told me that those packed fruits are all cooked! And there are additives to keep them fresh for long period of time! I started to puree fruits and veggies using Vitamix, and only use Gerber fruits&veggies when we are out and about. Now, after half a year of probiotics and wholesome food, she's slowly getting better and opens her mouth to food.<br />Now, think about this: if you puree an apple and leave it alone for 5 minutes, it'll change color due to oxidation. So, how can Gerber's apple puree keep the same color for so long a time?",0,0,2012-08-11,0.0
546087,B001M2X55C,3,1345075200,"smells like cherry cough syrup, doesn't taste like it","When opening the bag, the smell was very strong of cherry cough syrup. Once brewed the smell it much lighter and not unpleasant. The flavor was ok, pleasant roobios flavor, however the cherry blossom part left something to be desired. Overall I am pretty ambivalent about this flavor and probably won't order it again. I have ordered other flavor teas from this company and enjoyed them very much. The <a href=""http://www.amazon.com/gp/product/B0060JNRJQ"">Tea's Etc 1000 Cranes White Tea, 8-Ounce</a>, for example, is spectacular.",1,1,2012-08-16,1.0
245629,B004OAZ36I,3,1341964800,Not all coffee,"I admit that I was in a hurry and didn't read the description or the reviews before I made my purchase. I have no issues with the assortment if coffees, but I got 6 ciders which I was not expecting and I don't drink. I went back and read the description and it said 24 coffees so I don't think that's an accurate description.",0,0,2012-07-11,0.0
86588,B000U9YQ6U,5,1257033600,Peachy Keen,This product arrived quickly and in good condition.  The flavor is definitely peach and I use it to flavor my tea.,3,3,2009-11-01,1.0
106409,B0036B8B0Q,5,1322956800,great healthy snack for the kids,Our kids just love these all natural fruit snacks. We would buy the regular fruit snacks in the store with all the sugar and the kids would bounce off the walls. These are so much better for them. With the subscribe and save program it is so nice to just have them shipped to the house.,0,0,2011-12-04,0.0
144816,B000FOOIUY,5,1283644800,excellent buy,"Just as seller described, arived on time, packaging unharmed, would definelty buy from this seller again.",0,0,2010-09-05,0.0
301928,B000MS05JG,5,1244937600,Great cocoa powder for a great price!,"This is very high quality cocoa powder, with high cocoa butter content.  It makes excellent hot chocolate, brownies, mochas, and frosting.<br /><br />It is not Dutch process, so it is suitable for most uses which do not explicitly call for Duch process cocoa.<br /><br />It ships in a durable and resealable plastic bag, and stays fresh and dry for months.",2,2,2009-06-14,1.0
442695,B001EQ4HIA,5,1261872000,Great Lemonade,This is great lemonade without the sugar.  We have used it for years and the price on Amazon was the lowest we could find.  Kraft has stopped producting it in this packaging so you may have to find it with a different look.,1,1,2009-12-27,1.0
227022,B007B9EMHK,2,1343174400,These really don't taste good,Previously I ordered the coconut Health Warrior Chia Bars and really enjoyed them.  These just don't taste very good unfortunately.,0,0,2012-07-25,0.0
505201,B00181S9OO,5,1285372800,Delicious...Helped me get off coffee,"I have tried many caffeine-free teas and this is by far my favorite. The black cherry flavor is very real but not candy-ish. This tea still has the ""teeth"" of coffee, and it has helped me break the morning coffee habit :-)",0,0,2010-09-25,0.0
182182,B000E63L7O,5,1343088000,Marvelous tea - use it in your Keurig too,"A wonderful brew, but I won't repeat what everyone else has said.  What I will say is if you use the 2 attached teabags in a Keurig (just put the 2 bags all by themselves in the same place you'd put a k-cup), you get a perfect cup of tea which is equal to the K-cups for 27.9 cents a cup vs. 68.9 cents per cup for the k-cup and just as easy.  Enjoy.",1,1,2012-07-24,1.0
67526,B005P0LXKQ,4,1337644800,nice package with good pollen,I think it was a good buy. I have nothing to compare to since i never bought bee pollen before. Im pretty sure its cheaper to buy them online though. Good product. smells good. tastes good.,2,2,2012-05-22,1.0
448653,B004ZWRA6G,5,1311206400,"Great Flavor, But Perhaps Not For Kids","I love the peppermint flavor of this gum.  I find that a piece lasts about 15 minutes before it has lost too much flavor to continue.  My sons, however, did not like the taste.  They described it as ""too spicy"" which for them means that the flavor is a little too intense.  I do find that the pieces are a little small for an adult mouth, though, so I have taken to popping two at a time.  As for the ""energy"" fron ginsing, et al, well, I would like to say that it is like a double espresso, but I really didn't notice any ""energy"" boost from this.  Nevertheless, it is a great tasting gum and worth it just for that.",0,0,2011-07-21,0.0
171579,B001HTRBPK,5,1346025600,Best of the Best,"I discovered Virgil's Special Edition about six years ago and haven't looked back. Their regular root beer is not quite as good as their special edition (but still tasty), so I always go for the special edition when I can find it. Virgil's black cherry creme is also exceptionally good.",0,0,2012-08-27,0.0
119194,B006B3PWLW,5,1340064000,Very Pleased,I purchased this tray as a Mother's Day gift and was very pleased with the product. It was large and there was plenty of fruit and nuts to share. The entire  family enjoyed it.,0,0,2012-06-19,0.0
310672,B000ORY230,5,1317945600,Great Tasting Vitamin for Kids of all Ages,My little boy has tried many a brand of vitamins and this is by far his favorite.  I will choose this brand again and not waste my money on vitamins that he refuses to eat!,0,0,2011-10-07,0.0
98578,B004GW6O9E,5,1319068800,Love Larabars!,"After a recommendation from my personal trainer, I tried Larabars for the first time.  She gave me a bar to try and I was hooked immediately.  I especially like the Cherry Pie flavor, but have also enjoyed all the other yummy flavors that I've sampled.  These bars are healthy, delicious,and ""habit-forming.""  What a convenient snack to carry!",0,1,2011-10-20,0.0
107167,B003TWTDN6,5,1325203200,Glorious Coconut Flavor,"I don't always drink flavored coffee, but when I do I want it really flavored. I purchased several brands and flavors of whole bean coffee for my wife for Christmas. This brand and flavor was by far the best. It was not just a coffee that smelled good...It tasted good! I would go as far to say it is the best Coconut Cream flavored coffee I have ever had.",0,0,2011-12-30,0.0
9154,B006N3IG4K,5,1327017600,Best darn coffee :),I love this coffee - it's one of my all time favorites - it has the best flavor and I like the light roast.<br /><br />EXCELLENT!!!!,0,0,2012-01-20,0.0
52433,B006FXWBL2,5,1342483200,Kernel Encore Jalapeno Popped Popcorn 1-Gallon,"This is the best Jalapeno Popcorn I have ever tasted. It arrived in great condition and packaged very securely. I am very happy with this purchase. The price was a bit high, but you can't beat the taste anywhere. it is delicious!!!",0,0,2012-07-17,0.0
220619,B002GUE5W6,5,1270857600,WOW....THESE ARE REALLY FANTASTIC!!!!,"Melt in your mouth.....wow you said it M and M's! These are fantastic, little morsels of heaven for anyone who appreciates coconut flavored anything! Next to Coconut patties by far our favorite candy.....wish they would start selling these in stores again!!!!!!! Hopefully this seller will keep them as long as possible because this was great shipping time and we really love this candy! Thank you so much!",0,0,2010-04-10,0.0
23758,B0013NUGDE,5,1351036800,great portion contolled snack,These are great to have around as a snack... it's ok to eat the whole bag!  My husband loves this bbq flavor.,0,0,2012-10-24,0.0
166155,B001CWV4RS,5,1198540800,A GREAT Tasting Pretzel!,These are the best tasting pretzels! I can not tell the difference between Glutino Pretzels and the regular pretzels made from wheat.,1,1,2007-12-25,1.0
472136,B001B1KH1Y,5,1281571200,"My Terro cheer...Let's hear it for Terro, Terro, TERRO!!!!","This is the third Terro product we've tried this year.  The first, <a href=""http://www.amazon.com/gp/product/B000HJBKMQ"">Terro 300 Pre-Filled Liquid Ant Killer II Baits, 6-Pack</a>, proved successful in enticing carpenter ants to eat its tasty poison. You can see inside the 6-pack bait, and can tell instantly if the ants have been eating it. All 6 of ours were emptied within a day or two of the ants discovering its goodness.  So, we ordered <a href=""http://www.amazon.com/gp/product/B000RNEVGY"">Terro 1800 3-Ounce Outdoor Pre-Filled Liquid Ant Baits, 3-Pack</a> and were a bit dismayed that we couldn't see inside; however, we're confident our carpenter ants like it too.  But, every day, my hubby would say, ""I don't like all these carpenter ants coming into the garage.""  So we ordered Terro ant-killer in powder form. It works a bit differently than the liquid baits. The powder bait kills on contact, is waterproof and lasts for 8 months. Once the ants know how bad it is, they stay away from it. We have no more carpenter ants coming into the garage. We then put it around our home's foundation, and sprinkled some onto/into our railroad ties that the ants had taken up residence in...well, at least that's how it looked to us. The only problem we have is trying to remember to step over the poison, otherwise we track it into the garage...then into our home.  yikes! We must remember to clean our shoes off!  If you have pets or young children, well, any kids that play around the house, you might want to be careful where you put this powder.<br /><br />I like Terro ant killer enough to cheer about it!",10,10,2010-08-12,1.0
560859,B003TNO7IG,5,1300492800,perfection in a squeeze,"how could one improve on marmite?  only by turning it upside down!  now i can doodle elaborate designs on my toast before playing the cromwell and smooshing them into oblivion.  or i can simply devour my creations as is, savoring that familiar marmite tang that is such a helpful alternative to honey or jam when one is trying to lose weight.<br />and true, i agree that winnie the pooh would simply hate marmite, but that's okay - all the more for me.",2,2,2011-03-19,1.0
425308,B005XZSR8E,5,1344297600,Great gift!,This is a great gift item for a great price. I was surprised to find a collector's edition item like this for such a low price.  It still had the Walmart exclusive sticker on it though.,0,0,2012-08-07,0.0
104055,B000FJEURA,5,1154217600,Delicate flavor,"I ate these as a kid (French mother...). The flavor is very delicate-and special. At the end, a little surprise is the anise seed inside! It's great for the sophisticated palate...",2,2,2006-07-30,1.0
223084,B000UUWECC,5,1236643200,Delicious and Nutritious,"If you're a fan of coconut flavor - like coconut sorbet, you'll love this stuff. It must be served cold - stick it in the fridge. Also shake it before drinking. But it is the most refreshing, delicious drink I have ever tasted. It's sweet and crisp. I drink it during workouts because it boosts electrolytes. It's only 60 calories per 11oz container and even has one gram of protein. And best of all it's a natural product - no added sugar or any of that. I'm a fan but you may want to try one before you buy a whole case to make sure you like it as much as I do.",3,3,2009-03-10,1.0
108840,B000EINWCQ,5,1221177600,Excellent palm-sugar soy sauce for marinating and grilling,"I use this as a marinade and basting sauce when grilling satay, steak, pork, salmon, and chicken.  Make an easy satay marinade by combining Mae Ploy brand Yellow Curry Paste ( high in lemon grass ), lime juice, creamy peanut butter, some sambal olek (or substitute red chili flakes), and a little canned coconut milk ( optional ).<br /><br />Friends that have tried it love it. I tell them I do not really think of it as a condiment, however, I sometimes pour in a small drizzle on rice or use as a dipping sauce.  It is a molasses-like combination of palm sugar and soy sauce. I always try to keep some in stock in my kitchen.",8,8,2008-09-12,1.0
209429,B002ULCBUY,4,1336780800,It was Okay,"When ordering this chocolate, I didn't necessarily expect to like it.  I love dark chocolate, but I had never had anything more than 75% dark chocolate.<br /><br />Let's just say that my first bite was horrible.  I thought I was eating bitter dirt.<br />The second bite was a little better.  I thought I was eating compacted Hershey's cocoa powder...<br />The third was even better.<br />So, it's definitely easily adaptable, but you might not like it on the first try.<br /><br />But, nonetheless, it was rich and smooth and worth the purchase (for the experience of trying it).<br />Next time, I think I'll just stick with 75-95%.",6,6,2012-05-12,1.0
149153,B001I43F9A,5,1269648000,From the Sea,"100% Raw Kelp Noodles are EXCELLENT! I use them to make the raw Pad Thai from <a href=""http://www.amazon.com/gp/product/0825305845"">Vegan Fusion World Cuisine: Healing Recipes and Timeless Wisdom from our Hearts to Yours</a> They don't need to be cooked. The best are the unusual green tea flavored ones. All they need is a good peanut sauce, fresh fruits and vegetables, and it's a filling feast. Kelp noodles, on the surface, sound icky and gross. They have the same texture as regular noodles; they're also good for people with gluten free diets. Kelp noodles are a taste delight from the sea!",20,20,2010-03-27,1.0
374477,B000GRBSXK,5,1230249600,Organic manicotti!!,"If you buy organic, then you will know how difficult it is to find out of the ordinary pastas, at least in my area. With an italian background, finding organic manicotti was such a treat! These pasta noodles are great tasting and long lasting. With a case of 12 it took some time to get through because I usually only make it for holidays or a special occasion. The last box was as great as the first. I found that the pasta shells  were pretty much whole maybe one or two in a couple of boxes were broken, but not unsalvageable(and that's out of a surprising 14 shells per box). I cook them for 4 minutes then remove them from the boiling water and place them in cool water. I use a sealable storage bag to stuff them by trimming about 3/4"" to 1"" off of one corner and gently squeezing the filling into the manicotti shell. Using plenty of sauce in the baking dish makes up for the short boiling time. They stay together and do not split while filling with this method. I highly recommend them to anyone who wants to make a special dish more healthy! Enjoy!",4,4,2008-12-26,1.0
306168,B003THQKXM,5,1318636800,Very tasty,"Great for on the go, I work in a job that I don't always got to eat lunch on time so grabbing a bar is a great way to eat. These are great, the only thing is that it comes in a 5 pack because 2 bars are in each pack. But it is still a great deal",0,0,2011-10-15,0.0
395442,B00016ATBS,5,1137196800,light cinnamon taste,It's a feel good tea.  When you need a little something different this light cinnamon taste and smell is so comfortable and enjoyable.  Sometimes adding a little milk and sugar is good and sometimes just plain is good.  Haven't tried it iced yet but I'm thinking in summer I will.  We recently switched to tea after noon...  replacing the afternoon pot of coffee.  Sometimes I like it so much I think I may give up coffee.  Will have to try the other varieties made by Tazo Chai... there is a wake up one that might completely replace my coffee.,6,6,2006-01-14,1.0
514825,B001EQ54H8,3,1252713600,Nice but overpriced,"House blend is a very nice all-around coffee, but with single pack retailing at around $8, and routinely found on sale at as low as $7, this offering seems to be overpriced by 20-30%.",13,16,2009-09-12,0.8125
226083,B001QWEL1U,5,1275436800,Best mini mints ever!,"Love these!! The perfect size mint, in the awesome Altoids Tin.  I use these for dry mouth.  And since their sugar free, no calories to worry about. A+",0,0,2010-06-02,0.0
327553,B0017I96LI,2,1300147200,"Dried Organic Apple ""Crumbs""",I've opened three of the bags so far - these are tiny dried bits / crumbs of brown color dried apple.  The taste is alright - not as good as some of the other brands purchased locally.  They certainly didn't look anything like the photo on the bag (that is a photo - not a clear window).  Would not order again.  I will donate balance of bags to local food bank - hopefully someone will enjoy these more than I did.,0,0,2011-03-15,0.0
441365,B000V9CLH0,5,1294704000,Best candy bar!,This is the best candy bar ever which is rarely found in stores anymore. Don't pass out the opportunity and distribute freely to those who enjoy chocolate.<br /><br />Cheers,1,1,2011-01-11,1.0
524828,B0005YN6VG,1,1317254400,Not what I had hoped for.,I was looking for a alternative to YooHoo chocolate drinks. Something with no sugar in it. Sadly these are not a suitable alternative. They taste like lightly chocolate flavored water with lots of carbonation. To put it bluntly I thought they were pretty horrible.,0,1,2011-09-29,0.0
545095,B003SWCYX8,5,1347840000,"Ghirardelli Chocolate Squares, Peppermint Bark","I absolutely love Ghirardelli Chocolates Squares and the Peppermint Bark is awesome, I cry after Christmas when they are not available in the stores. Thanks this special offer, made my day!",0,0,2012-09-17,0.0
313506,B000ETXODC,5,1262044800,more than I thought,"Came on time, and was more than I expected!  There are twelve, 5-ounce Flipz bags in this package. They're sooo good though, so I ended up almost eating all of them by myself",0,0,2009-12-29,0.0
132914,B004HJPB3G,5,1297382400,love it!,"This is wonderful honey!  A jar of honey normally lasts our family for 6 months, but this jar was gone in a week!  The texture and flavor is terrific!  Thanks honey republic!",0,0,2011-02-11,0.0
502411,B0083T5TAQ,5,1341792000,Good deal and good selection of coffee,This was not only a good deal but also a great variety of coffee flavors.  You get about 8 or 9 different flavors with anywhere from 3 to 5 of each.  The ones we've tried are great and the others sound tasty too.,0,0,2012-07-09,0.0
468887,B0013Z40U2,5,1214265600,So addicted!,I absolutely LOVE these! I'm on my third box.  They taste great and have 9 grams of dietary fiber and only 150 calories.  A great mid-morning or afternoon snack!,0,0,2008-06-24,0.0
501233,B002F4XTAC,5,1308009600,Great summer treat,"I bought these for an easy to grab treat for summer outings. My girls don't usually love animal crackers, but they love these!",0,0,2011-06-14,0.0
76338,B001HTKOWC,4,1207699200,Great Tea,"I recently dropped coffee for tea. I bought some Moroccan mint to compliment my Stash double bergamot. The Moroccan mint wasn't exactly what I thought it would be. It tastes almost exactly like spearmint. It isn't very strong either. I guess I like super strong teas (being a black coffee drinker). Either way, it is a great tea. Definitely recommend it.",0,0,2008-04-09,0.0
445017,B002ANCEI6,5,1278201600,Fantastic Food for Good Cat Health,"The pet food industry can be one of the most infuriating as you start doing research and discovering what trash manufacturers (and the vets who get paid off by the manufacturers) push onto the unsuspecting public. For reference, don't ask your vet - do some Internet research at sites like, for example, [...]. What you'll find is that even the supposed ""high-end"" lines from basically every major supermarket label are horrible for your fuzzy friends. People who trust the marketing or trust their vets overpay and feed their cats foods that are full of carcinogens, cheap ingredients that are inappropriate for a cat's digestive system, and byproducts that provide nothing of value and are basically a way to make cheap profit off of literal garbage. It's a tragedy, as these same cats end up with shorter lifespans, kidney problems, UTIs, cancer, and a host of other issues, all of which could have been avoided by a high quality food.<br /><br />This is an A-Grade food. What you'll find here is very high protein content, many meat meals, potatoes, salmon oil, flax seed, and no grains, which is great as a cat is not an omnivore, it's a carnivore, and it simply does not need grains. It has 50 percent protein, which is among the highest you'll see in cat food. The first 4 ingredients are all meats.<br /><br />What you will NOT find here is the kind of junk you'll see in things like Purina One and Science Diet - byproducts (aka beaks, feathers, bird feet), brewers rice (aka the waste product from making beer), wheat flour (a leading cause of pet allergies), corn gluten (a cheap waste of space), and things like ""liver flavor"" (because they don't want to pay for the real thing). I didn't just pull those ingredients out of the air - I was reading the ingredients list of Purina One. It's pathetic.<br /><br />Don't feed your cats trash. Pay a little more to feed them good food now, and they'll lead longer, healthier, more satisfied lives as a result. It's worth it.",8,10,2010-07-04,0.8
195807,B006N3I29E,5,1334534400,Great Cup of Coffee,This breakfast blend is just the right strength for my morning cup of coffee.  I drink it black and it is wonderful. I also ordered this in the decaf and it's just as good...can't tell the difference in the decaf and regular roast.,0,0,2012-04-16,0.0
400304,B000ES1R28,5,1308787200,Great tea,"Another good variety from this brand. My favorites are Vanilla for the morning, Apricot and Passion Fruit later in the day.",0,0,2011-06-23,0.0
96209,B004HOLD4W,5,1239667200,I LOVE this stuff,"I'd been buying it for years WHEN I COULD FIND IT, at the local grocery. Generally buying 5 or 6 cans cause I couldn't be sure it would be there next time I went. As such, I was thrilled to see Amazon selling it in bulk and cheaper than at my local store.<br /><br />These are almonds... so you get the health benefits of that. They are very tasty, with a mild wasabi tang... I've shared them with friends and they love them.<br /><br />Granted, these don't provide the entertainment value of the wasabi peas from the Japanese place that blow out your sinuses. But Its still a very tasty, semi healthy (lots of salt), snack that fills my need for something crunchy.<br /><br />MUCH healthier than potato chips.",12,12,2009-04-14,1.0
375016,B0009W7L3S,5,1257811200,Flawless!,"good quality chocolate, Good quality gummy bears. these are the best chocolate gummy bears I've ever had. nothing more needs to be said.",1,1,2009-11-10,1.0
426151,B000ODRYB6,4,1218672000,Nice and light,"Most bottled salad dressings don't appeal much to me. But Wish Bone Spritzers fill a niche in a unique way. Sometimes, especially with garden fresh  veggies, we don't want the dressing to overpower the amazing flavors of the just picked salad ingredients. With these spritzers, you can add a light mist of dressing that enhances rather than obscures. Light on calories and fats, too, because you use so little. Mmmmm!",3,3,2008-08-14,1.0
219101,B004X4RVNI,1,1339545600,Great product; horrible price,"Minute Maid 100% juice is a good product compared to others out there that have a lot more sugar.  The price, however, is at least double what I can find it for in stores.",4,6,2012-06-13,0.6666666666666666
209654,B000S4CX6C,5,1323734400,Bester Senf in der Welt!,"There's nothing like Bavarian sweet mustard. Nothing.<br />The king of 'em all is a brand called ""Handlmaier's"", but this one is very close to it.<br />You put it on any sausage, any cold cuts (excellent in sandwiches!), basically any meat - and it's a different world of taste. You either love it or hate it. For me, I'm willing to pay the 40 bucks plus 9 bucks shipping for a couple of small tubes of this stuff. I drive across town to every WorldMarket in the city to get this mustard in jars (only to find out they don't carry that product anymore). When a tube is empty, I will put the opening in my mouth and squeeze the last drop out of it. Then cry.<br />It looks like even Amazon stopped selling most Bavarian mustards so this kind is the last one standing. Buy now or I will.",1,1,2011-12-13,1.0
124077,B0030O6KWU,4,1325635200,Yum,"Great pralines. I expected them sooner though. Ordered them because they're ""Baked fresh for each order"" but didn't get them in the mail until maybe two weeks later, so they weren't any fresher than any competitors.",1,1,2012-01-04,1.0
244166,B0053T153E,3,1308700800,USA made!,"These Barksters by Loving Pet are the the only product on their line that is made in the USA. My dogs loved the Loving Pet Sticks but when I read they were made in China, I threw them away and refuse to buy Loving Pet's many other products until they are made in the US. As for these Barksters, they are made with only four ingredients and all are healthy ingredients. All of my picky Chihuahua's love the treats, or I should say they loved the crumbs. I rated these healthy treats 3 stars instead of 4 stars because the crisps were all broken up and were in crumbs.",2,2,2011-06-22,1.0
171392,B000WFORH0,5,1298592000,Objective & Subjective (from a particular buyer),"This review is for the 24 pack of 3 Oz. cans of the Wellness Brand Cat Food.<br /><br />Objectively speaking...<br />The cans are easy to ope and they have consistently arrived in excellent condition.  There are 24 cans at 3 oz. each.  That's all I can really say objectively about cat food.<br /><br />Subjectively speaking...<br />I could not believe the difference in my cats after switching to a canned cat food from dry food.  My cats are 15 and 16 years old.  They are healthy indoor cats who are still active and playful with no real health problems aside from my 16 year old cat having minor diabetes.  I had been feeding a high priced prescription (vet recommended) dry food for the last 2 years only to have my 15 year old cat begin getting sick and regurgitating his food on a weekly basis.  I took my cat to the vet repeatedly asking why this might be a problem.  The vet simply told me that the cat may be a little under the weather or it was hairball related...which before had not been an issue.  After a conversation with a friend in Dec 2010 they emphatically recommended canned cat food.  I decided to do some research and was I glad that I did.  My cats have been eating canned food for 2 months now and here are the changes I've noticed.  My cat who was throwing up 2-4 times a week has only done so 4 times in 2 months (and I think that was because he was biting at some straw that I didn't know about), their fur is ridiculously softer...like I just spent an hour brushing them, now it feels that way all the time.  And although my cats are not prone to hairballs, my medium haired cat would get them on occasion and he has had only 1 very small one in 2 months as opposed to the weekly ones I'd find in the house.  They have more energy and they just seem happier in how they interact and the littler box has less to be cleaned up and quite frankly it smells less offensive than it did before.  Don't get me wrong...cat boxes smell but I've been told (and now I feel I can attest to this) that dry food would dehydrate a cat and it would enter a system and absorb odors from the body and carry them out into the cat box to amplify the foul odors.  Actual cat food like the Wellness brand (not many brands are grain or rice free)  gets more fully digested by the cat and does not contain grains and rices and other fillers that are expelled with the body.  I must say that I felt the fool not having taken more time to learn about the diet possibilities of my cats.<br /><br />I will note that I also use the Wellness dry food (about 1/4 to 1/2 cup out each night) for my 2 cats to eat between their canned meals.  This is also to keep them used to eating a little dry food in case I am in a situation where I cannot provide their can in the morning and night.  For your reference I feed my cats each 1/2 a can in the morning and 1/2 in the evening (so 2 cans total daily).  I am going to switch to the 12 oz cans though because they are much cheaper, you nearly double your canned food for the same price, I'm just going to buy a resealable lid and scoop out what is needed.<br /><br />And as a side note, my cats eat most of the food when I leave it out but they do not finish it all.  I do leave the food out for them to finish up which they usually do within 1-3 hours.  Some people say you should never do this, some say they will leave it out all day...in my experience over the 2 months I have noticed no mold, illness or rejection of this food being left out for a few hours for my cats.  The longest I've seen food remain in the is at the 7 hour mark and still, it was finished with no negative behaviors or effects noticed in either of my animals.<br /><br />I hope this review helps you and please be aware specifically of what goes into certain brands.  There are cheaper canned foods but they are not as good as this brand.  I've checked and tried a few.  This one is really different.  There are a few websites which explain the health benefits more precisely and if you won't take my word for it on this brand see for yourself.  Also, the cost is well worth the response you will get from your cat and when measured against prescription dry food it really hasn't been much different and the 12 oz sizes will make it even more affordable.  Be good to yourself and your pets!",5,5,2011-02-25,1.0
436932,B000E8WI12,5,1331596800,Drink like Royal-Tea!,This tastes great and is a good value.  yerba mate gives you a great replacement to your morning cup of coffee.and its flavored/sweetened with Stevia-so ok for diabetics and those watching artificial sweeteners,0,0,2012-03-13,0.0
389082,B000I63LZW,3,1285891200,Delicious but not very satisfying,"Delicious but not very filling or satisfying no doubt due to the fact it's mostly air.  Incidentally, it's my wife's favorite.",0,1,2010-10-01,0.0
454711,B001II480G,5,1337644800,Bacon salt review,I purchased this product for my wife who had previously tried one of the varieties.  Upon receipt of the shipment (in very short order) she began to put the product to use and we have both been very pleased with the flavor and depth it adds to some of our favorite dishes.  We heartily recommend this product for anyone wishing to add an extra dimension to their cooking.,0,0,2012-05-22,0.0
